{
  "type": "minecraft:chest",
  "pools": [
    {
      "rolls": {
        "min": 3,
        "max": 5
      },
      "bonus_rolls": 1,
      "entries": [
        {
          "type": "minecraft:item",
          "name": "minecraft:slime_ball",
          "weight": 4
        },
        {
          "type": "minecraft:item",
          "name": "minecraft:slime_block",
          "weight": 3
        },
        {
          "type": "minecraft:item",
          "name": "minecraft:scute",
          "weight": 1
        },
        {
          "type": "minecraft:item",
          "name": "minecraft:lime_dye",
          "weight": 2
        },
        {
          "type": "minecraft:item",
          "name": "minecraft:emerald"
        },
        {
          "type": "minecraft:item",
          "name": "minecraft:experience_bottle"
        }
      ],
      "functions": [
        {
          "function": "minecraft:set_count",
          "count": {
            "min": 5,
            "max": 10
          }
        }
      ]
    },
    {
      "rolls": 0.5,
      "bonus_rolls": {
        "min": 0,
        "max": 1
      },
      "entries": [
        {
          "type": "minecraft:item",
          "name": "minecraft:turtle_helmet",
          "functions": [
            {
              "function": "minecraft:enchant_randomly"
            },
            {
              "function": "minecraft:enchant_randomly"
            },
            {
              "function": "minecraft:enchant_randomly"
            }
          ]
        }
      ]
    },
    {
      "rolls": 1,
      "entries": [
        {
          "type": "minecraft:item",
          "name": "minecraft:leather_helmet"
        },
        {
          "type": "minecraft:item",
          "name": "minecraft:leather_chestplate"
        },
        {
          "type": "minecraft:item",
          "name": "minecraft:leather_leggings"
        },
        {
          "type": "minecraft:item",
          "name": "minecraft:leather_boots"
        }
      ],
      "functions": [
        {
          "function": "minecraft:enchant_randomly"
        },
        {
          "function": "minecraft:enchant_randomly"
        },
        {
          "function": "minecraft:enchant_randomly"
        }
      ]
    },
    {
      "rolls": 1,
      "entries": [
        {
          "type": "minecraft:item",
          "name": "minecraft:splash_potion",
          "functions": []
        }
      ],
      "functions": [
        {
          "function": "minecraft:set_potion",
          "id": "minecraft:strong_leaping"
        }
      ]
    }
  ],
  "functions": []
}