{
    "powers":[
        "mystbound-origins:extras/dash_headbutt",
        "mystbound-origins:hobbit-origin/green-thumb",
        "mystbound-origins:extras/natural-prey",
        "mystbound-origins:herbivore-origin/flight-response",
        "mystbound-origins:herbivore-origin/prey-life",
        "mystbound-origins:diets/herbivore",
        "mystbound-origins:herbivore-origin/hardy",
        "mystbound-origins:herbivore-origin/natural_sprinter",
        "mystbound-origins:herbivore-origin/pure"
    ],
    "icon":"minecraft:wheat",
        "loading_priority":1,
        "impact":2,
        "name":"Herbivore Beastfolk",
        "description": "You are an herbivorous beastfolk"
}