{
    "powers":[
        "mystbound-origins:omnivore-origin/thick-blood",
        "mystbound-origins:omnivore-origin/tough-hide",
        "mystbound-origins:extras/beast-smell",
        "mystbound-origins:omnivore-origin/hefty-hunger",
        "mystbound-origins:omnivore-origin/quick-cooling-skin",
        "mystbound-origins:omnivore-origin/stout-n-solid",
        "mystbound-origins:omnivore-origin/hunger_weakness"
    ],
    "icon":"alexsmobs:kangaroo_burger",
        "loading_priority":1,
        "impact":2,
        "name":"Omnivore Beastfolk",
        "description": "You are an omnivorous beastfolk"
}