{
	"powers":[
		"mystbound-origins:undine-origin/amphibious",
		"mystbound-origins:undine-origin/water_vision",
		"origins:aquatic",
		"origins:like_water",
		"mystbound-origins:undine-origin/aquaticbound",
		"mystbound-origins:undine-origin/aquaticbody",
		"mystbound-origins:undine-origin/oceanblood",
		"mystbound-origins:undine-origin/coldwater-comforts",
		"mystbound-origins:undine-origin/freeze-ray",
		"mystbound-origins:diets/pescatarian",
		"mystbound-origins:extras/cold_immune"
		],
	"icon":"ars_nouveau:water_essence",
	"loading_priority":1,
	"impact":1,
	"name":"Undine",
	"description":"The very essence of mana and water taken form."
}