{
    "powers":[
        "mystbound-origins:warforged-origin/conductive",
        "mystbound-origins:warforged-origin/construct",
        "mystbound-origins:warforged-origin/heat-resistance",
        "mystbound-origins:warforged-origin/heavy",
        "mystbound-origins:warforged-origin/huge-frame",
        "mystbound-origins:warforged-origin/inorganic",
        "mystbound-origins:warforged-origin/inorganic2",
        "mystbound-origins:warforged-origin/iron-shell",
        "mystbound-origins:warforged-origin/lava-fueled",
        "mystbound-origins:warforged-origin/long-arms",
        "mystbound-origins:warforged-origin/overheated",
        "mystbound-origins:warforged-origin/right-to-repair",
        "mystbound-origins:warforged-origin/right-to-repair-nugget",
        "mystbound-origins:warforged-origin/right-to-repair-ingot",
        "mystbound-origins:warforged-origin/right-to-repair-block",
        "mystbound-origins:warforged-origin/rust",
        "mystbound-origins:warforged-origin/strong",
        "mystbound-origins:warforged-origin/villagerdiscountbetter",
        "mystbound-origins:warforged-origin/yeet",
        "mystbound-origins:warforged-origin/metal-evolve",
        "mystbound-origins:warforged-origin/metal-evolve-display",

        "mystbound-origins:warforged-origin/timers/timer-counters/lava-countdown",
        "mystbound-origins:warforged-origin/timers/timer-counters/rust-countdown",
        "mystbound-origins:warforged-origin/timers/timer-setters/rust-set",
        "mystbound-origins:warforged-origin/timers/timer-resources/lava-timer",
        "mystbound-origins:warforged-origin/timers/timer-resources/rust-timer",
        "mystbound-origins:warforged-origin/timers/timer-counters/overheat-countdown",
        "mystbound-origins:warforged-origin/timers/timer-setters/overheat-set",
        "mystbound-origins:warforged-origin/timers/timer-resources/overheat-timer"
    ],
    "icon":"minecraft:blast_furnace",
        "loading_priority":1,
        "impact":3,
        "name":"Warforged",
        "description": "Congrats you a Iron Golem"
}