{
  "parent": "morevillagers:root",
  "display": {
    "icon": {
      "item": "minecraft:emerald"
    },
    "title": {
      "translate": "advancements.first_trade.title"
    },
    "description": {
      "translate": "advancements.first_trade.description"
    },
    "frame": "task",
    "show_toast": true,
    "announce_to_chat": false,
    "hidden": false
  },
  "criteria": {
    "villagertrade": {
      "trigger": "minecraft:villager_trade"
    }
  },
  "rewards": {
    "experience": 20
  }
}