{
  "parent": "morevillagers:root",
  "display": {
    "icon": {
      "item": "minecraft:map"
    },
    "title": {
      "translate": "advancements.first_village.title"
    },
    "description": {
      "translate": "advancements.first_village.description"
    },
    "frame": "task",
    "show_toast": true,
    "announce_to_chat": false,
    "hidden": false
  },
  "criteria": {
    "plains": {
      "trigger": "minecraft:location",
      "conditions": {
        "player": [
          {
            "condition": "minecraft:entity_properties",
            "entity": "this",
            "predicate": {
              "location": {
                "structure": "minecraft:village_plains"
              }
            }
          }
        ]
      }
    },
    "desert": {
      "trigger": "minecraft:location",
      "conditions": {
        "player": [
          {
            "condition": "minecraft:entity_properties",
            "entity": "this",
            "predicate": {
              "location": {
                "structure": "minecraft:village_desert"
              }
            }
          }
        ]
      }
    },
    "savanna": {
      "trigger": "minecraft:location",
      "conditions": {
        "player": [
          {
            "condition": "minecraft:entity_properties",
            "entity": "this",
            "predicate": {
              "location": {
                "structure": "minecraft:village_savanna"
              }
            }
          }
        ]
      }
    },
    "snowy": {
      "trigger": "minecraft:location",
      "conditions": {
        "player": [
          {
            "condition": "minecraft:entity_properties",
            "entity": "this",
            "predicate": {
              "location": {
                "structure": "minecraft:village_snowy"
              }
            }
          }
        ]
      }
    },
    "taiga": {
      "trigger": "minecraft:location",
      "conditions": {
        "player": [
          {
            "condition": "minecraft:entity_properties",
            "entity": "this",
            "predicate": {
              "location": {
                "structure": "minecraft:village_taiga"
              }
            }
          }
        ]
      }
    }
  },
  "requirements": [
    [
      "plains",
      "desert",
      "savanna",
      "snowy",
      "taiga"
    ]
  ],
  "rewards": {
    "experience": 25
  }
}