{
  "replace": true,
  "pools": [
    {
      "rolls": 1,
      "bonus_rolls": 0,
      "entries": [
        {
          "type": "minecraft:item",
          "weight": 150,
          "name": "spelunkery:magma_pebble"
        },
        {
          "type": "minecraft:item",
          "weight": 200,
          "name": "spelunkery:netherrack_pebble"
        },
        {
          "type": "minecraft:item",
          "weight": 10,
          "name": "minecraft:magma_cube_spawn_egg",
          "conditions": [
            {
              "condition": "minecraft:any_of",
              "terms": [
                {
                  "condition": "minecraft:location_check",
                  "predicate": {
                    "biome": "minecraft:nether_wastes"
                  }
                },
                {
                  "condition": "minecraft:location_check",
                  "predicate": {
                    "biome": "minecraft:basalt_deltas"
                  }
                }
              ]
            }
          ]
        },
        {
          "type": "minecraft:item",
          "weight": 100,
          "name": "spelunkery:blackstone_pebble",
          "conditions": [
            {
              "condition": "minecraft:any_of",
              "terms": [
                {
                  "condition": "minecraft:location_check",
                  "predicate": {
                    "biome": "minecraft:nether_wastes"
                  }
                },
                {
                  "condition": "minecraft:location_check",
                  "predicate": {
                    "biome": "minecraft:basalt_deltas"
                  }
                }
              ]
            }
          ]
        },
        {
          "type": "minecraft:item",
          "weight": 1,
          "name": "minecraft:wither_skeleton_skull",
          "conditions": [
            {
              "condition": "minecraft:any_of",
              "terms": [
                {
                  "condition": "minecraft:location_check",
                  "predicate": {
                    "structure": "minecraft:fortress"
                  }
                }
              ]
            }
          ]
        }
      ]
    }
  ]
}
