{
  "type": "origins:burn",
  "interval": 20,
  "burn_duration": 6,
  "condition": {
    "type": "origins:and",
    "conditions": [
      {
        "type": "origins:exposed_to_sun"
      },
      {
        "type": "origins:equipped_item",
        "equipment_slot": "head",
		"item_condition": {
    "type": "origins:armor_value",
    "comparison": ">",
    "compare_to": 0
		},
        "inverted": true
      }
    ]
  },
  "name": "Photoallergic",
  "description": "You will burn in the sunlight, unless you are wearing a helmet. The sun will slowly wear down your helmet, however."
}