{
	"type": "origins:action_over_time",
	"entity_action": {
    "type": "origins:equipped_item_action",
    "equipment_slot": "head",
    "action": {
        "type": "origins:damage",
        "amount": 1
    }
},
"interval": 1200,
"condition": {
	"type": "origins:and",
	"conditions": [
	{
        "type": "origins:exposed_to_sun"
      },
      {
        "type": "origins:equipped_item",
        "equipment_slot": "head",
		"item_condition": {
    "type": "origins:armor_value",
    "comparison": ">",
    "compare_to": 0
}
      }
    ]
  },
  "hidden": true
}