{
    "type": "origins:active_self",
    "loading_priority": 10,
    "entity_action": {
        "type": "origins:execute_command",
        
        "command": "cast @p heartstop",
        "permission_level": 4
    },
    "cooldown":300,
    "hud_render": {
        "should_render":true,
        "sprite_location":"origins:textures/gui/community/spiderkolo/resource_bar_01.png",
        "bar_index":6,
        "condition": {
            "type":"origins:power_active",
            "power":"mystbound-origins:revenant-origin/last-stand"
        }
    },
    "key": {
        "key": "key.origins.secondary_active"
    },
    "name":"Last Stand",
    "description":"Once every 5 minutes you may suspend all damage taken for a few seconds"
    
}