{
 "type": "origins:multiple",
"slash":{
    "type": "origins:active_self",
    "loading_priority": 10,
    "entity_action": {
        "type": "origins:execute_command",
        "command": "cast @p blood_slash 2",
        "permission_level": 4
    }
    },
"lesser_strength":{
    "type": "origins:active_self",
    "loading_priority": 11,
    "entity_action": {
        "type": "origins:execute_command",
        "command": "effect give @p tipsylib:lesser_strength 10",
        "permission_level": 4
    }
    },    
    "cooldown":800,
    "hud_render": {
        "should_render":true,
        "sprite_location":"origins:textures/gui/community/spiderkolo/resource_bar_01.png",
        "bar_index":6,
        "condition": {
            "type":"origins:power_active",
            "power":"mystbound-origins:revenant-origin/last-stand"
        }
    },
    "key": {
        "key": "key.origins.secondary_active"
    },
    "name":"Sanguine Self",
    "description":"You lash out with an slash of blood and gain lesser strength"
    
}