{
    "hidden": true,
    "name": "Silver Weakness",
    "description": "While this won't be seen, this is the part of Tainted Resilience that makes you weak to the damage of Smite.",
    "type": "origins:multiple",
    "silver_ahlspiess": {
        "type": "origins:modify_damage_taken",
        "damage_condition": {
            "type": "origins:attacker",
            "entity_condition": {
                "type": "origins:equipped_item",
                "equipment_slot": "mainhand",
                "item_condition": {
                    "type": "origins:ingredient",
                    "ingredient": {
                        "item": "magistuarmory:silver_ahlspiess"
                    }
                }
            }
        },
        "modifier": {
            "name": "Silver Weakness",
            "operation": "addition",
            "value": 2.5
        }
    },
    "silver_bastardsword": {
        "type": "origins:modify_damage_taken",
        "damage_condition": {
            "type": "origins:attacker",
            "entity_condition": {
                "type": "origins:equipped_item",
                "equipment_slot": "mainhand",
                "item_condition": {
                    "type": "origins:ingredient",
                    "ingredient": {
                        "item": "magistuarmory:silver_bastardsword"
                    }
                }
            }
        },
        "modifier": {
            "name": "Silver Weakness",
            "operation": "addition",
            "value": 2.5
        }
    },
    "silver_chainmorgenstern": {
        "type": "origins:modify_damage_taken",
        "damage_condition": {
            "type": "origins:attacker",
            "entity_condition": {
                "type": "origins:equipped_item",
                "equipment_slot": "mainhand",
                "item_condition": {
                    "type": "origins:ingredient",
                    "ingredient": {
                        "item": "magistuarmory:silver_chainmorgenstern"
                    }
                }
            }
        },
        "modifier": {
            "name": "Silver Weakness",
            "operation": "addition",
            "value": 2.5
        }
    },
    "silver_chivalrylance": {
        "type": "origins:modify_damage_taken",
        "damage_condition": {
            "type": "origins:attacker",
            "entity_condition": {
                "type": "origins:equipped_item",
                "equipment_slot": "mainhand",
                "item_condition": {
                    "type": "origins:ingredient",
                    "ingredient": {
                        "item": "magistuarmory:silver_chivalrylance"
                    }
                }
            }
        },
        "modifier": {
            "name": "Silver Weakness",
            "operation": "addition",
            "value": 2.5
        }
    },
    "silver_claymore": {
        "type": "origins:modify_damage_taken",
        "damage_condition": {
            "type": "origins:attacker",
            "entity_condition": {
                "type": "origins:equipped_item",
                "equipment_slot": "mainhand",
                "item_condition": {
                    "type": "origins:ingredient",
                    "ingredient": {
                        "item": "magistuarmory:silver_claymore"
                    }
                }
            }
        },
        "modifier": {
            "name": "Silver Weakness",
            "operation": "addition",
            "value": 2.5
        }
    },
    "silver_concavehalberd": {
        "type": "origins:modify_damage_taken",
        "damage_condition": {
            "type": "origins:attacker",
            "entity_condition": {
                "type": "origins:equipped_item",
                "equipment_slot": "mainhand",
                "item_condition": {
                    "type": "origins:ingredient",
                    "ingredient": {
                        "item": "magistuarmory:silver_concavehalberd"
                    }
                }
            }
        },
        "modifier": {
            "name": "Silver Weakness",
            "operation": "addition",
            "value": 2.5
        }
    },
    "silver_estoc": {
        "type": "origins:modify_damage_taken",
        "damage_condition": {
            "type": "origins:attacker",
            "entity_condition": {
                "type": "origins:equipped_item",
                "equipment_slot": "mainhand",
                "item_condition": {
                    "type": "origins:ingredient",
                    "ingredient": {
                        "item": "magistuarmory:silver_estoc"
                    }
                }
            }
        },
        "modifier": {
            "name": "Silver Weakness",
            "operation": "addition",
            "value": 2.5
        }
    },
    "silver_flamebladedsword": {
        "type": "origins:modify_damage_taken",
        "damage_condition": {
            "type": "origins:attacker",
            "entity_condition": {
                "type": "origins:equipped_item",
                "equipment_slot": "mainhand",
                "item_condition": {
                    "type": "origins:ingredient",
                    "ingredient": {
                        "item": "magistuarmory:silver_flamebladedsword"
                    }
                }
            }
        },
        "modifier": {
            "name": "Silver Weakness",
            "operation": "addition",
            "value": 2.5
        }
    },
    "silver_guisarme": {
        "type": "origins:modify_damage_taken",
        "damage_condition": {
            "type": "origins:attacker",
            "entity_condition": {
                "type": "origins:equipped_item",
                "equipment_slot": "mainhand",
                "item_condition": {
                    "type": "origins:ingredient",
                    "ingredient": {
                        "item": "magistuarmory:silver_guisarme"
                    }
                }
            }
        },
        "modifier": {
            "name": "Silver Weakness",
            "operation": "addition",
            "value": 2.5
        }
    },
    "silver_heavymace": {
        "type": "origins:modify_damage_taken",
        "damage_condition": {
            "type": "origins:attacker",
            "entity_condition": {
                "type": "origins:equipped_item",
                "equipment_slot": "mainhand",
                "item_condition": {
                    "type": "origins:ingredient",
                    "ingredient": {
                        "item": "magistuarmory:silver_heavymace"
                    }
                }
            }
        },
        "modifier": {
            "name": "Silver Weakness",
            "operation": "addition",
            "value": 2.5
        }
    },
    "silver_heavywarhammer": {
        "type": "origins:modify_damage_taken",
        "damage_condition": {
            "type": "origins:attacker",
            "entity_condition": {
                "type": "origins:equipped_item",
                "equipment_slot": "mainhand",
                "item_condition": {
                    "type": "origins:ingredient",
                    "ingredient": {
                        "item": "magistuarmory:silver_heavywarhammer"
                    }
                }
            }
        },
        "modifier": {
            "name": "Silver Weakness",
            "operation": "addition",
            "value": 2.5
        }
    },
    "silver_katzbalger": {
        "type": "origins:modify_damage_taken",
        "damage_condition": {
            "type": "origins:attacker",
            "entity_condition": {
                "type": "origins:equipped_item",
                "equipment_slot": "mainhand",
                "item_condition": {
                    "type": "origins:ingredient",
                    "ingredient": {
                        "item": "magistuarmory:silver_katzbalger"
                    }
                }
            }
        },
        "modifier": {
            "name": "Silver Weakness",
            "operation": "addition",
            "value": 2.5
        }
    },
    "silver_lochaberaxe": {
        "type": "origins:modify_damage_taken",
        "damage_condition": {
            "type": "origins:attacker",
            "entity_condition": {
                "type": "origins:equipped_item",
                "equipment_slot": "mainhand",
                "item_condition": {
                    "type": "origins:ingredient",
                    "ingredient": {
                        "item": "magistuarmory:silver_lochaberaxe"
                    }
                }
            }
        },
        "modifier": {
            "name": "Silver Weakness",
            "operation": "addition",
            "value": 2.5
        }
    },
    "silver_lucernhammer": {
        "type": "origins:modify_damage_taken",
        "damage_condition": {
            "type": "origins:attacker",
            "entity_condition": {
                "type": "origins:equipped_item",
                "equipment_slot": "mainhand",
                "item_condition": {
                    "type": "origins:ingredient",
                    "ingredient": {
                        "item": "magistuarmory:silver_lucernhammer"
                    }
                }
            }
        },
        "modifier": {
            "name": "Silver Weakness",
            "operation": "addition",
            "value": 2.5
        }
    },
    "silver_morgenstern": {
        "type": "origins:modify_damage_taken",
        "damage_condition": {
            "type": "origins:attacker",
            "entity_condition": {
                "type": "origins:equipped_item",
                "equipment_slot": "mainhand",
                "item_condition": {
                    "type": "origins:ingredient",
                    "ingredient": {
                        "item": "magistuarmory:silver_morgenstern"
                    }
                }
            }
        },
        "modifier": {
            "name": "Silver Weakness",
            "operation": "addition",
            "value": 2.5
        }
    },
    "silver_pavese": {
        "type": "origins:modify_damage_taken",
        "damage_condition": {
            "type": "origins:attacker",
            "entity_condition": {
                "type": "origins:equipped_item",
                "equipment_slot": "mainhand",
                "item_condition": {
                    "type": "origins:ingredient",
                    "ingredient": {
                        "item": "magistuarmory:silver_pavese"
                    }
                }
            }
        },
        "modifier": {
            "name": "Silver Weakness",
            "operation": "addition",
            "value": 2.5
        }
    },
    "silver_ranseur": {
        "type": "origins:modify_damage_taken",
        "damage_condition": {
            "type": "origins:attacker",
            "entity_condition": {
                "type": "origins:equipped_item",
                "equipment_slot": "mainhand",
                "item_condition": {
                    "type": "origins:ingredient",
                    "ingredient": {
                        "item": "magistuarmory:silver_ranseur"
                    }
                }
            }
        },
        "modifier": {
            "name": "Silver Weakness",
            "operation": "addition",
            "value": 2.5
        }
    },
    "silver_rondache": {
        "type": "origins:modify_damage_taken",
        "damage_condition": {
            "type": "origins:attacker",
            "entity_condition": {
                "type": "origins:equipped_item",
                "equipment_slot": "mainhand",
                "item_condition": {
                    "type": "origins:ingredient",
                    "ingredient": {
                        "item": "magistuarmory:silver_rondache"
                    }
                }
            }
        },
        "modifier": {
            "name": "Silver Weakness",
            "operation": "addition",
            "value": 2.5
        }
    },
    "silver_shourtsword": {
        "type": "origins:modify_damage_taken",
        "damage_condition": {
            "type": "origins:attacker",
            "entity_condition": {
                "type": "origins:equipped_item",
                "equipment_slot": "mainhand",
                "item_condition": {
                    "type": "origins:ingredient",
                    "ingredient": {
                        "item": "magistuarmory:silver_shortsword"
                    }
                }
            }
        },
        "modifier": {
            "name": "Silver Weakness",
            "operation": "addition",
            "value": 2.5
        }
    },
    "silver_stylet": {
        "type": "origins:modify_damage_taken",
        "damage_condition": {
            "type": "origins:attacker",
            "entity_condition": {
                "type": "origins:equipped_item",
                "equipment_slot": "mainhand",
                "item_condition": {
                    "type": "origins:ingredient",
                    "ingredient": {
                        "item": "magistuarmory:silver_stylet"
                    }
                }
            }
        },
        "modifier": {
            "name": "Silver Weakness",
            "operation": "addition",
            "value": 2.5
        }
    },
    "silver_tartsche": {
        "type": "origins:modify_damage_taken",
        "damage_condition": {
            "type": "origins:attacker",
            "entity_condition": {
                "type": "origins:equipped_item",
                "equipment_slot": "mainhand",
                "item_condition": {
                    "type": "origins:ingredient",
                    "ingredient": {
                        "item": "magistuarmory:silver_tartsche"
                    }
                }
            }
        },
        "modifier": {
            "name": "Silver Weakness",
            "operation": "addition",
            "value": 2.5
        }
    },
    "silver_zweihander": {
        "type": "origins:modify_damage_taken",
        "damage_condition": {
            "type": "origins:attacker",
            "entity_condition": {
                "type": "origins:equipped_item",
                "equipment_slot": "mainhand",
                "item_condition": {
                    "type": "origins:ingredient",
                    "ingredient": {
                        "item": "magistuarmory:silver_zweihander"
                    }
                }
            }
        },
        "modifier": {
            "name": "Silver Weakness",
            "operation": "addition",
            "value": 2.5
        }
    }
}