{
	"type": "origins:action_over_time",
	"interval": 40,
	"entity_action": {
		"type": "origins:and",
		"actions":
		[	
			{
				"type": "origins:execute_command",
				"command": "team join Zombie @e[type=minecraft:zombie]",
				"permission_level": 4
			},
			{
				"type": "origins:execute_command",
				"command": "team join Zombie @e[type=minecraft:zombified_piglin]",
				"permission_level": 4
			},
			{
				"type": "origins:execute_command",
				"command": "team join Zombie @e[type=minecraft:skeleton]",
				"permission_level": 4
			},
			{
				"type": "origins:execute_command",
				"command": "team join Zombie @e[type=minecraft:husk]",
				"permission_level": 4
			},
			{
				"type": "origins:execute_command",
				"command": "team join Zombie @e[type=minecraft:stray]",
				"permission_level": 4
			},
			{
				"type": "origins:execute_command",
				"command": "team join Zombie @e[type=minecraft:drowned]",
				"permission_level": 4
			},
			{
				"type": "origins:execute_command",
				"command": "team join Zombie @e[type=minecraft:zombie_villager]",
				"permission_level": 4
			},
			{
				"type": "origins:execute_command",
				"command": "team join Zombie @e[type=minecraft:wither_skeleton]",
				"permission_level": 4
			},
			{
				"type": "origins:execute_command",
				"command": "team join Zombie @e[type=born_in_chaos_v1:baby_skeleton]",
				"permission_level": 4
			},
			{
				"type": "origins:execute_command",
				"command": "team join Zombie @e[type=born_in_chaos_v1:baby_skeleton_minion]",
				"permission_level": 4
			},
			{
				"type": "origins:execute_command",
				"command": "team join Zombie @e[type=born_in_chaos_v1:barrel_zombie]",
				"permission_level": 4
			},
			{
				"type": "origins:execute_command",
				"command": "team join Zombie @e[type=born_in_chaos_v1:bonescaller]",
				"permission_level": 4
			},
			{
				"type": "origins:execute_command",
				"command": "team join Zombie @e[type=born_in_chaos_v1:bonescaller_not_despawn]",
				"permission_level": 4
			},
			{
				"type": "origins:execute_command",
				"command": "team join Zombie @e[type=born_in_chaos_v1:controlled_baby_skeleton]",
				"permission_level": 4
			},
			{
				"type": "origins:execute_command",
				"command": "team join Zombie @e[type=born_in_chaos_v1:decaying_zombie]",
				"permission_level": 4
			},
			{
				"type": "origins:execute_command",
				"command": "team join Zombie @e[type=born_in_chaos_v1:decaying_zombie_not_despawn]",
				"permission_level": 4
			},
			{
				"type": "origins:execute_command",
				"command": "team join Zombie @e[type=born_in_chaos_v1:decrepit_skeleton]",
				"permission_level": 4
			},
			{
				"type": "origins:execute_command",
				"command": "team join Zombie @e[type=born_in_chaos_v1:door_knight]",
				"permission_level": 4
			},
			{
				"type": "origins:execute_command",
				"command": "team join Zombie @e[type=born_in_chaos_v1:door_knight_not_despawn]",
				"permission_level": 4
			},
			{
				"type": "origins:execute_command",
				"command": "team join Zombie @e[type=born_in_chaos_v1:siamese_skeletons]",
				"permission_level": 4
			},
			{
				"type": "origins:execute_command",
				"command": "team join Zombie @e[type=born_in_chaos_v1:siamese_skeletonsright]",
				"permission_level": 4
			},
			{
				"type": "origins:execute_command",
				"command": "team join Zombie @e[type=born_in_chaos_v1:siamese_skeletonsleft]",
				"permission_level": 4
			},
			{
				"type": "origins:execute_command",
				"command": "team join Zombie @e[type=born_in_chaos_v1:skeleton_demoman]",
				"permission_level": 4
			},
			{
				"type": "origins:execute_command",
				"command": "team join Zombie @e[type=born_in_chaos_v1:skeleton_thrasher]",
				"permission_level": 4
			},
			{
				"type": "origins:execute_command",
				"command": "team join Zombie @e[type=born_in_chaos_v1:skeleton_trasher_not_despawn]",
				"permission_level": 4
			},
			{
				"type": "origins:execute_command",
				"command": "team join Zombie @e[type=born_in_chaos_v1:swarmer]",
				"permission_level": 4
			},
			{
				"type": "origins:execute_command",
				"command": "team join Zombie @e[type=born_in_chaos_v1:zombie_bruiser]",
				"permission_level": 4
			},
			{
				"type": "origins:execute_command",
				"command": "team join Zombie @e[type=born_in_chaos_v1:zombie_clown]",
				"permission_level": 4
			},
			{
				"type": "origins:execute_command",
				"command": "team join Zombie @e[type=born_in_chaos_v1:zombie_clown_not_despawn]",
				"permission_level": 4
			},
			{
				"type": "origins:execute_command",
				"command": "team join Zombie @e[type=born_in_chaos_v1:zombie_fisherman]",
				"permission_level": 4
			},
			{
				"type": "origins:execute_command",
				"command": "team join Zombie @e[type=born_in_chaos_v1:zombie_lumberjack]",
				"permission_level": 4
			},
			{
				"type": "origins:execute_command",
				"command": "team join Zombie @e[type=born_in_chaos_v1:bone_imp]",
				"permission_level": 4
			},
			{
				"type": "origins:execute_command",
				"command": "team join Zombie @e[type=born_in_chaos_v1:bone_imp_minion]",
				"permission_level": 4
			}
		]
	},

	"name": "Undead",
	"description": "The undead will not attack you"
}
