{
	"type": "origins:action_on_callback",
	"entity_action_chosen": {
		"type": "origins:and",
		"actions": [
			{
				"type": "origins:execute_command",
				"command": "team add Zombie",
				"permission_level": 4
			},
			{
				"type": "origins:execute_command",
				"command": "team join Zombie @s",
				"permission_level": 4
			}
		]
	},
	"entity_action_gained": {
		"type": "origins:and",
		"actions": [
			{
				"type": "origins:execute_command",
				"command": "team add Zombie",
				"permission_level": 4
			},
			{
				"type": "origins:execute_command",
				"command": "team join Zombie @s",
				"permission_level": 4
			}
		]
	},
	"entity_action_respawned": {
		"type": "origins:and",
		"actions": [
			{
				"type": "origins:execute_command",
				"command": "team add Zombie",
				"permission_level": 4
			},
			{
				"type": "origins:execute_command",
				"command": "team join Zombie @s",
				"permission_level": 4
			}
		]
	},
	"entity_action_added": {
		"type": "origins:and",
		"actions": [
			{
				"type": "origins:execute_command",
				"command": "team add Zombie",
				"permission_level": 4
			},
			{
				"type": "origins:execute_command",
				"command": "team join Zombie @s",
				"permission_level": 4
			}
		]
	},
	"entity_action_removed": {
		"type": "origins:execute_command",
		"command": "team leave @s",
		"permission_level": 4
	},
	"execute_chosen_when_orb": true,
	"hidden": true
}