{
    "type": "origins:multiple",
    "health": {
        "type": "origins:modify_status_effect_amplifier",
        "effect": "minecraft:instant_health",
        "modifier": {
            "operation": "multiply_base_multiplicative",
            "value": -2
        }
    },
    "damage": {
        "type": "origins:modify_status_effect_amplifier",
        "effect": "minecraft:instant_damage",
        "modifier": {
            "operation": "multiply_base_multiplicative",
            "value": -2
        }
    },

    "name": "Undead Constitution",
    "description": "Due to necromantic forces, instant health and harm potions have been swapped"
}