{
	"format_version": "1.12.0",
	"minecraft:geometry": [
		{
			"description": {
				"identifier": "geometry.unknown",
				"texture_width": 128,
				"texture_height": 128,
				"visible_bounds_width": 5,
				"visible_bounds_height": 3.5,
				"visible_bounds_offset": [0, 1.25, 0]
			},
			"bones": [
				{
					"name": "body",
					"pivot": [0, 10.82112, -1.91909]
				},
				{
					"name": "body_piv",
					"parent": "body",
					"pivot": [0, 11.08804, 0],
					"cubes": [
						{
							"origin": [-2.89946, 8.61745, -8.11848],
							"size": [5.79892, 7.10973, 5.62292],
							"uv": {
								"north": {"uv": [59, 41], "uv_size": [9, 11]},
								"east": {"uv": [60, 10], "uv_size": [9, 11]},
								"south": {"uv": [0, 62], "uv_size": [9, 11]},
								"west": {"uv": [9, 64], "uv_size": [9, 11]},
								"up": {"uv": [72, 67], "uv_size": [9, 9]},
								"down": {"uv": [0, 82], "uv_size": [9, -9]}
							}
						},
						{
							"origin": [-2.99443, 8.11925, 2.056],
							"size": [5.98886, 7.76493, 6.3368],
							"inflate": 0.05,
							"pivot": [0, 11.67024, 5.14586],
							"rotation": [2.5, 0, 0],
							"uv": {
								"north": {"uv": [21, 56], "uv_size": [9, 12]},
								"east": {"uv": [39, 32], "uv_size": [10, 12]},
								"south": {"uv": [30, 56], "uv_size": [9, 12]},
								"west": {"uv": [39, 44], "uv_size": [10, 12]},
								"up": {"uv": [71, 47], "uv_size": [9, 10]},
								"down": {"uv": [72, 67], "uv_size": [9, -10]}
							}
						},
						{
							"origin": [-2.89946, 7.97889, -2.49556],
							"size": [5.79892, 7.74829, 4.93246],
							"uv": {
								"north": {"uv": [39, 56], "uv_size": [9, 12]},
								"east": {"uv": [68, 35], "uv_size": [8, 12]},
								"south": {"uv": [48, 56], "uv_size": [9, 12]},
								"west": {"uv": [42, 68], "uv_size": [8, 12]},
								"up": {"uv": [69, 13], "uv_size": [9, 8]},
								"down": {"uv": [73, 29], "uv_size": [9, -8]}
							}
						},
						{
							"origin": [-3.05242, 8.18769, -8.32944],
							"size": [2.85745, 7.76494, 6.27881],
							"inflate": 0.05,
							"pivot": [0, 12.58126, -4.63913],
							"rotation": [-5, 0, 0],
							"uv": {
								"north": {"uv": [49, 81], "uv_size": [4, 12]},
								"east": {"uv": [49, 32], "uv_size": [10, 12]},
								"south": {"uv": [53, 81], "uv_size": [4, 12]},
								"west": {"uv": [49, 44], "uv_size": [10, 12]},
								"up": {"uv": [65, 0], "uv_size": [4, 10]},
								"down": {"uv": [67, 92], "uv_size": [4, -10]}
							}
						},
						{
							"origin": [0.19497, 8.18769, -8.32944],
							"size": [2.85745, 7.76494, 6.27881],
							"inflate": 0.05,
							"pivot": [0, 12.58126, -4.63913],
							"rotation": [-5, 0, 0],
							"uv": {
								"north": {"uv": [8, 82], "uv_size": [4, 12]},
								"east": {"uv": [0, 50], "uv_size": [10, 12]},
								"south": {"uv": [12, 82], "uv_size": [4, 12]},
								"west": {"uv": [50, 14], "uv_size": [10, 12]},
								"up": {"uv": [71, 82], "uv_size": [4, 10]},
								"down": {"uv": [75, 92], "uv_size": [4, -10]}
							}
						}
					]
				},
				{
					"name": "body_fluff",
					"parent": "body_piv",
					"pivot": [0, 11.08804, 0],
					"cubes": [
						{
							"origin": [-3.63274, 4.72077, -8.94843],
							"size": [7.26548, 11.76902, 17.89686],
							"uv": {
								"north": {"uv": [15, 36], "uv_size": [11, 18]},
								"east": {"uv": [0, 0], "uv_size": [28, 18]},
								"south": {"uv": [39, 14], "uv_size": [11, 18]},
								"west": {"uv": [0, 18], "uv_size": [28, 18]},
								"up": {"uv": [28, 0], "uv_size": [11, 28]},
								"down": {"uv": [28, 56], "uv_size": [11, -28]}
							}
						}
					]
				},
				{
					"name": "hump",
					"parent": "body_piv",
					"pivot": [0, 13.43454, -4.693],
					"cubes": [
						{
							"origin": [-1.72621, 15.28002, -7.77518],
							"size": [3.45242, 2.79366, 6.1057],
							"uv": {
								"north": {"uv": [102, 72], "uv_size": [5, 4]},
								"east": {"uv": [9, 75], "uv_size": [9, 4]},
								"south": {"uv": [4, 104], "uv_size": [5, 4]},
								"west": {"uv": [85, 82], "uv_size": [9, 4]},
								"up": {"uv": [81, 65], "uv_size": [5, 9]},
								"down": {"uv": [24, 91], "uv_size": [5, -9]}
							}
						}
					]
				},
				{
					"name": "fat",
					"parent": "body_piv",
					"pivot": [0, 9.51586, -6.83446],
					"cubes": [
						{
							"origin": [-0.55296, 6.64071, -11.29493],
							"size": [1.10592, 5.05618, 6.62895],
							"pivot": [0, 8.53383, -6.77552],
							"rotation": [-60, 0, 0],
							"uv": {
								"north": {"uv": [98, 101], "uv_size": [2, 10]},
								"east": {"uv": [54, 0], "uv_size": [11, 10]},
								"south": {"uv": [62, 103], "uv_size": [2, 10]},
								"west": {"uv": [10, 54], "uv_size": [11, 10]},
								"up": {"uv": [76, 101], "uv_size": [2, 11]},
								"down": {"uv": [87, 112], "uv_size": [2, -11]}
							}
						}
					]
				},
				{
					"name": "utters",
					"parent": "body_piv",
					"pivot": [0, 7.38572, 4.99359],
					"cubes": [
						{
							"origin": [-1.42752, 5.83307, 2.85104],
							"size": [2.85503, 1.85443, 4.28509],
							"inflate": 0.05,
							"uv": {
								"north": {"uv": [18, 108], "uv_size": [4, 3]},
								"east": {"uv": [102, 12], "uv_size": [7, 3]},
								"south": {"uv": [58, 108], "uv_size": [4, 3]},
								"west": {"uv": [102, 21], "uv_size": [7, 3]},
								"up": {"uv": [92, 69], "uv_size": [4, 7]},
								"down": {"uv": [72, 99], "uv_size": [4, -7]}
							}
						},
						{
							"origin": [0.47925, 5.35638, 3.80443],
							"size": [0.47157, 0.42436, 0.47157],
							"inflate": 0.05,
							"uv": {
								"north": {"uv": [85, 75], "uv_size": [1, 1]},
								"east": {"uv": [87, 6], "uv_size": [1, 1]},
								"south": {"uv": [87, 7], "uv_size": [1, 1]},
								"west": {"uv": [28, 91], "uv_size": [1, 1]},
								"up": {"uv": [91, 33], "uv_size": [1, 1]},
								"down": {"uv": [28, 93], "uv_size": [1, -1]}
							}
						},
						{
							"origin": [-0.95082, 5.35638, 3.80443],
							"size": [0.47157, 0.42436, 0.47157],
							"inflate": 0.05,
							"uv": {
								"north": {"uv": [98, 64], "uv_size": [1, 1]},
								"east": {"uv": [78, 101], "uv_size": [1, 1]},
								"south": {"uv": [23, 105], "uv_size": [1, 1]},
								"west": {"uv": [93, 105], "uv_size": [1, 1]},
								"up": {"uv": [69, 106], "uv_size": [1, 1]},
								"down": {"uv": [106, 77], "uv_size": [1, -1]}
							}
						},
						{
							"origin": [0.47925, 5.35638, 5.71117],
							"size": [0.47157, 0.42436, 0.47158],
							"inflate": 0.05,
							"uv": {
								"north": {"uv": [106, 89], "uv_size": [1, 1]},
								"east": {"uv": [22, 108], "uv_size": [1, 1]},
								"south": {"uv": [47, 108], "uv_size": [1, 1]},
								"west": {"uv": [22, 109], "uv_size": [1, 1]},
								"up": {"uv": [53, 109], "uv_size": [1, 1]},
								"down": {"uv": [109, 64], "uv_size": [1, -1]}
							}
						},
						{
							"origin": [-0.95082, 5.35638, 5.71117],
							"size": [0.47157, 0.42436, 0.47158],
							"inflate": 0.05,
							"uv": {
								"north": {"uv": [28, 110], "uv_size": [1, 1]},
								"east": {"uv": [56, 110], "uv_size": [1, 1]},
								"south": {"uv": [57, 110], "uv_size": [1, 1]},
								"west": {"uv": [110, 66], "uv_size": [1, 1]},
								"up": {"uv": [110, 67], "uv_size": [1, 1]},
								"down": {"uv": [6, 112], "uv_size": [1, -1]}
							}
						}
					]
				},
				{
					"name": "back_right_leg",
					"parent": "body_piv",
					"pivot": [-2.02963, 13.40762, 4.92235],
					"cubes": [
						{
							"origin": [-3.47514, 7.72943, 2.60698],
							"size": [2.89105, 7.54366, 4.92067],
							"inflate": 0.01,
							"pivot": [0, 11.67024, 5.14586],
							"rotation": [2.5, 0, 0],
							"uv": {
								"north": {"uv": [0, 82], "uv_size": [4, 12]},
								"east": {"uv": [64, 66], "uv_size": [8, 12]},
								"south": {"uv": [4, 82], "uv_size": [4, 12]},
								"west": {"uv": [18, 68], "uv_size": [8, 12]},
								"up": {"uv": [45, 84], "uv_size": [4, 8]},
								"down": {"uv": [88, 8], "uv_size": [4, -8]}
							}
						}
					]
				},
				{
					"name": "back_left_calf",
					"parent": "back_right_leg",
					"pivot": [-2.02963, 8.73204, 6.51704],
					"cubes": [
						{
							"origin": [-3.18941, 5.79892, 4.92907],
							"size": [2.31957, 4.12262, 3.18941],
							"uv": {
								"north": {"uv": [41, 103], "uv_size": [4, 5]},
								"east": {"uv": [10, 97], "uv_size": [5, 5]},
								"south": {"uv": [58, 103], "uv_size": [4, 5]},
								"west": {"uv": [97, 12], "uv_size": [5, 5]},
								"up": {"uv": [103, 81], "uv_size": [4, 5]},
								"down": {"uv": [103, 101], "uv_size": [4, -5]}
							}
						},
						{
							"origin": [-2.89946, 0.57316, 6.08886],
							"size": [1.73968, 5.22576, 2.02962],
							"uv": {
								"north": {"uv": [15, 97], "uv_size": [3, 8]},
								"east": {"uv": [91, 97], "uv_size": [3, 8]},
								"south": {"uv": [24, 98], "uv_size": [3, 8]},
								"west": {"uv": [45, 99], "uv_size": [3, 8]},
								"up": {"uv": [18, 64], "uv_size": [3, 3]},
								"down": {"uv": [35, 113], "uv_size": [3, -3]}
							}
						}
					]
				},
				{
					"name": "back_left_hoof",
					"parent": "back_left_calf",
					"pivot": [-2.02963, 1.50772, 6.31409],
					"cubes": [
						{
							"origin": [-2.95325, 0.0042, 5.39719],
							"size": [1.84725, 1.43661, 1.84726],
							"inflate": 0.01,
							"uv": {
								"north": {"uv": [33, 82], "uv_size": [3, 2]},
								"east": {"uv": [104, 45], "uv_size": [3, 2]},
								"south": {"uv": [111, 102], "uv_size": [3, 2]},
								"west": {"uv": [107, 111], "uv_size": [3, 2]},
								"up": {"uv": [38, 110], "uv_size": [3, 3]},
								"down": {"uv": [110, 42], "uv_size": [3, -3]}
							}
						}
					]
				},
				{
					"name": "back_left_leg",
					"parent": "body_piv",
					"pivot": [2.02963, 13.40762, 4.92235],
					"cubes": [
						{
							"origin": [0.58409, 7.72943, 2.60698],
							"size": [2.89105, 7.54366, 4.92067],
							"inflate": 0.01,
							"pivot": [0, 11.67024, 5.14586],
							"rotation": [2.5, 0, 0],
							"uv": {
								"north": {"uv": [16, 82], "uv_size": [4, 12]},
								"east": {"uv": [26, 68], "uv_size": [8, 12]},
								"south": {"uv": [20, 82], "uv_size": [4, 12]},
								"west": {"uv": [34, 68], "uv_size": [8, 12]},
								"up": {"uv": [79, 88], "uv_size": [4, 8]},
								"down": {"uv": [61, 97], "uv_size": [4, -8]}
							}
						}
					]
				},
				{
					"name": "back_right_calf",
					"parent": "back_left_leg",
					"pivot": [2.02963, 8.73204, 6.51704],
					"cubes": [
						{
							"origin": [0.86984, 5.79892, 4.92907],
							"size": [2.31957, 4.12262, 3.18941],
							"uv": {
								"north": {"uv": [27, 102], "uv_size": [4, 5]},
								"east": {"uv": [0, 97], "uv_size": [5, 5]},
								"south": {"uv": [78, 102], "uv_size": [4, 5]},
								"west": {"uv": [5, 97], "uv_size": [5, 5]},
								"up": {"uv": [33, 103], "uv_size": [4, 5]},
								"down": {"uv": [37, 108], "uv_size": [4, -5]}
							}
						},
						{
							"origin": [1.15978, 0.57316, 6.08886],
							"size": [1.73968, 5.22576, 2.02962],
							"uv": {
								"north": {"uv": [70, 99], "uv_size": [3, 8]},
								"east": {"uv": [73, 99], "uv_size": [3, 8]},
								"south": {"uv": [20, 100], "uv_size": [3, 8]},
								"west": {"uv": [100, 96], "uv_size": [3, 8]},
								"up": {"uv": [100, 110], "uv_size": [3, 3]},
								"down": {"uv": [0, 114], "uv_size": [3, -3]}
							}
						}
					]
				},
				{
					"name": "back_right_hoof",
					"parent": "back_right_calf",
					"pivot": [2.02963, 1.50772, 6.31409],
					"cubes": [
						{
							"origin": [1.106, 0.0042, 5.39719],
							"size": [1.84725, 1.43661, 1.84726],
							"inflate": 0.01,
							"uv": {
								"north": {"uv": [112, 86], "uv_size": [3, 2]},
								"east": {"uv": [112, 111], "uv_size": [3, 2]},
								"south": {"uv": [113, 8], "uv_size": [3, 2]},
								"west": {"uv": [113, 10], "uv_size": [3, 2]},
								"up": {"uv": [3, 111], "uv_size": [3, 3]},
								"down": {"uv": [15, 114], "uv_size": [3, -3]}
							}
						}
					]
				},
				{
					"name": "neck",
					"parent": "body_piv",
					"pivot": [0, 13.08897, -8.19631],
					"rotation": [12.5, 0, 0],
					"cubes": [
						{
							"origin": [-1.44973, 12.34052, -11.40537],
							"size": [2.89946, 3.88325, 4.04578],
							"pivot": [0, 13.90421, -7.92602],
							"rotation": [-20, 0, 0],
							"uv": {
								"north": {"uv": [20, 94], "uv_size": [4, 6]},
								"east": {"uv": [79, 82], "uv_size": [6, 6]},
								"south": {"uv": [79, 96], "uv_size": [4, 6]},
								"west": {"uv": [33, 84], "uv_size": [6, 6]},
								"up": {"uv": [33, 97], "uv_size": [4, 6]},
								"down": {"uv": [37, 103], "uv_size": [4, -6]}
							}
						},
						{
							"origin": [-1.4246, 15.16851, -14.00494],
							"size": [2.89319, 3.89569, 3.46755],
							"inflate": -0.01,
							"pivot": [0.02933, 16.74043, -15.18072],
							"rotation": [-22.44788, -0.22077, 0],
							"uv": {
								"north": {"uv": [65, 101], "uv_size": [4, 6]},
								"east": {"uv": [87, 34], "uv_size": [5, 6]},
								"south": {"uv": [83, 101], "uv_size": [4, 6]},
								"west": {"uv": [88, 21], "uv_size": [5, 6]},
								"up": {"uv": [103, 101], "uv_size": [4, 5]},
								"down": {"uv": [0, 109], "uv_size": [4, -5]}
							}
						},
						{
							"origin": [-1.4288, 12.29342, -14.82705],
							"size": [2.88693, 3.35886, 7.31401],
							"inflate": -0.02,
							"pivot": [0, 12.50304, -12.10258],
							"rotation": [-45, 0, 0],
							"uv": {
								"north": {"uv": [41, 97], "uv_size": [4, 6]},
								"east": {"uv": [87, 35], "uv_size": [-11, 6]},
								"south": {"uv": [61, 97], "uv_size": [4, 6]},
								"west": {"uv": [76, 35], "uv_size": [11, 6]},
								"up": {"uv": [29, 82], "uv_size": [4, 11]},
								"down": {"uv": [57, 93], "uv_size": [4, -11]}
							}
						}
					]
				},
				{
					"name": "neck_fluff",
					"parent": "neck",
					"pivot": [0, 13.3842, -7.21102],
					"cubes": [
						{
							"origin": [-2.271, 7.12752, -14.79674],
							"size": [4.542, 9.16287, 9.91202],
							"pivot": [0, 13.3842, -7.21102],
							"rotation": [-20, 0, 0],
							"uv": {
								"north": {"uv": [64, 52], "uv_size": [7, 14]},
								"east": {"uv": [0, 36], "uv_size": [15, 14]},
								"south": {"uv": [66, 21], "uv_size": [7, 14]},
								"west": {"uv": [39, 0], "uv_size": [15, 14]},
								"up": {"uv": [57, 56], "uv_size": [7, 15]},
								"down": {"uv": [59, 41], "uv_size": [7, -15]}
							}
						}
					]
				},
				{
					"name": "bell",
					"parent": "neck",
					"pivot": [0, 10.95, -10.8],
					"rotation": [167.5, 0, 0],
					"cubes": [
						{
							"origin": [-1.392, 12.98508, -12.22885],
							"size": [2.784, 0.696, 2.784],
							"uv": {
								"north": {"uv": [79, 126], "uv_size": [8, 2]},
								"east": {"uv": [71, 126], "uv_size": [8, 2]},
								"south": {"uv": [95, 126], "uv_size": [8, 2]},
								"west": {"uv": [87, 126], "uv_size": [8, 2]},
								"up": {"uv": [79, 118], "uv_size": [8, 8]},
								"down": {"uv": [87, 126], "uv_size": [8, -8]}
							}
						},
						{
							"origin": [-1.044, 10.89708, -11.88085],
							"size": [2.088, 2.436, 2.088],
							"uv": {
								"north": {"uv": [110, 121], "uv_size": [6, 7]},
								"east": {"uv": [104, 121], "uv_size": [6, 7]},
								"south": {"uv": [122, 121], "uv_size": [6, 7]},
								"west": {"uv": [116, 121], "uv_size": [6, 7]},
								"up": {"uv": [110, 115], "uv_size": [6, 6]},
								"down": {"uv": [116, 121], "uv_size": [6, -6]}
							}
						}
					]
				},
				{
					"name": "wagon_harness",
					"parent": "neck",
					"pivot": [-0.01754, 15.34151, -7.34461],
					"rotation": [157.5, 0, 0],
					"cubes": [
						{
							"origin": [-2.42445, 18.64961, -9.98943],
							"size": [4.76466, 2.86158, 8.28229],
							"pivot": [-0.04213, 18.81518, -4.36679],
							"rotation": [67.50008, -0.00168, 0.01959],
							"uv": {
								"north": {"uv": [65, 92], "uv_size": [7, 4]},
								"east": {"uv": [36, 80], "uv_size": [13, 4]},
								"south": {"uv": [92, 65], "uv_size": [7, 4]},
								"west": {"uv": [81, 61], "uv_size": [13, 4]},
								"up": {"uv": [50, 68], "uv_size": [7, 13]},
								"down": {"uv": [69, 13], "uv_size": [7, -13]}
							}
						},
						{
							"origin": [-0.86752, 14.06334, -7.29679],
							"size": [2.42065, 0.56217, 0.56217],
							"pivot": [-0.00514, 14.00671, -7.90529],
							"rotation": [-105.16911, 24.62796, 112.83685],
							"uv": {
								"north": {"uv": [91, 78], "uv_size": [4, 1]},
								"east": {"uv": [9, 62], "uv_size": [1, 1]},
								"south": {"uv": [92, 7], "uv_size": [4, 1]},
								"west": {"uv": [9, 63], "uv_size": [1, 1]},
								"up": {"uv": [94, 64], "uv_size": [4, 1]},
								"down": {"uv": [89, 106], "uv_size": [4, -1]}
							}
						},
						{
							"origin": [-1.56341, 14.06334, -7.29679],
							"size": [2.42066, 0.56217, 0.56217],
							"pivot": [-0.00514, 14.00671, -7.90529],
							"rotation": [-105.16911, -24.62796, -112.83685],
							"uv": {
								"north": {"uv": [23, 106], "uv_size": [4, 1]},
								"east": {"uv": [49, 80], "uv_size": [1, 1]},
								"south": {"uv": [106, 77], "uv_size": [4, 1]},
								"west": {"uv": [85, 74], "uv_size": [1, 1]},
								"up": {"uv": [108, 26], "uv_size": [4, 1]},
								"down": {"uv": [112, 114], "uv_size": [4, -1]}
							}
						}
					]
				},
				{
					"name": "head",
					"parent": "neck",
					"pivot": [0, 17.21727, -12.8161],
					"rotation": [22.5, 0, 0],
					"cubes": [
						{
							"origin": [-1.79331, 17.04175, -16.78876],
							"size": [3.58662, 1.48982, 4.1818],
							"uv": {
								"north": {"uv": [109, 12], "uv_size": [6, 2]},
								"east": {"uv": [109, 14], "uv_size": [6, 2]},
								"south": {"uv": [109, 21], "uv_size": [6, 2]},
								"west": {"uv": [47, 109], "uv_size": [6, 2]},
								"up": {"uv": [39, 84], "uv_size": [6, 6]},
								"down": {"uv": [85, 34], "uv_size": [6, -6]}
							}
						},
						{
							"origin": [-1.79331, 15.07832, -16.78876],
							"size": [3.58662, 1.96343, 1.97466],
							"uv": {
								"north": {"uv": [102, 24], "uv_size": [6, 3]},
								"east": {"uv": [41, 110], "uv_size": [3, 3]},
								"south": {"uv": [103, 61], "uv_size": [6, 3]},
								"west": {"uv": [110, 42], "uv_size": [3, 3]},
								"up": {"uv": [104, 39], "uv_size": [6, 3]},
								"down": {"uv": [104, 45], "uv_size": [6, -3]}
							}
						},
						{
							"origin": [-2.05817, 14.79076, -15.7117],
							"size": [4.11634, 2.38835, 3.03389],
							"pivot": [0, 15.87945, -13.7021],
							"rotation": [-7.5, 0, 0],
							"uv": {
								"north": {"uv": [54, 10], "uv_size": [6, 4]},
								"east": {"uv": [10, 50], "uv_size": [5, 4]},
								"south": {"uv": [96, 72], "uv_size": [6, 4]},
								"west": {"uv": [59, 52], "uv_size": [5, 4]},
								"up": {"uv": [60, 21], "uv_size": [6, 5]},
								"down": {"uv": [86, 76], "uv_size": [6, -5]}
							}
						}
					]
				},
				{
					"name": "head_fluff",
					"parent": "head",
					"pivot": [0, -5.53955, -6.70067],
					"cubes": [
						{
							"origin": [-2.08662, 14.69525, -17.37538],
							"size": [4.17324, 3.95364, 4.76842],
							"uv": {
								"north": {"uv": [86, 65], "uv_size": [6, 6]},
								"east": {"uv": [50, 26], "uv_size": [7, 6]},
								"south": {"uv": [85, 86], "uv_size": [6, 6]},
								"west": {"uv": [57, 71], "uv_size": [7, 6]},
								"up": {"uv": [82, 21], "uv_size": [6, 7]},
								"down": {"uv": [61, 89], "uv_size": [6, -7]}
							}
						}
					]
				},
				{
					"name": "horns_1",
					"parent": "head",
					"pivot": [0, -5.53955, -7.00278],
					"cubes": [
						{
							"origin": [-4.72644, 17.88628, -14.38066],
							"size": [9.45288, 1.17325, 1.17325],
							"uv": {
								"north": {"uv": [87, 8], "uv_size": [15, 2]},
								"east": {"uv": [97, 113], "uv_size": [2, 2]},
								"south": {"uv": [87, 10], "uv_size": [15, 2]},
								"west": {"uv": [100, 113], "uv_size": [2, 2]},
								"up": {"uv": [91, 27], "uv_size": [15, 2]},
								"down": {"uv": [91, 31], "uv_size": [15, -2]}
							}
						},
						{
							"origin": [-4.71177, 17.95128, -14.26334],
							"size": [0.9826, 3.45475, 0.9386],
							"uv": {
								"north": {"uv": [66, 35], "uv_size": [2, 5]},
								"east": {"uv": [23, 100], "uv_size": [1, 5]},
								"south": {"uv": [68, 47], "uv_size": [2, 5]},
								"west": {"uv": [69, 101], "uv_size": [1, 5]},
								"up": {"uv": [101, 81], "uv_size": [2, 1]},
								"down": {"uv": [102, 40], "uv_size": [2, -1]}
							}
						},
						{
							"origin": [3.72917, 17.95128, -14.26334],
							"size": [0.9826, 3.45475, 0.9386],
							"uv": {
								"north": {"uv": [26, 49], "uv_size": [2, 5]},
								"east": {"uv": [70, 47], "uv_size": [1, 5]},
								"south": {"uv": [57, 26], "uv_size": [2, 5]},
								"west": {"uv": [71, 57], "uv_size": [1, 5]},
								"up": {"uv": [85, 34], "uv_size": [2, 1]},
								"down": {"uv": [93, 41], "uv_size": [2, -1]}
							}
						}
					]
				},
				{
					"name": "horns_2",
					"parent": "head",
					"pivot": [0, -5.53955, -7.00278],
					"cubes": [
						{
							"origin": [-8.83281, 17.5343, -14.55665],
							"size": [17.66562, 1.52523, 1.52522],
							"uv": {
								"north": {"uv": [80, 53], "uv_size": [27, 2]},
								"east": {"uv": [66, 114], "uv_size": [2, 2]},
								"south": {"uv": [80, 55], "uv_size": [27, 2]},
								"west": {"uv": [114, 66], "uv_size": [2, 2]},
								"up": {"uv": [81, 57], "uv_size": [27, 2]},
								"down": {"uv": [81, 61], "uv_size": [27, -2]}
							}
						},
						{
							"origin": [-8.81815, 17.65163, -16.90315],
							"size": [1.22546, 1.29057, 2.69847],
							"uv": {
								"north": {"uv": [2, 114], "uv_size": [2, 2]},
								"east": {"uv": [111, 98], "uv_size": [4, 2]},
								"south": {"uv": [4, 114], "uv_size": [2, 2]},
								"west": {"uv": [111, 100], "uv_size": [4, 2]},
								"up": {"uv": [103, 111], "uv_size": [2, 4]},
								"down": {"uv": [105, 115], "uv_size": [2, -4]}
							}
						},
						{
							"origin": [7.59269, 17.65163, -16.90315],
							"size": [1.22546, 1.29057, 2.69847],
							"uv": {
								"north": {"uv": [107, 113], "uv_size": [2, 2]},
								"east": {"uv": [95, 111], "uv_size": [4, 2]},
								"south": {"uv": [0, 114], "uv_size": [2, 2]},
								"west": {"uv": [111, 96], "uv_size": [4, 2]},
								"up": {"uv": [83, 88], "uv_size": [2, 4]},
								"down": {"uv": [31, 115], "uv_size": [2, -4]}
							}
						}
					]
				},
				{
					"name": "horns_3",
					"parent": "head",
					"pivot": [0, -5.53955, -7.00278],
					"cubes": [
						{
							"origin": [-8.83281, 17.5343, -14.55665],
							"size": [17.66562, 1.52523, 1.52522],
							"uv": {
								"north": {"uv": [9, 80], "uv_size": [27, 2]},
								"east": {"uv": [6, 114], "uv_size": [2, 2]},
								"south": {"uv": [80, 47], "uv_size": [27, 2]},
								"west": {"uv": [114, 6], "uv_size": [2, 2]},
								"up": {"uv": [80, 49], "uv_size": [27, 2]},
								"down": {"uv": [80, 53], "uv_size": [27, -2]}
							}
						},
						{
							"origin": [7.59269, 19.4115, -14.55665],
							"size": [1.22546, 1.29058, 2.11185],
							"pivot": [8.20542, 20.05679, -13.79404],
							"rotation": [-90, 0, 0],
							"uv": {
								"north": {"uv": [8, 114], "uv_size": [2, 2]},
								"east": {"uv": [35, 113], "uv_size": [3, 2]},
								"south": {"uv": [10, 114], "uv_size": [2, 2]},
								"west": {"uv": [38, 113], "uv_size": [3, 2]},
								"up": {"uv": [76, 112], "uv_size": [2, 3]},
								"down": {"uv": [87, 115], "uv_size": [2, -3]}
							}
						},
						{
							"origin": [-8.81815, 19.4115, -14.55665],
							"size": [1.22546, 1.29058, 2.11185],
							"pivot": [-8.20542, 20.05679, -13.79404],
							"rotation": [-90, 0, 0],
							"uv": {
								"north": {"uv": [19, 114], "uv_size": [2, 2]},
								"east": {"uv": [113, 44], "uv_size": [3, 2]},
								"south": {"uv": [21, 114], "uv_size": [2, 2]},
								"west": {"uv": [113, 46], "uv_size": [3, 2]},
								"up": {"uv": [113, 48], "uv_size": [2, 3]},
								"down": {"uv": [113, 54], "uv_size": [2, -3]}
							}
						}
					]
				},
				{
					"name": "horns_4",
					"parent": "head",
					"pivot": [0, -5.53955, -7.00278],
					"cubes": [
						{
							"origin": [1.13981, 15.36379, -14.61531],
							"size": [12.386, 1.70121, 1.64255],
							"pivot": [10.11561, 17.03567, -13.79404],
							"rotation": [0, 0, 15],
							"uv": {
								"north": {"uv": [76, 41], "uv_size": [19, 3]},
								"east": {"uv": [18, 111], "uv_size": [3, 3]},
								"south": {"uv": [76, 44], "uv_size": [19, 3]},
								"west": {"uv": [28, 111], "uv_size": [3, 3]},
								"up": {"uv": [72, 76], "uv_size": [19, 3]},
								"down": {"uv": [78, 15], "uv_size": [19, -3]}
							}
						},
						{
							"origin": [-13.52581, 15.36379, -14.61531],
							"size": [12.386, 1.70121, 1.64255],
							"pivot": [-10.11561, 17.03567, -13.79404],
							"rotation": [0, 0, -15],
							"uv": {
								"north": {"uv": [78, 15], "uv_size": [19, 3]},
								"east": {"uv": [111, 33], "uv_size": [3, 3]},
								"south": {"uv": [78, 18], "uv_size": [19, 3]},
								"west": {"uv": [111, 36], "uv_size": [3, 3]},
								"up": {"uv": [57, 79], "uv_size": [19, 3]},
								"down": {"uv": [76, 82], "uv_size": [19, -3]}
							}
						},
						{
							"origin": [-13.51115, 16.33172, -15.58325],
							"size": [1.34279, 1.4079, 2.11185],
							"pivot": [-10.11561, 17.03567, -13.79404],
							"rotation": [-90, 0, -15],
							"uv": {
								"north": {"uv": [23, 114], "uv_size": [2, 2]},
								"east": {"uv": [53, 113], "uv_size": [3, 2]},
								"south": {"uv": [25, 114], "uv_size": [2, 2]},
								"west": {"uv": [113, 54], "uv_size": [3, 2]},
								"up": {"uv": [62, 113], "uv_size": [2, 3]},
								"down": {"uv": [113, 66], "uv_size": [2, -3]}
							}
						},
						{
							"origin": [12.16836, 16.33172, -15.58325],
							"size": [1.34279, 1.4079, 2.11185],
							"pivot": [10.11561, 17.03567, -13.79404],
							"rotation": [-90, 0, 15],
							"uv": {
								"north": {"uv": [15, 114], "uv_size": [2, 2]},
								"east": {"uv": [113, 39], "uv_size": [3, 2]},
								"south": {"uv": [17, 114], "uv_size": [2, 2]},
								"west": {"uv": [41, 113], "uv_size": [3, 2]},
								"up": {"uv": [113, 41], "uv_size": [2, 3]},
								"down": {"uv": [44, 116], "uv_size": [2, -3]}
							}
						}
					]
				},
				{
					"name": "horns_5",
					"parent": "head",
					"pivot": [0, -5.53955, -7.00278],
					"cubes": [
						{
							"origin": [1.13201, 18.35498, -14.61531],
							"size": [5.93313, 1.70121, 1.64255],
							"pivot": [4.09858, 19.20559, -13.79404],
							"rotation": [0, 0, -17.5],
							"uv": {
								"north": {"uv": [96, 3], "uv_size": [9, 3]},
								"east": {"uv": [111, 89], "uv_size": [3, 3]},
								"south": {"uv": [96, 33], "uv_size": [9, 3]},
								"west": {"uv": [92, 111], "uv_size": [3, 3]},
								"up": {"uv": [96, 36], "uv_size": [9, 3]},
								"down": {"uv": [96, 72], "uv_size": [9, -3]}
							}
						},
						{
							"origin": [-10.93918, 20.15776, -14.322],
							"size": [4.10637, 1.11459, 1.05592],
							"pivot": [-8.88599, 20.71506, -13.79404],
							"rotation": [0, 0, 17.5],
							"uv": {
								"north": {"uv": [115, 61], "uv_size": [-6, 2]},
								"east": {"uv": [31, 114], "uv_size": [-2, 2]},
								"south": {"uv": [95, 109], "uv_size": [-6, 2]},
								"west": {"uv": [29, 114], "uv_size": [-2, 2]},
								"up": {"uv": [109, 109], "uv_size": [-6, 2]},
								"down": {"uv": [115, 107], "uv_size": [-6, -2]}
							}
						},
						{
							"origin": [-7.06514, 18.35498, -14.61531],
							"size": [5.93313, 1.70121, 1.64255],
							"pivot": [-4.09858, 19.20559, -13.79404],
							"rotation": [0, 0, 17.5],
							"uv": {
								"north": {"uv": [105, 3], "uv_size": [-9, 3]},
								"east": {"uv": [95, 111], "uv_size": [-3, 3]},
								"south": {"uv": [105, 33], "uv_size": [-9, 3]},
								"west": {"uv": [114, 89], "uv_size": [-3, 3]},
								"up": {"uv": [105, 36], "uv_size": [-9, 3]},
								"down": {"uv": [105, 72], "uv_size": [-9, -3]}
							}
						},
						{
							"origin": [6.83281, 20.15776, -14.322],
							"size": [4.10637, 1.11459, 1.05592],
							"pivot": [8.88599, 20.71506, -13.79404],
							"rotation": [0, 0, -17.5],
							"uv": {
								"north": {"uv": [109, 61], "uv_size": [6, 2]},
								"east": {"uv": [27, 114], "uv_size": [2, 2]},
								"south": {"uv": [89, 109], "uv_size": [6, 2]},
								"west": {"uv": [29, 114], "uv_size": [2, 2]},
								"up": {"uv": [103, 109], "uv_size": [6, 2]},
								"down": {"uv": [109, 107], "uv_size": [6, -2]}
							}
						}
					]
				},
				{
					"name": "horns_6",
					"parent": "head",
					"pivot": [0, -5.53955, -7.00278],
					"cubes": [
						{
							"origin": [5.13159, 21.33101, -14.322],
							"size": [4.693, 1.11459, 1.05592],
							"pivot": [7.77141, 21.88831, -13.79404],
							"rotation": [0, 0, -65],
							"uv": {
								"north": {"uv": [21, 54], "uv_size": [7, 2]},
								"east": {"uv": [114, 37], "uv_size": [2, 2]},
								"south": {"uv": [57, 77], "uv_size": [7, 2]},
								"west": {"uv": [46, 114], "uv_size": [2, 2]},
								"up": {"uv": [102, 15], "uv_size": [7, 2]},
								"down": {"uv": [107, 8], "uv_size": [7, -2]}
							}
						},
						{
							"origin": [-9.82459, 21.33101, -14.322],
							"size": [4.693, 1.11459, 1.05592],
							"pivot": [-7.77141, 21.88831, -13.79404],
							"rotation": [0, 0, 65],
							"uv": {
								"north": {"uv": [107, 84], "uv_size": [7, 2]},
								"east": {"uv": [48, 114], "uv_size": [2, 2]},
								"south": {"uv": [108, 0], "uv_size": [7, 2]},
								"west": {"uv": [50, 114], "uv_size": [2, 2]},
								"up": {"uv": [108, 2], "uv_size": [7, 2]},
								"down": {"uv": [108, 6], "uv_size": [7, -2]}
							}
						},
						{
							"origin": [-7.06514, 18.35498, -14.61531],
							"size": [5.93313, 1.70121, 1.64255],
							"pivot": [-4.09858, 19.20559, -13.79404],
							"rotation": [0, 0, 17.5],
							"uv": {
								"north": {"uv": [94, 61], "uv_size": [9, 3]},
								"east": {"uv": [56, 111], "uv_size": [3, 3]},
								"south": {"uv": [94, 82], "uv_size": [9, 3]},
								"west": {"uv": [59, 111], "uv_size": [3, 3]},
								"up": {"uv": [95, 40], "uv_size": [9, 3]},
								"down": {"uv": [95, 46], "uv_size": [9, -3]}
							}
						},
						{
							"origin": [1.13201, 18.35498, -14.61531],
							"size": [5.93313, 1.70121, 1.64255],
							"pivot": [4.09858, 19.20559, -13.79404],
							"rotation": [0, 0, -17.5],
							"uv": {
								"north": {"uv": [103, 61], "uv_size": [-9, 3]},
								"east": {"uv": [62, 111], "uv_size": [-3, 3]},
								"south": {"uv": [103, 82], "uv_size": [-9, 3]},
								"west": {"uv": [59, 111], "uv_size": [-3, 3]},
								"up": {"uv": [104, 40], "uv_size": [-9, 3]},
								"down": {"uv": [104, 46], "uv_size": [-9, -3]}
							}
						}
					]
				},
				{
					"name": "horns_7",
					"parent": "head",
					"pivot": [0, -5.53955, -7.00278],
					"cubes": [
						{
							"origin": [-3.55319, 17.88628, -14.38066],
							"size": [7.10638, 0.99726, 0.99726],
							"uv": {
								"north": {"uv": [96, 6], "uv_size": [11, 2]},
								"east": {"uv": [56, 114], "uv_size": [2, 2]},
								"south": {"uv": [97, 17], "uv_size": [11, 2]},
								"west": {"uv": [58, 114], "uv_size": [2, 2]},
								"up": {"uv": [97, 19], "uv_size": [11, 2]},
								"down": {"uv": [99, 66], "uv_size": [11, -2]}
							}
						},
						{
							"origin": [-3.53852, 17.95128, -14.26334],
							"size": [0.80661, 2.2815, 0.76261],
							"uv": {
								"north": {"uv": [71, 62], "uv_size": [1, 4]},
								"east": {"uv": [94, 97], "uv_size": [1, 4]},
								"south": {"uv": [27, 98], "uv_size": [1, 4]},
								"west": {"uv": [64, 103], "uv_size": [1, 4]},
								"up": {"uv": [21, 111], "uv_size": [1, 1]},
								"down": {"uv": [27, 113], "uv_size": [1, -1]}
							}
						},
						{
							"origin": [2.73191, 17.95128, -14.26334],
							"size": [0.80661, 2.2815, 0.76261],
							"uv": {
								"north": {"uv": [12, 112], "uv_size": [1, 4]},
								"east": {"uv": [102, 113], "uv_size": [1, 4]},
								"south": {"uv": [109, 113], "uv_size": [1, 4]},
								"west": {"uv": [52, 114], "uv_size": [1, 4]},
								"up": {"uv": [27, 113], "uv_size": [1, 1]},
								"down": {"uv": [46, 114], "uv_size": [1, -1]}
							}
						}
					]
				},
				{
					"name": "horns_8",
					"parent": "head",
					"pivot": [0, -5.53955, -7.00278],
					"cubes": [
						{
							"origin": [-4.72644, 17.29965, -14.96729],
							"size": [9.45288, 1.17325, 1.17325],
							"pivot": [0, 18.4729, -14.38066],
							"rotation": [90, 0, 0],
							"uv": {
								"north": {"uv": [91, 31], "uv_size": [15, 2]},
								"east": {"uv": [60, 114], "uv_size": [2, 2]},
								"south": {"uv": [91, 76], "uv_size": [15, 2]},
								"west": {"uv": [64, 114], "uv_size": [2, 2]},
								"up": {"uv": [91, 86], "uv_size": [15, 2]},
								"down": {"uv": [91, 90], "uv_size": [15, -2]}
							}
						},
						{
							"origin": [-4.71177, 17.36465, -14.84996],
							"size": [0.9826, 3.45475, 0.93859],
							"pivot": [0, 18.4729, -14.38066],
							"rotation": [90, 0, 0],
							"uv": {
								"north": {"uv": [95, 106], "uv_size": [2, 5]},
								"east": {"uv": [82, 102], "uv_size": [1, 5]},
								"south": {"uv": [84, 107], "uv_size": [2, 5]},
								"west": {"uv": [97, 106], "uv_size": [1, 5]},
								"up": {"uv": [105, 71], "uv_size": [2, 1]},
								"down": {"uv": [31, 107], "uv_size": [2, -1]}
							}
						},
						{
							"origin": [3.72917, 17.36465, -14.84996],
							"size": [0.9826, 3.45475, 0.93859],
							"pivot": [0, 18.4729, -14.38066],
							"rotation": [90, 0, 0],
							"uv": {
								"north": {"uv": [13, 110], "uv_size": [2, 5]},
								"east": {"uv": [86, 107], "uv_size": [1, 5]},
								"south": {"uv": [33, 110], "uv_size": [2, 5]},
								"west": {"uv": [99, 111], "uv_size": [1, 5]},
								"up": {"uv": [18, 107], "uv_size": [2, 1]},
								"down": {"uv": [107, 106], "uv_size": [2, -1]}
							}
						}
					]
				},
				{
					"name": "horns_9",
					"parent": "head",
					"pivot": [0, -5.53955, -7.00278],
					"cubes": [
						{
							"origin": [0.47191, 18.4533, -14.42031],
							"size": [4.63312, 1.11621, 1.18755],
							"pivot": [2.46347, 19.0114, -13.82654],
							"rotation": [0, 0, -47.5],
							"uv": {
								"north": {"uv": [108, 17], "uv_size": [7, 2]},
								"east": {"uv": [68, 114], "uv_size": [2, 2]},
								"south": {"uv": [108, 19], "uv_size": [7, 2]},
								"west": {"uv": [70, 114], "uv_size": [2, 2]},
								"up": {"uv": [108, 24], "uv_size": [7, 2]},
								"down": {"uv": [33, 110], "uv_size": [7, -2]}
							}
						},
						{
							"origin": [-4.85286, 22.20771, -14.192],
							"size": [3.718, 0.72459, 0.79592],
							"pivot": [-3.48136, 22.7, -13.79404],
							"rotation": [0, 0, 107.5],
							"uv": {
								"north": {"uv": [78, 113], "uv_size": [6, 1]},
								"east": {"uv": [13, 115], "uv_size": [1, 1]},
								"south": {"uv": [113, 78], "uv_size": [6, 1]},
								"west": {"uv": [115, 13], "uv_size": [1, 1]},
								"up": {"uv": [113, 79], "uv_size": [6, 1]},
								"down": {"uv": [113, 82], "uv_size": [6, -1]}
							}
						},
						{
							"origin": [-5.10504, 18.4533, -14.42031],
							"size": [4.63313, 1.11621, 1.18755],
							"pivot": [-2.46347, 19.0114, -13.82654],
							"rotation": [0, 0, 47.5],
							"uv": {
								"north": {"uv": [40, 108], "uv_size": [7, 2]},
								"east": {"uv": [72, 114], "uv_size": [2, 2]},
								"south": {"uv": [108, 57], "uv_size": [7, 2]},
								"west": {"uv": [74, 114], "uv_size": [2, 2]},
								"up": {"uv": [108, 59], "uv_size": [7, 2]},
								"down": {"uv": [0, 111], "uv_size": [7, -2]}
							}
						},
						{
							"origin": [1.13486, 22.20771, -14.192],
							"size": [3.718, 0.72459, 0.79592],
							"pivot": [3.48136, 22.7, -13.79404],
							"rotation": [0, 0, -107.5],
							"uv": {
								"north": {"uv": [113, 72], "uv_size": [6, 1]},
								"east": {"uv": [94, 114], "uv_size": [1, 1]},
								"south": {"uv": [113, 73], "uv_size": [6, 1]},
								"west": {"uv": [115, 12], "uv_size": [1, 1]},
								"up": {"uv": [113, 74], "uv_size": [6, 1]},
								"down": {"uv": [113, 76], "uv_size": [6, -1]}
							}
						}
					]
				},
				{
					"name": "horns_10",
					"parent": "head",
					"pivot": [0, -5.53955, -7.00278],
					"cubes": [
						{
							"origin": [-3.55319, 17.56128, -14.57566],
							"size": [7.10638, 0.99726, 0.99726],
							"pivot": [0, 18.39722, -14.07704],
							"rotation": [90, 0, 0],
							"uv": {
								"north": {"uv": [99, 66], "uv_size": [11, 2]},
								"east": {"uv": [78, 114], "uv_size": [2, 2]},
								"south": {"uv": [0, 102], "uv_size": [11, 2]},
								"west": {"uv": [80, 114], "uv_size": [2, 2]},
								"up": {"uv": [102, 8], "uv_size": [11, 2]},
								"down": {"uv": [102, 12], "uv_size": [11, -2]}
							}
						},
						{
							"origin": [-3.53852, 17.62628, -14.45834],
							"size": [0.80661, 2.2815, 0.76261],
							"pivot": [0, 18.39722, -14.07704],
							"rotation": [90, 0, 0],
							"uv": {
								"north": {"uv": [82, 114], "uv_size": [1, 4]},
								"east": {"uv": [83, 114], "uv_size": [1, 4]},
								"south": {"uv": [84, 114], "uv_size": [1, 4]},
								"west": {"uv": [85, 114], "uv_size": [1, 4]},
								"up": {"uv": [14, 115], "uv_size": [1, 1]},
								"down": {"uv": [115, 15], "uv_size": [1, -1]}
							}
						},
						{
							"origin": [2.73191, 17.62628, -14.45834],
							"size": [0.80661, 2.2815, 0.76261],
							"pivot": [0, 18.39722, -14.07704],
							"rotation": [90, 0, 0],
							"uv": {
								"north": {"uv": [86, 114], "uv_size": [1, 4]},
								"east": {"uv": [89, 114], "uv_size": [1, 4]},
								"south": {"uv": [90, 114], "uv_size": [1, 4]},
								"west": {"uv": [91, 114], "uv_size": [1, 4]},
								"up": {"uv": [115, 15], "uv_size": [1, 1]},
								"down": {"uv": [115, 17], "uv_size": [1, -1]}
							}
						}
					]
				},
				{
					"name": "horn_connection",
					"parent": "head",
					"pivot": [0, 18.50669, -13.79152],
					"cubes": [
						{
							"origin": [-1.79745, 18.51277, -14.67811],
							"size": [3.5949, 0.37784, 1.77318],
							"inflate": -0.01,
							"uv": {
								"north": {"uv": [109, 16], "uv_size": [6, 1]},
								"east": {"uv": [4, 108], "uv_size": [3, 1]},
								"south": {"uv": [109, 23], "uv_size": [6, 1]},
								"west": {"uv": [114, 68], "uv_size": [3, 1]},
								"up": {"uv": [89, 106], "uv_size": [6, 3]},
								"down": {"uv": [103, 109], "uv_size": [6, -3]}
							}
						}
					]
				},
				{
					"name": "right_ear",
					"parent": "head",
					"pivot": [-1.41396, 17.73708, -12.97279],
					"rotation": [0, 0, -80],
					"cubes": [
						{
							"origin": [-2.45629, 17.92734, -13.33145],
							"size": [1.75965, 2.47697, 0.71732],
							"uv": {
								"north": {"uv": [65, 89], "uv_size": [2, 3]},
								"east": {"uv": [48, 99], "uv_size": [1, 3]},
								"south": {"uv": [70, 96], "uv_size": [2, 3]},
								"west": {"uv": [114, 89], "uv_size": [1, 3]},
								"up": {"uv": [57, 31], "uv_size": [2, 1]},
								"down": {"uv": [66, 41], "uv_size": [2, -1]}
							}
						},
						{
							"origin": [-4.47744, 17.855, -13.99686],
							"size": [2.67967, 1.85225, -0.00622],
							"inflate": 0.01,
							"pivot": [-3.24095, 18.78112, -13.62133],
							"rotation": [-3.22511, -29.4987, -10.99161],
							"uv": {
								"north": {"uv": [123, 0], "uv_size": [4, 3]},
								"east": {"uv": [127, 0], "uv_size": [1, 3]},
								"south": {"uv": [127, 0], "uv_size": [-4, 3]},
								"west": {"uv": [127, 0], "uv_size": [1, 3]},
								"up": {"uv": [128, 0], "uv_size": [-1, 3]},
								"down": {"uv": [127, 3], "uv_size": [1, -3]}
							}
						}
					]
				},
				{
					"name": "left_ear",
					"parent": "head",
					"pivot": [1.41396, 17.73708, -12.97279],
					"rotation": [0, 0, 80],
					"cubes": [
						{
							"origin": [0.69664, 17.92734, -13.33145],
							"size": [1.75965, 2.47697, 0.71732],
							"uv": {
								"north": {"uv": [9, 104], "uv_size": [2, 3]},
								"east": {"uv": [92, 114], "uv_size": [1, 3]},
								"south": {"uv": [110, 111], "uv_size": [2, 3]},
								"west": {"uv": [93, 114], "uv_size": [1, 3]},
								"up": {"uv": [76, 12], "uv_size": [2, 1]},
								"down": {"uv": [70, 79], "uv_size": [2, -1]}
							}
						}
					]
				},
				{
					"name": "mouth",
					"parent": "head",
					"pivot": [0, 17.02181, -17.16043],
					"rotation": [-7.5, 0, 0],
					"cubes": [
						{
							"origin": [-1.65536, 15.46728, -19.47566],
							"size": [3.31071, 2.86591, 2.91938],
							"pivot": [0, 16.35501, -18.44604],
							"rotation": [7.5, 0, 0],
							"uv": {
								"north": {"uv": [65, 96], "uv_size": [5, 5]},
								"east": {"uv": [94, 101], "uv_size": [4, 5]},
								"south": {"uv": [95, 96], "uv_size": [5, 5]},
								"west": {"uv": [11, 102], "uv_size": [4, 5]},
								"up": {"uv": [48, 102], "uv_size": [5, 4]},
								"down": {"uv": [53, 106], "uv_size": [5, -4]}
							}
						}
					]
				},
				{
					"name": "jaw",
					"parent": "mouth",
					"pivot": [0, 15.25144, -16.79069],
					"cubes": [
						{
							"origin": [-1.35187, 15.16522, -19.04044],
							"size": [2.70374, 0.87425, 2.84765],
							"pivot": [0, 15.25144, -16.79069],
							"rotation": [15, 0, 0],
							"uv": {
								"north": {"uv": [81, 74], "uv_size": [4, 2]},
								"east": {"uv": [111, 69], "uv_size": [4, 2]},
								"south": {"uv": [111, 92], "uv_size": [4, 2]},
								"west": {"uv": [111, 94], "uv_size": [4, 2]},
								"up": {"uv": [54, 106], "uv_size": [4, 4]},
								"down": {"uv": [29, 111], "uv_size": [4, -4]}
							}
						}
					]
				},
				{
					"name": "tail",
					"parent": "body_piv",
					"pivot": [0, 15.17795, 8.227],
					"cubes": [
						{
							"origin": [-0.55215, 7.35022, 8.10304],
							"size": [1.1043, 8.09667, 1.39425],
							"inflate": 0.05,
							"uv": {
								"north": {"uv": [26, 36], "uv_size": [2, 13]},
								"east": {"uv": [89, 92], "uv_size": [2, 13]},
								"south": {"uv": [31, 93], "uv_size": [2, 13]},
								"west": {"uv": [18, 94], "uv_size": [2, 13]},
								"up": {"uv": [7, 108], "uv_size": [2, 2]},
								"down": {"uv": [95, 115], "uv_size": [2, -2]}
							}
						}
					]
				},
				{
					"name": "tail_2",
					"parent": "tail",
					"pivot": [0, 7.32248, 8.74151],
					"cubes": [
						{
							"origin": [-0.84883, 3.29772, 7.7477],
							"size": [1.69766, 3.99703, 1.98761],
							"inflate": 0.05,
							"uv": {
								"north": {"uv": [104, 90], "uv_size": [3, 6]},
								"east": {"uv": [100, 104], "uv_size": [3, 6]},
								"south": {"uv": [105, 0], "uv_size": [3, 6]},
								"west": {"uv": [15, 105], "uv_size": [3, 6]},
								"up": {"uv": [44, 110], "uv_size": [3, 3]},
								"down": {"uv": [53, 113], "uv_size": [3, -3]}
							}
						}
					]
				},
				{
					"name": "front_right_leg",
					"parent": "body",
					"pivot": [-1.73967, 8.69837, -6.23384],
					"cubes": [
						{
							"origin": [-2.89946, 5.21902, -7.53859],
							"size": [2.31957, 5.28914, 2.60952],
							"uv": {
								"north": {"uv": [33, 90], "uv_size": [4, 7]},
								"east": {"uv": [37, 90], "uv_size": [4, 7]},
								"south": {"uv": [41, 90], "uv_size": [4, 7]},
								"west": {"uv": [24, 91], "uv_size": [4, 7]},
								"up": {"uv": [107, 89], "uv_size": [4, 4]},
								"down": {"uv": [107, 97], "uv_size": [4, -4]}
							}
						}
					]
				},
				{
					"name": "front_right_calf",
					"parent": "front_right_leg",
					"pivot": [-1.73967, 5.50897, -6.23384],
					"cubes": [
						{
							"origin": [-2.60952, 0.57316, -7.24864],
							"size": [1.73968, 5.80565, 2.02962],
							"uv": {
								"north": {"uv": [76, 92], "uv_size": [3, 9]},
								"east": {"uv": [83, 92], "uv_size": [3, 9]},
								"south": {"uv": [86, 92], "uv_size": [3, 9]},
								"west": {"uv": [28, 93], "uv_size": [3, 9]},
								"up": {"uv": [110, 63], "uv_size": [3, 3]},
								"down": {"uv": [64, 113], "uv_size": [3, -3]}
							}
						}
					]
				},
				{
					"name": "front_right_hoof",
					"parent": "front_right_calf",
					"pivot": [-1.73967, 1.50772, -6.43679],
					"cubes": [
						{
							"origin": [-2.66329, 0.0042, -7.94031],
							"size": [1.84724, 1.43661, 1.84725],
							"inflate": 0.01,
							"uv": {
								"north": {"uv": [6, 112], "uv_size": [3, 2]},
								"east": {"uv": [9, 112], "uv_size": [3, 2]},
								"south": {"uv": [21, 112], "uv_size": [3, 2]},
								"west": {"uv": [24, 112], "uv_size": [3, 2]},
								"up": {"uv": [67, 110], "uv_size": [3, 3]},
								"down": {"uv": [70, 113], "uv_size": [3, -3]}
							}
						}
					]
				},
				{
					"name": "front_left_leg",
					"parent": "body",
					"pivot": [1.73967, 8.69837, -6.23384],
					"cubes": [
						{
							"origin": [0.57989, 5.21902, -7.53859],
							"size": [2.31957, 5.28914, 2.60952],
							"uv": {
								"north": {"uv": [91, 90], "uv_size": [4, 7]},
								"east": {"uv": [92, 0], "uv_size": [4, 7]},
								"south": {"uv": [92, 33], "uv_size": [4, 7]},
								"west": {"uv": [45, 92], "uv_size": [4, 7]},
								"up": {"uv": [107, 97], "uv_size": [4, 4]},
								"down": {"uv": [107, 105], "uv_size": [4, -4]}
							}
						}
					]
				},
				{
					"name": "front_left_calf",
					"parent": "front_left_leg",
					"pivot": [1.73967, 5.50897, -6.23384],
					"cubes": [
						{
							"origin": [0.86984, 0.57316, -7.24864],
							"size": [1.73968, 5.80565, 2.02962],
							"uv": {
								"north": {"uv": [49, 93], "uv_size": [3, 9]},
								"east": {"uv": [52, 93], "uv_size": [3, 9]},
								"south": {"uv": [55, 93], "uv_size": [3, 9]},
								"west": {"uv": [58, 93], "uv_size": [3, 9]},
								"up": {"uv": [73, 110], "uv_size": [3, 3]},
								"down": {"uv": [110, 80], "uv_size": [3, -3]}
							}
						}
					]
				},
				{
					"name": "front_left_hoof",
					"parent": "front_left_calf",
					"pivot": [1.73967, 1.50772, -6.43679],
					"cubes": [
						{
							"origin": [0.81605, 0.0042, -7.94031],
							"size": [1.84724, 1.43661, 1.84725],
							"inflate": 0.01,
							"uv": {
								"north": {"uv": [112, 26], "uv_size": [3, 2]},
								"east": {"uv": [112, 28], "uv_size": [3, 2]},
								"south": {"uv": [112, 30], "uv_size": [3, 2]},
								"west": {"uv": [84, 112], "uv_size": [3, 2]},
								"up": {"uv": [78, 110], "uv_size": [3, 3]},
								"down": {"uv": [81, 113], "uv_size": [3, -3]}
							}
						}
					]
				}
			]
		}
	]
}