{
	"format_version": "1.12.0",
	"minecraft:geometry": [
		{
			"description": {
				"identifier": "geometry.unknown",
				"texture_width": 128,
				"texture_height": 128,
				"visible_bounds_width": 9,
				"visible_bounds_height": 4,
				"visible_bounds_offset": [0, 1, 0]
			},
			"bones": [
				{
					"name": "body",
					"pivot": [0, 18.64457, -3.73483]
				},
				{
					"name": "body_piv",
					"parent": "body",
					"pivot": [0, 23.76404, 0],
					"cubes": [
						{
							"origin": [-5.98779, 12.46019, -16.25767],
							"size": [5.65566, 15.83889, 12.31414],
							"inflate": 0.05,
							"uv": {
								"north": {"uv": [49, 81], "uv_size": [4, 12]},
								"east": {"uv": [49, 32], "uv_size": [10, 12]},
								"south": {"uv": [53, 81], "uv_size": [4, 12]},
								"west": {"uv": [49, 44], "uv_size": [10, 12]},
								"up": {"uv": [65, 0], "uv_size": [4, 10]},
								"down": {"uv": [67, 92], "uv_size": [4, -10]}
							}
						},
						{
							"origin": [0, 4.48901, -7.12339],
							"size": [0, 7.99164, 15.30763],
							"uv": {
								"north": {"uv": [0, 123], "uv_size": [2, 2]},
								"east": {"uv": [73, 29], "uv_size": [12, 6]},
								"south": {"uv": [0, 123], "uv_size": [2, 2]},
								"west": {"uv": [76, 0], "uv_size": [12, 6]},
								"up": {"uv": [2, 126], "uv_size": [-2, 2]},
								"down": {"uv": [2, 128], "uv_size": [-2, -2]}
							}
						},
						{
							"origin": [-5.6428, 13.72338, -15.79982],
							"size": [11.2856, 14.46913, 10.94308],
							"uv": {
								"north": {"uv": [59, 41], "uv_size": [9, 11]},
								"east": {"uv": [60, 10], "uv_size": [9, 11]},
								"south": {"uv": [0, 62], "uv_size": [9, 11]},
								"west": {"uv": [9, 64], "uv_size": [9, 11]},
								"up": {"uv": [72, 67], "uv_size": [9, 9]},
								"down": {"uv": [0, 82], "uv_size": [9, -9]}
							}
						},
						{
							"origin": [-5.87493, 12.2005, 5.21899],
							"size": [11.74986, 15.83887, 12.42699],
							"inflate": 0.05,
							"pivot": [0, 21.26159, 11.43248],
							"rotation": [-2.5, 0, 0],
							"uv": {
								"north": {"uv": [21, 56], "uv_size": [9, 12]},
								"east": {"uv": [39, 32], "uv_size": [10, 12]},
								"south": {"uv": [30, 56], "uv_size": [9, 12]},
								"west": {"uv": [39, 44], "uv_size": [10, 12]},
								"up": {"uv": [71, 47], "uv_size": [9, 10]},
								"down": {"uv": [72, 67], "uv_size": [9, -10]}
							}
						},
						{
							"origin": [-5.6428, 12.48065, -6.00674],
							"size": [11.2856, 15.71186, 12.01432],
							"uv": {
								"north": {"uv": [39, 56], "uv_size": [9, 12]},
								"east": {"uv": [68, 35], "uv_size": [8, 12]},
								"south": {"uv": [48, 56], "uv_size": [9, 12]},
								"west": {"uv": [42, 68], "uv_size": [8, 12]},
								"up": {"uv": [69, 13], "uv_size": [9, 8]},
								"down": {"uv": [73, 29], "uv_size": [9, -8]}
							}
						},
						{
							"origin": [0.33213, 12.46019, -16.25767],
							"size": [5.65566, 15.83889, 12.31414],
							"inflate": 0.05,
							"uv": {
								"north": {"uv": [8, 82], "uv_size": [4, 12]},
								"east": {"uv": [0, 50], "uv_size": [10, 12]},
								"south": {"uv": [12, 82], "uv_size": [4, 12]},
								"west": {"uv": [50, 14], "uv_size": [10, 12]},
								"up": {"uv": [71, 82], "uv_size": [4, 10]},
								"down": {"uv": [75, 92], "uv_size": [4, -10]}
							}
						}
					]
				},
				{
					"name": "crest",
					"parent": "body_piv",
					"pivot": [0, 27.51071, -9.19039],
					"rotation": [-2.5, 0, 0],
					"cubes": [
						{
							"origin": [-3.35947, 24.56226, -15.1317],
							"size": [6.71894, 5.4369, 11.88264],
							"uv": {
								"north": {"uv": [102, 72], "uv_size": [5, 4]},
								"east": {"uv": [9, 75], "uv_size": [9, 4]},
								"south": {"uv": [4, 104], "uv_size": [5, 4]},
								"west": {"uv": [85, 82], "uv_size": [9, 4]},
								"up": {"uv": [81, 65], "uv_size": [5, 9]},
								"down": {"uv": [24, 91], "uv_size": [5, -9]}
							}
						}
					]
				},
				{
					"name": "hump",
					"parent": "body_piv",
					"pivot": [0, 23.73069, -9.1333],
					"cubes": [
						{
							"origin": [-3.35947, 27.32226, -15.1317],
							"size": [6.71894, 5.4369, 11.88264],
							"uv": {
								"north": {"uv": [102, 72], "uv_size": [5, 4]},
								"east": {"uv": [9, 75], "uv_size": [9, 4]},
								"south": {"uv": [4, 104], "uv_size": [5, 4]},
								"west": {"uv": [85, 82], "uv_size": [9, 4]},
								"up": {"uv": [81, 65], "uv_size": [5, 9]},
								"down": {"uv": [24, 91], "uv_size": [5, -9]}
							}
						}
					]
				},
				{
					"name": "body_fluff",
					"parent": "body_piv",
					"pivot": [0, 19.16404, 0],
					"cubes": [
						{
							"origin": [-7.06987, 6.77234, -17.41502],
							"size": [14.13974, 22.90433, 35.98004],
							"uv": {
								"north": {"uv": [15, 36], "uv_size": [11, 18]},
								"east": {"uv": [0, 0], "uv_size": [28, 18]},
								"south": {"uv": [39, 14], "uv_size": [11, 18]},
								"west": {"uv": [0, 18], "uv_size": [28, 18]},
								"up": {"uv": [28, 0], "uv_size": [11, 28]},
								"down": {"uv": [28, 56], "uv_size": [11, -28]}
							}
						}
					]
				},
				{
					"name": "fat",
					"parent": "body_piv",
					"pivot": [0, 16.10434, -13.30092],
					"cubes": [
						{
							"origin": [-1.07615, 8.48484, -21.98167],
							"size": [2.1523, 14.27911, 15.31596],
							"pivot": [0, 14.19315, -13.1862],
							"rotation": [-60, 0, 0],
							"uv": {
								"north": {"uv": [98, 101], "uv_size": [2, 10]},
								"east": {"uv": [54, 0], "uv_size": [11, 10]},
								"south": {"uv": [62, 103], "uv_size": [2, 10]},
								"west": {"uv": [10, 54], "uv_size": [11, 10]},
								"up": {"uv": [76, 101], "uv_size": [2, 11]},
								"down": {"uv": [87, 112], "uv_size": [2, -11]}
							}
						}
					]
				},
				{
					"name": "back_right_leg",
					"parent": "body_piv",
					"pivot": [-3.94996, 23.67828, 10.84464],
					"cubes": [
						{
							"origin": [-6.77263, 11.47971, 6.32912],
							"size": [5.64536, 14.70002, 9.59531],
							"inflate": 0.01,
							"pivot": [0, 18.27854, 24.38733],
							"rotation": [-2.5, 0, 0],
							"uv": {
								"north": {"uv": [0, 82], "uv_size": [4, 12]},
								"east": {"uv": [64, 66], "uv_size": [8, 12]},
								"south": {"uv": [4, 82], "uv_size": [4, 12]},
								"west": {"uv": [18, 68], "uv_size": [8, 12]},
								"up": {"uv": [45, 84], "uv_size": [4, 8]},
								"down": {"uv": [88, 8], "uv_size": [4, -8]}
							}
						}
					]
				},
				{
					"name": "back_left_calf",
					"parent": "back_right_leg",
					"pivot": [-3.94996, 16.99389, 13.94817],
					"cubes": [
						{
							"origin": [-6.20708, 11.28558, 10.85774],
							"size": [4.51425, 6.75825, 6.20708],
							"uv": {
								"north": {"uv": [41, 103], "uv_size": [4, 5]},
								"east": {"uv": [10, 97], "uv_size": [5, 5]},
								"south": {"uv": [58, 103], "uv_size": [4, 5]},
								"west": {"uv": [97, 12], "uv_size": [5, 5]},
								"up": {"uv": [103, 81], "uv_size": [4, 5]},
								"down": {"uv": [103, 101], "uv_size": [4, -5]}
							}
						},
						{
							"origin": [-5.6428, 1.11545, 13.11486],
							"size": [3.38568, 10.17013, 3.94996],
							"uv": {
								"north": {"uv": [15, 97], "uv_size": [3, 8]},
								"east": {"uv": [91, 97], "uv_size": [3, 8]},
								"south": {"uv": [24, 98], "uv_size": [3, 8]},
								"west": {"uv": [45, 99], "uv_size": [3, 8]},
								"up": {"uv": [18, 64], "uv_size": [3, 3]},
								"down": {"uv": [35, 113], "uv_size": [3, -3]}
							}
						}
					]
				},
				{
					"name": "back_left_hoof",
					"parent": "back_left_calf",
					"pivot": [-3.94996, 2.93426, 13.55319],
					"cubes": [
						{
							"origin": [-5.75693, -0.00129, 11.75931],
							"size": [3.61394, 2.81479, 3.61396],
							"inflate": 0.01,
							"uv": {
								"north": {"uv": [33, 82], "uv_size": [3, 2]},
								"east": {"uv": [104, 45], "uv_size": [3, 2]},
								"south": {"uv": [111, 102], "uv_size": [3, 2]},
								"west": {"uv": [107, 111], "uv_size": [3, 2]},
								"up": {"uv": [38, 110], "uv_size": [3, 3]},
								"down": {"uv": [110, 42], "uv_size": [3, -3]}
							}
						}
					]
				},
				{
					"name": "back_left_leg",
					"parent": "body_piv",
					"pivot": [3.94996, 23.67828, 10.84464],
					"cubes": [
						{
							"origin": [1.12727, 11.47971, 6.32912],
							"size": [5.64536, 14.70002, 9.59531],
							"inflate": 0.01,
							"pivot": [0, 18.27854, 24.38733],
							"rotation": [-2.5, 0, 0],
							"uv": {
								"north": {"uv": [16, 82], "uv_size": [4, 12]},
								"east": {"uv": [26, 68], "uv_size": [8, 12]},
								"south": {"uv": [20, 82], "uv_size": [4, 12]},
								"west": {"uv": [34, 68], "uv_size": [8, 12]},
								"up": {"uv": [79, 88], "uv_size": [4, 8]},
								"down": {"uv": [61, 97], "uv_size": [4, -8]}
							}
						}
					]
				},
				{
					"name": "back_right_calf",
					"parent": "back_left_leg",
					"pivot": [3.94996, 16.99389, 13.94817],
					"cubes": [
						{
							"origin": [1.69283, 11.28558, 10.85774],
							"size": [4.51425, 6.75825, 6.20708],
							"uv": {
								"north": {"uv": [27, 102], "uv_size": [4, 5]},
								"east": {"uv": [0, 97], "uv_size": [5, 5]},
								"south": {"uv": [78, 102], "uv_size": [4, 5]},
								"west": {"uv": [5, 97], "uv_size": [5, 5]},
								"up": {"uv": [33, 103], "uv_size": [4, 5]},
								"down": {"uv": [37, 108], "uv_size": [4, -5]}
							}
						},
						{
							"origin": [2.25712, 1.11545, 13.11486],
							"size": [3.38568, 10.17013, 3.94996],
							"uv": {
								"north": {"uv": [70, 99], "uv_size": [3, 8]},
								"east": {"uv": [73, 99], "uv_size": [3, 8]},
								"south": {"uv": [20, 100], "uv_size": [3, 8]},
								"west": {"uv": [100, 96], "uv_size": [3, 8]},
								"up": {"uv": [100, 110], "uv_size": [3, 3]},
								"down": {"uv": [0, 114], "uv_size": [3, -3]}
							}
						}
					]
				},
				{
					"name": "back_right_hoof",
					"parent": "back_right_calf",
					"pivot": [3.94996, 2.93426, 13.55319],
					"cubes": [
						{
							"origin": [2.14299, -0.00129, 11.75931],
							"size": [3.61394, 2.81479, 3.61396],
							"inflate": 0.01,
							"uv": {
								"north": {"uv": [112, 86], "uv_size": [3, 2]},
								"east": {"uv": [112, 111], "uv_size": [3, 2]},
								"south": {"uv": [113, 8], "uv_size": [3, 2]},
								"west": {"uv": [113, 10], "uv_size": [3, 2]},
								"up": {"uv": [3, 111], "uv_size": [3, 3]},
								"down": {"uv": [15, 114], "uv_size": [3, -3]}
							}
						}
					]
				},
				{
					"name": "neck",
					"parent": "body_piv",
					"pivot": [0, 23.05814, -15.95128],
					"rotation": [12.5, 0, 0],
					"cubes": [
						{
							"origin": [-2.8214, 22.08389, -21.7741],
							"size": [5.6428, 8.00016, 7.87371],
							"pivot": [0, 26.30534, -17.83725],
							"rotation": [-25, 0, 0],
							"uv": {
								"north": {"uv": [20, 94], "uv_size": [4, 6]},
								"east": {"uv": [79, 82], "uv_size": [6, 6]},
								"south": {"uv": [79, 96], "uv_size": [4, 6]},
								"west": {"uv": [33, 84], "uv_size": [6, 6]},
								"up": {"uv": [33, 97], "uv_size": [4, 6]},
								"down": {"uv": [37, 103], "uv_size": [4, -6]}
							}
						},
						{
							"origin": [-2.78427, 24.58086, -25.76361],
							"size": [5.61168, 7.9422, 5.09698],
							"inflate": -0.01,
							"pivot": [0.02156, 28.74171, -24.03137],
							"rotation": [-17.44788, -0.22077, 0],
							"uv": {
								"north": {"uv": [65, 101], "uv_size": [4, 6]},
								"east": {"uv": [87, 34], "uv_size": [5, 6]},
								"south": {"uv": [83, 101], "uv_size": [4, 6]},
								"west": {"uv": [88, 21], "uv_size": [5, 6]},
								"up": {"uv": [103, 101], "uv_size": [4, 5]},
								"down": {"uv": [0, 109], "uv_size": [4, -5]}
							}
						},
						{
							"origin": [-2.76174, 20.6433, -27.20429],
							"size": [5.58056, 7.38452, 12.56384],
							"inflate": -0.02,
							"pivot": [0, 21.91785, -23.55349],
							"rotation": [-45, 0, 0],
							"uv": {
								"north": {"uv": [41, 97], "uv_size": [4, 6]},
								"east": {"uv": [76, 6], "uv_size": [11, 6]},
								"south": {"uv": [61, 97], "uv_size": [4, 6]},
								"west": {"uv": [76, 35], "uv_size": [11, 6]},
								"up": {"uv": [29, 82], "uv_size": [4, 11]},
								"down": {"uv": [57, 93], "uv_size": [4, -11]}
							}
						}
					]
				},
				{
					"name": "neck_fluff",
					"parent": "neck",
					"pivot": [0, 24.64473, -15.42526],
					"cubes": [
						{
							"origin": [-4.41973, 10.97324, -28.11824],
							"size": [8.83946, 17.83236, 19.29032],
							"pivot": [0, 23.14973, -13.35526],
							"rotation": [-20, 0, 0],
							"uv": {
								"north": {"uv": [64, 52], "uv_size": [7, 14]},
								"east": {"uv": [0, 36], "uv_size": [15, 14]},
								"south": {"uv": [66, 21], "uv_size": [7, 14]},
								"west": {"uv": [39, 0], "uv_size": [15, 14]},
								"up": {"uv": [57, 56], "uv_size": [7, 15]},
								"down": {"uv": [59, 41], "uv_size": [7, -15]}
							}
						}
					]
				},
				{
					"name": "bell",
					"parent": "neck",
					"pivot": [0, 18.15, -22.3],
					"rotation": [167.5, 0, 0],
					"cubes": [
						{
							"origin": [-2.4, 21.65875, -24.76354],
							"size": [4.8, 1.2, 4.8],
							"uv": {
								"north": {"uv": [79, 126], "uv_size": [8, 2]},
								"east": {"uv": [71, 126], "uv_size": [8, 2]},
								"south": {"uv": [95, 126], "uv_size": [8, 2]},
								"west": {"uv": [87, 126], "uv_size": [8, 2]},
								"up": {"uv": [79, 118], "uv_size": [8, 8]},
								"down": {"uv": [87, 126], "uv_size": [8, -8]}
							}
						},
						{
							"origin": [-1.8, 18.05875, -24.16354],
							"size": [3.6, 4.2, 3.6],
							"uv": {
								"north": {"uv": [110, 121], "uv_size": [6, 7]},
								"east": {"uv": [104, 121], "uv_size": [6, 7]},
								"south": {"uv": [122, 121], "uv_size": [6, 7]},
								"west": {"uv": [116, 121], "uv_size": [6, 7]},
								"up": {"uv": [110, 115], "uv_size": [6, 6]},
								"down": {"uv": [116, 121], "uv_size": [6, -6]}
							}
						}
					]
				},
				{
					"name": "wagon_harness",
					"parent": "neck",
					"pivot": [-0.03414, 27.44193, -14.29374],
					"rotation": [157.5, 0, 0],
					"cubes": [
						{
							"origin": [-4.71836, 33.88, -19.44098],
							"size": [9.27277, 5.56908, 16.11862],
							"pivot": [-0.08198, 34.20223, -8.49844],
							"rotation": [67.50008, -0.00168, 0.01959],
							"uv": {
								"north": {"uv": [65, 92], "uv_size": [7, 4]},
								"east": {"uv": [36, 80], "uv_size": [13, 4]},
								"south": {"uv": [92, 65], "uv_size": [7, 4]},
								"west": {"uv": [81, 61], "uv_size": [13, 4]},
								"up": {"uv": [50, 68], "uv_size": [7, 13]},
								"down": {"uv": [69, 13], "uv_size": [7, -13]}
							}
						},
						{
							"origin": [-1.68834, 24.95442, -14.20067],
							"size": [4.71097, 1.09407, 1.09406],
							"pivot": [-0.01, 24.84421, -15.38492],
							"rotation": [-105.16911, 24.62796, 112.83685],
							"uv": {
								"north": {"uv": [91, 78], "uv_size": [4, 1]},
								"east": {"uv": [9, 62], "uv_size": [1, 1]},
								"south": {"uv": [92, 7], "uv_size": [4, 1]},
								"west": {"uv": [9, 63], "uv_size": [1, 1]},
								"up": {"uv": [94, 64], "uv_size": [4, 1]},
								"down": {"uv": [89, 106], "uv_size": [4, -1]}
							}
						},
						{
							"origin": [-3.04265, 24.95442, -14.20067],
							"size": [4.71098, 1.09407, 1.09406],
							"pivot": [-0.01, 24.84421, -15.38492],
							"rotation": [-105.16911, -24.62796, -112.83685],
							"uv": {
								"north": {"uv": [23, 106], "uv_size": [4, 1]},
								"east": {"uv": [49, 80], "uv_size": [1, 1]},
								"south": {"uv": [106, 77], "uv_size": [4, 1]},
								"west": {"uv": [85, 74], "uv_size": [1, 1]},
								"up": {"uv": [108, 26], "uv_size": [4, 1]},
								"down": {"uv": [112, 114], "uv_size": [4, -1]}
							}
						}
					]
				},
				{
					"name": "head",
					"parent": "neck",
					"pivot": [0, 29.71295, -23.68911],
					"rotation": [22.5, 0, 0],
					"cubes": [
						{
							"origin": [-3.49005, 29.37136, -31.42051],
							"size": [6.9801, 2.89942, 8.13843],
							"pivot": [0, 30.82107, -27.3513],
							"rotation": [5, 0, 0],
							"uv": {
								"north": {"uv": [109, 12], "uv_size": [6, 2]},
								"east": {"uv": [109, 14], "uv_size": [6, 2]},
								"south": {"uv": [109, 21], "uv_size": [6, 2]},
								"west": {"uv": [47, 109], "uv_size": [6, 2]},
								"up": {"uv": [39, 84], "uv_size": [6, 6]},
								"down": {"uv": [85, 34], "uv_size": [6, -6]}
							}
						},
						{
							"origin": [-3.49005, 24.94423, -31.32051],
							"size": [6.9801, 4.32713, 3.843],
							"uv": {
								"north": {"uv": [102, 24], "uv_size": [6, 3]},
								"east": {"uv": [41, 110], "uv_size": [3, 3]},
								"south": {"uv": [103, 61], "uv_size": [6, 3]},
								"west": {"uv": [110, 42], "uv_size": [3, 3]},
								"up": {"uv": [104, 39], "uv_size": [6, 3]},
								"down": {"uv": [104, 45], "uv_size": [6, -3]}
							}
						},
						{
							"origin": [-4.00551, 24.38459, -29.22438],
							"size": [8.01102, 5.1541, 5.90441],
							"pivot": [0, 27.00936, -25.31341],
							"rotation": [-7.5, 0, 0],
							"uv": {
								"north": {"uv": [54, 10], "uv_size": [6, 4]},
								"east": {"uv": [10, 50], "uv_size": [5, 4]},
								"south": {"uv": [96, 72], "uv_size": [6, 4]},
								"west": {"uv": [59, 52], "uv_size": [5, 4]},
								"up": {"uv": [60, 21], "uv_size": [6, 5]},
								"down": {"uv": [86, 76], "uv_size": [6, -5]}
							}
						}
					]
				},
				{
					"name": "head_fluff",
					"parent": "head",
					"pivot": [0, -14.57532, -11.78754],
					"cubes": [
						{
							"origin": [-4.06089, 24.80471, -32.56217],
							"size": [8.12178, 7.6944, 9.28009],
							"uv": {
								"north": {"uv": [86, 65], "uv_size": [6, 6]},
								"east": {"uv": [50, 26], "uv_size": [7, 6]},
								"south": {"uv": [85, 86], "uv_size": [6, 6]},
								"west": {"uv": [57, 71], "uv_size": [7, 6]},
								"up": {"uv": [82, 21], "uv_size": [6, 7]},
								"down": {"uv": [61, 89], "uv_size": [6, -7]}
							}
						}
					]
				},
				{
					"name": "horns_1",
					"parent": "head",
					"pivot": [0, -14.57532, -12.37549],
					"cubes": [
						{
							"origin": [-9.19837, 31.01494, -26.73399],
							"size": [18.39674, 2.28334, 2.28333],
							"uv": {
								"north": {"uv": [87, 8], "uv_size": [15, 2]},
								"east": {"uv": [97, 113], "uv_size": [2, 2]},
								"south": {"uv": [87, 10], "uv_size": [15, 2]},
								"west": {"uv": [100, 113], "uv_size": [2, 2]},
								"up": {"uv": [91, 27], "uv_size": [15, 2]},
								"down": {"uv": [91, 31], "uv_size": [15, -2]}
							}
						},
						{
							"origin": [-9.16984, 31.01494, -26.50565],
							"size": [1.91229, 6.84998, 1.82666],
							"uv": {
								"north": {"uv": [66, 35], "uv_size": [2, 5]},
								"east": {"uv": [23, 100], "uv_size": [1, 5]},
								"south": {"uv": [68, 47], "uv_size": [2, 5]},
								"west": {"uv": [69, 101], "uv_size": [1, 5]},
								"up": {"uv": [101, 81], "uv_size": [2, 1]},
								"down": {"uv": [102, 40], "uv_size": [2, -1]}
							}
						},
						{
							"origin": [7.25755, 31.01494, -26.50565],
							"size": [1.91229, 6.84998, 1.82666],
							"uv": {
								"north": {"uv": [26, 49], "uv_size": [2, 5]},
								"east": {"uv": [70, 47], "uv_size": [1, 5]},
								"south": {"uv": [57, 26], "uv_size": [2, 5]},
								"west": {"uv": [71, 57], "uv_size": [1, 5]},
								"up": {"uv": [85, 34], "uv_size": [2, 1]},
								"down": {"uv": [93, 41], "uv_size": [2, -1]}
							}
						}
					]
				},
				{
					"name": "horns_2",
					"parent": "head",
					"pivot": [0, -14.57532, -12.37549],
					"cubes": [
						{
							"origin": [-17.19, 30.32996, -27.07648],
							"size": [34.38, 2.96832, 2.96832],
							"uv": {
								"north": {"uv": [80, 53], "uv_size": [27, 2]},
								"east": {"uv": [66, 114], "uv_size": [2, 2]},
								"south": {"uv": [80, 55], "uv_size": [27, 2]},
								"west": {"uv": [114, 66], "uv_size": [2, 2]},
								"up": {"uv": [81, 57], "uv_size": [27, 2]},
								"down": {"uv": [81, 61], "uv_size": [27, -2]}
							}
						},
						{
							"origin": [-17.16147, 30.55829, -31.64313],
							"size": [2.38492, 2.51166, 5.25165],
							"uv": {
								"north": {"uv": [2, 114], "uv_size": [2, 2]},
								"east": {"uv": [111, 98], "uv_size": [4, 2]},
								"south": {"uv": [4, 114], "uv_size": [2, 2]},
								"west": {"uv": [111, 100], "uv_size": [4, 2]},
								"up": {"uv": [103, 111], "uv_size": [2, 4]},
								"down": {"uv": [105, 115], "uv_size": [2, -4]}
							}
						},
						{
							"origin": [14.77655, 30.55829, -31.64313],
							"size": [2.38492, 2.51166, 5.25165],
							"uv": {
								"north": {"uv": [107, 113], "uv_size": [2, 2]},
								"east": {"uv": [95, 111], "uv_size": [4, 2]},
								"south": {"uv": [0, 114], "uv_size": [2, 2]},
								"west": {"uv": [111, 96], "uv_size": [4, 2]},
								"up": {"uv": [83, 88], "uv_size": [2, 4]},
								"down": {"uv": [31, 115], "uv_size": [2, -4]}
							}
						}
					]
				},
				{
					"name": "horns_3",
					"parent": "head",
					"pivot": [0, -14.57532, -12.37549],
					"cubes": [
						{
							"origin": [-17.19, 30.32996, -27.07648],
							"size": [34.38, 2.96832, 2.96832],
							"uv": {
								"north": {"uv": [9, 80], "uv_size": [27, 2]},
								"east": {"uv": [6, 114], "uv_size": [2, 2]},
								"south": {"uv": [80, 47], "uv_size": [27, 2]},
								"west": {"uv": [114, 6], "uv_size": [2, 2]},
								"up": {"uv": [80, 49], "uv_size": [27, 2]},
								"down": {"uv": [80, 53], "uv_size": [27, -2]}
							}
						},
						{
							"origin": [14.77655, 33.98328, -27.07648],
							"size": [2.38492, 2.51164, 4.10999],
							"pivot": [15.969, 35.2391, -25.59232],
							"rotation": [-90, 0, 0],
							"uv": {
								"north": {"uv": [8, 114], "uv_size": [2, 2]},
								"east": {"uv": [35, 113], "uv_size": [3, 2]},
								"south": {"uv": [10, 114], "uv_size": [2, 2]},
								"west": {"uv": [38, 113], "uv_size": [3, 2]},
								"up": {"uv": [76, 112], "uv_size": [2, 3]},
								"down": {"uv": [87, 115], "uv_size": [2, -3]}
							}
						},
						{
							"origin": [-17.16147, 33.98328, -27.07648],
							"size": [2.38492, 2.51164, 4.10999],
							"pivot": [-15.969, 35.2391, -25.59232],
							"rotation": [-90, 0, 0],
							"uv": {
								"north": {"uv": [19, 114], "uv_size": [2, 2]},
								"east": {"uv": [113, 44], "uv_size": [3, 2]},
								"south": {"uv": [21, 114], "uv_size": [2, 2]},
								"west": {"uv": [113, 46], "uv_size": [3, 2]},
								"up": {"uv": [113, 48], "uv_size": [2, 3]},
								"down": {"uv": [113, 54], "uv_size": [2, -3]}
							}
						}
					]
				},
				{
					"name": "horns_4",
					"parent": "head",
					"pivot": [0, -14.57532, -12.37549],
					"cubes": [
						{
							"origin": [2.21826, 26.1058, -27.19065],
							"size": [24.10504, 3.31083, 3.19665],
							"pivot": [19.68654, 29.35954, -25.59232],
							"rotation": [0, 0, 15],
							"uv": {
								"north": {"uv": [76, 41], "uv_size": [19, 3]},
								"east": {"uv": [18, 111], "uv_size": [3, 3]},
								"south": {"uv": [76, 44], "uv_size": [19, 3]},
								"west": {"uv": [28, 111], "uv_size": [3, 3]},
								"up": {"uv": [72, 76], "uv_size": [19, 3]},
								"down": {"uv": [78, 15], "uv_size": [19, -3]}
							}
						},
						{
							"origin": [-26.3233, 26.1058, -27.19065],
							"size": [24.10504, 3.31083, 3.19665],
							"pivot": [-19.68654, 29.35954, -25.59232],
							"rotation": [0, 0, -15],
							"uv": {
								"north": {"uv": [78, 15], "uv_size": [19, 3]},
								"east": {"uv": [111, 33], "uv_size": [3, 3]},
								"south": {"uv": [78, 18], "uv_size": [19, 3]},
								"west": {"uv": [111, 36], "uv_size": [3, 3]},
								"up": {"uv": [57, 79], "uv_size": [19, 3]},
								"down": {"uv": [76, 82], "uv_size": [19, -3]}
							}
						},
						{
							"origin": [-26.29477, 27.98954, -29.0744],
							"size": [2.61326, 2.73999, 4.10999],
							"pivot": [-19.68654, 29.35954, -25.59232],
							"rotation": [-90, 0, -15],
							"uv": {
								"north": {"uv": [23, 114], "uv_size": [2, 2]},
								"east": {"uv": [53, 113], "uv_size": [3, 2]},
								"south": {"uv": [25, 114], "uv_size": [2, 2]},
								"west": {"uv": [113, 54], "uv_size": [3, 2]},
								"up": {"uv": [62, 113], "uv_size": [2, 3]},
								"down": {"uv": [113, 66], "uv_size": [2, -3]}
							}
						},
						{
							"origin": [23.68151, 27.98954, -29.0744],
							"size": [2.61326, 2.73999, 4.10999],
							"pivot": [19.68654, 29.35954, -25.59232],
							"rotation": [-90, 0, 15],
							"uv": {
								"north": {"uv": [15, 114], "uv_size": [2, 2]},
								"east": {"uv": [113, 39], "uv_size": [3, 2]},
								"south": {"uv": [17, 114], "uv_size": [2, 2]},
								"west": {"uv": [41, 113], "uv_size": [3, 2]},
								"up": {"uv": [113, 41], "uv_size": [2, 3]},
								"down": {"uv": [44, 116], "uv_size": [2, -3]}
							}
						}
					]
				},
				{
					"name": "horns_5",
					"parent": "head",
					"pivot": [0, -14.57532, -12.37549],
					"cubes": [
						{
							"origin": [2.20305, 31.92711, -27.19065],
							"size": [11.54679, 3.31083, 3.19665],
							"pivot": [7.97646, 33.58254, -25.59232],
							"rotation": [0, 0, -17.5],
							"uv": {
								"north": {"uv": [96, 3], "uv_size": [9, 3]},
								"east": {"uv": [111, 89], "uv_size": [3, 3]},
								"south": {"uv": [96, 33], "uv_size": [9, 3]},
								"west": {"uv": [92, 111], "uv_size": [3, 3]},
								"up": {"uv": [96, 36], "uv_size": [9, 3]},
								"down": {"uv": [96, 72], "uv_size": [9, -3]}
							}
						},
						{
							"origin": [-21.28933, 35.4356, -26.61981],
							"size": [7.99164, 2.16916, 2.05499],
							"pivot": [-17.29352, 36.52019, -25.59232],
							"rotation": [0, 0, 17.5],
							"uv": {
								"north": {"uv": [115, 61], "uv_size": [-6, 2]},
								"east": {"uv": [31, 114], "uv_size": [-2, 2]},
								"south": {"uv": [95, 109], "uv_size": [-6, 2]},
								"west": {"uv": [29, 114], "uv_size": [-2, 2]},
								"up": {"uv": [109, 109], "uv_size": [-6, 2]},
								"down": {"uv": [115, 107], "uv_size": [-6, -2]}
							}
						},
						{
							"origin": [-13.74984, 31.92711, -27.19065],
							"size": [11.54677, 3.31083, 3.19665],
							"pivot": [-7.97646, 33.58254, -25.59232],
							"rotation": [0, 0, 17.5],
							"uv": {
								"north": {"uv": [105, 3], "uv_size": [-9, 3]},
								"east": {"uv": [95, 111], "uv_size": [-3, 3]},
								"south": {"uv": [105, 33], "uv_size": [-9, 3]},
								"west": {"uv": [114, 89], "uv_size": [-3, 3]},
								"up": {"uv": [105, 36], "uv_size": [-9, 3]},
								"down": {"uv": [105, 72], "uv_size": [-9, -3]}
							}
						},
						{
							"origin": [13.29769, 35.4356, -26.61981],
							"size": [7.99164, 2.16916, 2.05499],
							"pivot": [17.29352, 36.52019, -25.59232],
							"rotation": [0, 0, -17.5],
							"uv": {
								"north": {"uv": [109, 61], "uv_size": [6, 2]},
								"east": {"uv": [27, 114], "uv_size": [2, 2]},
								"south": {"uv": [89, 109], "uv_size": [6, 2]},
								"west": {"uv": [29, 114], "uv_size": [2, 2]},
								"up": {"uv": [103, 109], "uv_size": [6, 2]},
								"down": {"uv": [109, 107], "uv_size": [6, -2]}
							}
						}
					]
				},
				{
					"name": "horns_6",
					"parent": "head",
					"pivot": [0, -14.57532, -12.37549],
					"cubes": [
						{
							"origin": [9.98688, 37.71892, -26.61981],
							"size": [9.1333, 2.16917, 2.05499],
							"pivot": [15.12435, 38.80351, -25.59232],
							"rotation": [0, 0, -65],
							"uv": {
								"north": {"uv": [21, 54], "uv_size": [7, 2]},
								"east": {"uv": [114, 37], "uv_size": [2, 2]},
								"south": {"uv": [57, 77], "uv_size": [7, 2]},
								"west": {"uv": [46, 114], "uv_size": [2, 2]},
								"up": {"uv": [102, 15], "uv_size": [7, 2]},
								"down": {"uv": [107, 8], "uv_size": [7, -2]}
							}
						},
						{
							"origin": [-19.12018, 37.71892, -26.61981],
							"size": [9.1333, 2.16917, 2.05499],
							"pivot": [-15.12435, 38.80351, -25.59232],
							"rotation": [0, 0, 65],
							"uv": {
								"north": {"uv": [107, 84], "uv_size": [7, 2]},
								"east": {"uv": [48, 114], "uv_size": [2, 2]},
								"south": {"uv": [108, 0], "uv_size": [7, 2]},
								"west": {"uv": [50, 114], "uv_size": [2, 2]},
								"up": {"uv": [108, 2], "uv_size": [7, 2]},
								"down": {"uv": [108, 6], "uv_size": [7, -2]}
							}
						},
						{
							"origin": [-13.74984, 31.92711, -27.19065],
							"size": [11.54677, 3.31083, 3.19665],
							"pivot": [-7.97646, 33.58254, -25.59232],
							"rotation": [0, 0, 17.5],
							"uv": {
								"north": {"uv": [94, 61], "uv_size": [9, 3]},
								"east": {"uv": [56, 111], "uv_size": [3, 3]},
								"south": {"uv": [94, 82], "uv_size": [9, 3]},
								"west": {"uv": [59, 111], "uv_size": [3, 3]},
								"up": {"uv": [95, 40], "uv_size": [9, 3]},
								"down": {"uv": [95, 46], "uv_size": [9, -3]}
							}
						},
						{
							"origin": [2.20305, 31.92711, -27.19065],
							"size": [11.54679, 3.31083, 3.19665],
							"pivot": [7.97646, 33.58254, -25.59232],
							"rotation": [0, 0, -17.5],
							"uv": {
								"north": {"uv": [103, 61], "uv_size": [-9, 3]},
								"east": {"uv": [62, 111], "uv_size": [-3, 3]},
								"south": {"uv": [103, 82], "uv_size": [-9, 3]},
								"west": {"uv": [59, 111], "uv_size": [-3, 3]},
								"up": {"uv": [104, 40], "uv_size": [-9, 3]},
								"down": {"uv": [104, 46], "uv_size": [-9, -3]}
							}
						}
					]
				},
				{
					"name": "horns_7",
					"parent": "head",
					"pivot": [0, -14.57532, -12.37549],
					"cubes": [
						{
							"origin": [-6.91504, 31.01494, -26.73399],
							"size": [13.83008, 1.94083, 1.94084],
							"uv": {
								"north": {"uv": [96, 6], "uv_size": [11, 2]},
								"east": {"uv": [56, 114], "uv_size": [2, 2]},
								"south": {"uv": [97, 17], "uv_size": [11, 2]},
								"west": {"uv": [58, 114], "uv_size": [2, 2]},
								"up": {"uv": [97, 19], "uv_size": [11, 2]},
								"down": {"uv": [99, 66], "uv_size": [11, -2]}
							}
						},
						{
							"origin": [-6.88651, 31.01494, -26.50565],
							"size": [1.5698, 4.56666, 1.48416],
							"uv": {
								"north": {"uv": [71, 62], "uv_size": [1, 4]},
								"east": {"uv": [94, 97], "uv_size": [1, 4]},
								"south": {"uv": [27, 98], "uv_size": [1, 4]},
								"west": {"uv": [64, 103], "uv_size": [1, 4]},
								"up": {"uv": [21, 111], "uv_size": [1, 1]},
								"down": {"uv": [27, 113], "uv_size": [1, -1]}
							}
						},
						{
							"origin": [5.31671, 31.01494, -26.50565],
							"size": [1.5698, 4.56666, 1.48416],
							"uv": {
								"north": {"uv": [12, 112], "uv_size": [1, 4]},
								"east": {"uv": [102, 113], "uv_size": [1, 4]},
								"south": {"uv": [109, 113], "uv_size": [1, 4]},
								"west": {"uv": [52, 114], "uv_size": [1, 4]},
								"up": {"uv": [27, 113], "uv_size": [1, 1]},
								"down": {"uv": [46, 114], "uv_size": [1, -1]}
							}
						}
					]
				},
				{
					"name": "horns_8",
					"parent": "head",
					"pivot": [0, -14.57532, -12.37549],
					"cubes": [
						{
							"origin": [-9.19837, 29.87329, -27.87565],
							"size": [18.39674, 2.28333, 2.28333],
							"pivot": [0, 32.15662, -26.73399],
							"rotation": [90, 0, 0],
							"uv": {
								"north": {"uv": [91, 31], "uv_size": [15, 2]},
								"east": {"uv": [60, 114], "uv_size": [2, 2]},
								"south": {"uv": [91, 76], "uv_size": [15, 2]},
								"west": {"uv": [64, 114], "uv_size": [2, 2]},
								"up": {"uv": [91, 86], "uv_size": [15, 2]},
								"down": {"uv": [91, 90], "uv_size": [15, -2]}
							}
						},
						{
							"origin": [-9.16984, 29.87329, -27.64732],
							"size": [1.91229, 6.84996, 1.82666],
							"pivot": [0, 32.15662, -26.73399],
							"rotation": [90, 0, 0],
							"uv": {
								"north": {"uv": [95, 106], "uv_size": [2, 5]},
								"east": {"uv": [82, 102], "uv_size": [1, 5]},
								"south": {"uv": [84, 107], "uv_size": [2, 5]},
								"west": {"uv": [97, 106], "uv_size": [1, 5]},
								"up": {"uv": [105, 71], "uv_size": [2, 1]},
								"down": {"uv": [31, 107], "uv_size": [2, -1]}
							}
						},
						{
							"origin": [7.25755, 29.87329, -27.64732],
							"size": [1.91229, 6.84996, 1.82666],
							"pivot": [0, 32.15662, -26.73399],
							"rotation": [90, 0, 0],
							"uv": {
								"north": {"uv": [13, 110], "uv_size": [2, 5]},
								"east": {"uv": [86, 107], "uv_size": [1, 5]},
								"south": {"uv": [33, 110], "uv_size": [2, 5]},
								"west": {"uv": [99, 111], "uv_size": [1, 5]},
								"up": {"uv": [18, 107], "uv_size": [2, 1]},
								"down": {"uv": [107, 106], "uv_size": [2, -1]}
							}
						}
					]
				},
				{
					"name": "horns_9",
					"parent": "head",
					"pivot": [0, -14.57532, -12.37549],
					"cubes": [
						{
							"origin": [0.9184, 32.11846, -26.81115],
							"size": [9.01678, 2.17231, 2.31115],
							"pivot": [4.7943, 33.20461, -25.65557],
							"rotation": [0, 0, -47.5],
							"uv": {
								"north": {"uv": [108, 17], "uv_size": [7, 2]},
								"east": {"uv": [68, 114], "uv_size": [2, 2]},
								"south": {"uv": [108, 19], "uv_size": [7, 2]},
								"west": {"uv": [70, 114], "uv_size": [2, 2]},
								"up": {"uv": [108, 24], "uv_size": [7, 2]},
								"down": {"uv": [33, 110], "uv_size": [7, -2]}
							}
						},
						{
							"origin": [-9.44441, 39.42512, -26.36681],
							"size": [7.2358, 1.41017, 1.54899],
							"pivot": [-6.77526, 40.3832, -25.59232],
							"rotation": [0, 0, 107.5],
							"uv": {
								"north": {"uv": [78, 113], "uv_size": [6, 1]},
								"east": {"uv": [13, 115], "uv_size": [1, 1]},
								"south": {"uv": [113, 78], "uv_size": [6, 1]},
								"west": {"uv": [115, 13], "uv_size": [1, 1]},
								"up": {"uv": [113, 79], "uv_size": [6, 1]},
								"down": {"uv": [113, 82], "uv_size": [6, -1]}
							}
						},
						{
							"origin": [-9.93518, 32.11846, -26.81115],
							"size": [9.01678, 2.17231, 2.31115],
							"pivot": [-4.7943, 33.20461, -25.65557],
							"rotation": [0, 0, 47.5],
							"uv": {
								"north": {"uv": [40, 108], "uv_size": [7, 2]},
								"east": {"uv": [72, 114], "uv_size": [2, 2]},
								"south": {"uv": [108, 57], "uv_size": [7, 2]},
								"west": {"uv": [74, 114], "uv_size": [2, 2]},
								"up": {"uv": [108, 59], "uv_size": [7, 2]},
								"down": {"uv": [0, 111], "uv_size": [7, -2]}
							}
						},
						{
							"origin": [2.20861, 39.42512, -26.36681],
							"size": [7.2358, 1.41017, 1.54899],
							"pivot": [6.77526, 40.3832, -25.59232],
							"rotation": [0, 0, -107.5],
							"uv": {
								"north": {"uv": [113, 72], "uv_size": [6, 1]},
								"east": {"uv": [94, 114], "uv_size": [1, 1]},
								"south": {"uv": [113, 73], "uv_size": [6, 1]},
								"west": {"uv": [115, 12], "uv_size": [1, 1]},
								"up": {"uv": [113, 74], "uv_size": [6, 1]},
								"down": {"uv": [113, 76], "uv_size": [6, -1]}
							}
						}
					]
				},
				{
					"name": "horns_10",
					"parent": "head",
					"pivot": [0, -14.57532, -12.37549],
					"cubes": [
						{
							"origin": [-6.91504, 30.38244, -27.11349],
							"size": [13.83008, 1.94083, 1.94084],
							"pivot": [0, 32.00932, -26.14308],
							"rotation": [90, 0, 0],
							"uv": {
								"north": {"uv": [99, 66], "uv_size": [11, 2]},
								"east": {"uv": [78, 114], "uv_size": [2, 2]},
								"south": {"uv": [0, 102], "uv_size": [11, 2]},
								"west": {"uv": [80, 114], "uv_size": [2, 2]},
								"up": {"uv": [102, 8], "uv_size": [11, 2]},
								"down": {"uv": [102, 12], "uv_size": [11, -2]}
							}
						},
						{
							"origin": [-6.88651, 30.38244, -26.88515],
							"size": [1.5698, 4.56665, 1.48416],
							"pivot": [0, 32.00932, -26.14308],
							"rotation": [90, 0, 0],
							"uv": {
								"north": {"uv": [82, 114], "uv_size": [1, 4]},
								"east": {"uv": [83, 114], "uv_size": [1, 4]},
								"south": {"uv": [84, 114], "uv_size": [1, 4]},
								"west": {"uv": [85, 114], "uv_size": [1, 4]},
								"up": {"uv": [14, 115], "uv_size": [1, 1]},
								"down": {"uv": [115, 15], "uv_size": [1, -1]}
							}
						},
						{
							"origin": [5.31671, 30.38244, -26.88515],
							"size": [1.5698, 4.56665, 1.48416],
							"pivot": [0, 32.00932, -26.14308],
							"rotation": [90, 0, 0],
							"uv": {
								"north": {"uv": [86, 114], "uv_size": [1, 4]},
								"east": {"uv": [89, 114], "uv_size": [1, 4]},
								"south": {"uv": [90, 114], "uv_size": [1, 4]},
								"west": {"uv": [91, 114], "uv_size": [1, 4]},
								"up": {"uv": [115, 15], "uv_size": [1, 1]},
								"down": {"uv": [115, 17], "uv_size": [1, -1]}
							}
						}
					]
				},
				{
					"name": "horn_connection",
					"parent": "head",
					"pivot": [0, 32.25687, -25.58742],
					"cubes": [
						{
							"origin": [-3.48865, 32.24366, -27.3034],
							"size": [6.9773, 0.71641, 3.43195],
							"inflate": -0.01,
							"uv": {
								"north": {"uv": [109, 16], "uv_size": [6, 1]},
								"east": {"uv": [4, 108], "uv_size": [3, 1]},
								"south": {"uv": [109, 23], "uv_size": [6, 1]},
								"west": {"uv": [114, 68], "uv_size": [3, 1]},
								"up": {"uv": [89, 106], "uv_size": [6, 3]},
								"down": {"uv": [103, 109], "uv_size": [6, -3]}
							}
						}
					]
				},
				{
					"name": "right_ear",
					"parent": "head",
					"pivot": [-2.75178, 30.72458, -23.99404],
					"rotation": [0, 0, -80],
					"cubes": [
						{
							"origin": [-4.14781, 31.09487, -24.69206],
							"size": [2.79204, 4.18806, 1.39603],
							"uv": {
								"north": {"uv": [65, 89], "uv_size": [2, 3]},
								"east": {"uv": [48, 99], "uv_size": [1, 3]},
								"south": {"uv": [70, 96], "uv_size": [2, 3]},
								"west": {"uv": [114, 89], "uv_size": [1, 3]},
								"up": {"uv": [57, 31], "uv_size": [2, 1]},
								"down": {"uv": [66, 41], "uv_size": [2, -1]}
							}
						},
						{
							"origin": [-8.72325, 30.9791, -26.01951],
							"size": [5.23397, 3.6237, 0.00682],
							"inflate": 0.01,
							"pivot": [-6.30739, 32.79094, -25.2792],
							"rotation": [-3.22511, -29.4987, -10.99161],
							"uv": {
								"north": {"uv": [123, 0], "uv_size": [4, 3]},
								"east": {"uv": [127, 0], "uv_size": [1, 3]},
								"south": {"uv": [127, 0], "uv_size": [-4, 3]},
								"west": {"uv": [127, 0], "uv_size": [1, 3]},
								"up": {"uv": [128, 0], "uv_size": [-1, 3]},
								"down": {"uv": [127, 3], "uv_size": [1, -3]}
							}
						}
					]
				},
				{
					"name": "left_ear",
					"parent": "head",
					"pivot": [2.75178, 30.72458, -23.99404],
					"rotation": [0, 0, 80],
					"cubes": [
						{
							"origin": [1.35576, 31.09487, -24.69206],
							"size": [2.79205, 4.18806, 1.39603],
							"uv": {
								"north": {"uv": [9, 104], "uv_size": [2, 3]},
								"east": {"uv": [92, 114], "uv_size": [1, 3]},
								"south": {"uv": [110, 111], "uv_size": [2, 3]},
								"west": {"uv": [93, 114], "uv_size": [1, 3]},
								"up": {"uv": [76, 12], "uv_size": [2, 1]},
								"down": {"uv": [70, 79], "uv_size": [2, -1]}
							}
						}
					]
				},
				{
					"name": "mouth",
					"parent": "head",
					"pivot": [0, 29.33256, -32.14384],
					"rotation": [-7.5, 0, 0],
					"cubes": [
						{
							"origin": [-3.22158, 25.76372, -36.15283],
							"size": [6.44316, 5.8305, 5.55507],
							"inflate": -0.2,
							"pivot": [0, 28.67897, -33.37529],
							"rotation": [12.5, 0, 0],
							"uv": {
								"north": {"uv": [65, 96], "uv_size": [5, 5]},
								"east": {"uv": [94, 101], "uv_size": [4, 5]},
								"south": {"uv": [95, 96], "uv_size": [5, 5]},
								"west": {"uv": [11, 102], "uv_size": [4, 5]},
								"up": {"uv": [48, 102], "uv_size": [5, 4]},
								"down": {"uv": [53, 106], "uv_size": [5, -4]}
							}
						}
					]
				},
				{
					"name": "jaw",
					"parent": "mouth",
					"pivot": [0, 25.88715, -31.42426],
					"cubes": [
						{
							"origin": [-2.63095, 25.00335, -35.20203],
							"size": [5.2619, 1.95444, 5.41545],
							"pivot": [0, 25.98057, -32.49431],
							"rotation": [12.5, 0, 0],
							"uv": {
								"north": {"uv": [81, 74], "uv_size": [4, 2]},
								"east": {"uv": [111, 69], "uv_size": [4, 2]},
								"south": {"uv": [111, 92], "uv_size": [4, 2]},
								"west": {"uv": [111, 94], "uv_size": [4, 2]},
								"up": {"uv": [54, 106], "uv_size": [4, 4]},
								"down": {"uv": [29, 111], "uv_size": [4, -4]}
							}
						}
					]
				},
				{
					"name": "tail",
					"parent": "body_piv",
					"pivot": [0, 27.12362, 17.27601],
					"cubes": [
						{
							"origin": [-1.12188, 11.84235, 16.98745],
							"size": [2.24376, 15.85199, 2.80804],
							"inflate": 0.05,
							"uv": {
								"north": {"uv": [26, 36], "uv_size": [2, 13]},
								"east": {"uv": [89, 92], "uv_size": [2, 13]},
								"south": {"uv": [31, 93], "uv_size": [2, 13]},
								"west": {"uv": [18, 94], "uv_size": [2, 13]},
								"up": {"uv": [7, 108], "uv_size": [2, 2]},
								"down": {"uv": [95, 115], "uv_size": [2, -2]}
							}
						}
					]
				},
				{
					"name": "tail_2",
					"parent": "tail",
					"pivot": [0, 11.83569, 18.27732],
					"cubes": [
						{
							"origin": [-1.69927, 3.95556, 16.2959],
							"size": [3.39853, 7.87345, 3.96281],
							"inflate": 0.05,
							"uv": {
								"north": {"uv": [104, 90], "uv_size": [3, 6]},
								"east": {"uv": [100, 104], "uv_size": [3, 6]},
								"south": {"uv": [105, 0], "uv_size": [3, 6]},
								"west": {"uv": [15, 105], "uv_size": [3, 6]},
								"up": {"uv": [44, 110], "uv_size": [3, 3]},
								"down": {"uv": [53, 113], "uv_size": [3, -3]}
							}
						}
					]
				},
				{
					"name": "front_right_leg",
					"parent": "body",
					"pivot": [-3.38567, 15.77837, -12.13201],
					"cubes": [
						{
							"origin": [-5.6428, 9.00702, -14.67125],
							"size": [4.51425, 9.02848, 5.07851],
							"uv": {
								"north": {"uv": [33, 90], "uv_size": [4, 7]},
								"east": {"uv": [37, 90], "uv_size": [4, 7]},
								"south": {"uv": [41, 90], "uv_size": [4, 7]},
								"west": {"uv": [24, 91], "uv_size": [4, 7]},
								"up": {"uv": [107, 89], "uv_size": [4, 4]},
								"down": {"uv": [107, 97], "uv_size": [4, -4]}
							}
						}
					]
				},
				{
					"name": "front_right_calf",
					"parent": "front_right_leg",
					"pivot": [-3.38567, 10.7213, -12.13201],
					"cubes": [
						{
							"origin": [-5.07851, 1.11545, -14.10698],
							"size": [3.38568, 10.7237, 3.94996],
							"uv": {
								"north": {"uv": [76, 92], "uv_size": [3, 9]},
								"east": {"uv": [83, 92], "uv_size": [3, 9]},
								"south": {"uv": [86, 92], "uv_size": [3, 9]},
								"west": {"uv": [28, 93], "uv_size": [3, 9]},
								"up": {"uv": [110, 63], "uv_size": [3, 3]},
								"down": {"uv": [64, 113], "uv_size": [3, -3]}
							}
						}
					]
				},
				{
					"name": "front_right_hoof",
					"parent": "front_right_calf",
					"pivot": [-3.38567, 2.93426, -12.527],
					"cubes": [
						{
							"origin": [-5.19265, -0.00129, -15.46253],
							"size": [3.61395, 2.81479, 3.61396],
							"inflate": 0.01,
							"uv": {
								"north": {"uv": [6, 112], "uv_size": [3, 2]},
								"east": {"uv": [9, 112], "uv_size": [3, 2]},
								"south": {"uv": [21, 112], "uv_size": [3, 2]},
								"west": {"uv": [24, 112], "uv_size": [3, 2]},
								"up": {"uv": [67, 110], "uv_size": [3, 3]},
								"down": {"uv": [70, 113], "uv_size": [3, -3]}
							}
						}
					]
				},
				{
					"name": "front_left_leg",
					"parent": "body",
					"pivot": [3.38567, 15.77837, -12.13201],
					"cubes": [
						{
							"origin": [1.12855, 9.00702, -14.67125],
							"size": [4.51425, 9.02848, 5.07851],
							"uv": {
								"north": {"uv": [91, 90], "uv_size": [4, 7]},
								"east": {"uv": [92, 0], "uv_size": [4, 7]},
								"south": {"uv": [92, 33], "uv_size": [4, 7]},
								"west": {"uv": [45, 92], "uv_size": [4, 7]},
								"up": {"uv": [107, 97], "uv_size": [4, 4]},
								"down": {"uv": [107, 105], "uv_size": [4, -4]}
							}
						}
					]
				},
				{
					"name": "front_left_calf",
					"parent": "front_left_leg",
					"pivot": [3.38567, 10.7213, -12.13201],
					"cubes": [
						{
							"origin": [1.69283, 1.11545, -14.10698],
							"size": [3.38568, 10.7237, 3.94996],
							"uv": {
								"north": {"uv": [49, 93], "uv_size": [3, 9]},
								"east": {"uv": [52, 93], "uv_size": [3, 9]},
								"south": {"uv": [55, 93], "uv_size": [3, 9]},
								"west": {"uv": [58, 93], "uv_size": [3, 9]},
								"up": {"uv": [73, 110], "uv_size": [3, 3]},
								"down": {"uv": [110, 80], "uv_size": [3, -3]}
							}
						}
					]
				},
				{
					"name": "front_left_hoof",
					"parent": "front_left_calf",
					"pivot": [3.38567, 2.93426, -12.527],
					"cubes": [
						{
							"origin": [1.5787, -0.00129, -15.46253],
							"size": [3.61395, 2.81479, 3.61396],
							"inflate": 0.01,
							"uv": {
								"north": {"uv": [112, 26], "uv_size": [3, 2]},
								"east": {"uv": [112, 28], "uv_size": [3, 2]},
								"south": {"uv": [112, 30], "uv_size": [3, 2]},
								"west": {"uv": [84, 112], "uv_size": [3, 2]},
								"up": {"uv": [78, 110], "uv_size": [3, 3]},
								"down": {"uv": [81, 113], "uv_size": [3, -3]}
							}
						}
					]
				}
			]
		}
	]
}