{
	"format_version": "1.12.0",
	"minecraft:geometry": [
		{
			"description": {
				"identifier": "geometry.unknown",
				"texture_width": 128,
				"texture_height": 128,
				"visible_bounds_width": 6,
				"visible_bounds_height": 3.5,
				"visible_bounds_offset": [0, 1.25, 0]
			},
			"bones": [
				{
					"name": "body",
					"pivot": [0, 13.37014, -2.59814]
				},
				{
					"name": "body_piv",
					"parent": "body",
					"pivot": [0, 16.9315, 0],
					"cubes": [
						{
							"origin": [-4.1502, 9.08318, -11.29446],
							"size": [3.90394, 10.98792, 8.53592],
							"inflate": 0.05,
							"uv": {
								"north": {"uv": [49, 81], "uv_size": [4, 12]},
								"east": {"uv": [49, 32], "uv_size": [10, 12]},
								"south": {"uv": [53, 81], "uv_size": [4, 12]},
								"west": {"uv": [49, 44], "uv_size": [10, 12]},
								"up": {"uv": [65, 0], "uv_size": [4, 10]},
								"down": {"uv": [67, 92], "uv_size": [4, -10]}
							}
						},
						{
							"origin": [-3.92542, 9.9467, -10.99118],
							"size": [7.85084, 10.06548, 7.61258],
							"uv": {
								"north": {"uv": [59, 41], "uv_size": [9, 11]},
								"east": {"uv": [60, 10], "uv_size": [9, 11]},
								"south": {"uv": [0, 62], "uv_size": [9, 11]},
								"west": {"uv": [9, 64], "uv_size": [9, 11]},
								"up": {"uv": [72, 67], "uv_size": [9, 9]},
								"down": {"uv": [0, 82], "uv_size": [9, -9]}
							}
						},
						{
							"origin": [-4.07169, 8.90252, 3.64582],
							"size": [8.14338, 10.98791, 8.61443],
							"inflate": 0.05,
							"pivot": [0, 15.19067, 7.95303],
							"rotation": [-2.5, 0, 0],
							"uv": {
								"north": {"uv": [21, 56], "uv_size": [9, 12]},
								"east": {"uv": [39, 32], "uv_size": [10, 12]},
								"south": {"uv": [30, 56], "uv_size": [9, 12]},
								"west": {"uv": [39, 44], "uv_size": [10, 12]},
								"up": {"uv": [71, 47], "uv_size": [9, 10]},
								"down": {"uv": [72, 67], "uv_size": [9, -10]}
							}
						},
						{
							"origin": [-3.92542, 9.08219, -4.1786],
							"size": [7.85084, 10.92999, 8.35778],
							"uv": {
								"north": {"uv": [39, 56], "uv_size": [9, 12]},
								"east": {"uv": [68, 35], "uv_size": [8, 12]},
								"south": {"uv": [48, 56], "uv_size": [9, 12]},
								"west": {"uv": [42, 68], "uv_size": [8, 12]},
								"up": {"uv": [69, 13], "uv_size": [9, 8]},
								"down": {"uv": [73, 29], "uv_size": [9, -8]}
							}
						},
						{
							"origin": [0.24626, 9.08318, -11.29446],
							"size": [3.90394, 10.98792, 8.53592],
							"inflate": 0.05,
							"uv": {
								"north": {"uv": [8, 82], "uv_size": [4, 12]},
								"east": {"uv": [0, 50], "uv_size": [10, 12]},
								"south": {"uv": [12, 82], "uv_size": [4, 12]},
								"west": {"uv": [50, 14], "uv_size": [10, 12]},
								"up": {"uv": [71, 82], "uv_size": [4, 10]},
								"down": {"uv": [75, 92], "uv_size": [4, -10]}
							}
						}
					]
				},
				{
					"name": "hump",
					"parent": "body_piv",
					"pivot": [0, 16.9083, -6.3536],
					"cubes": [
						{
							"origin": [-2.33702, 19.40679, -10.5264],
							"size": [4.67404, 3.78219, 8.26618],
							"uv": {
								"north": {"uv": [102, 72], "uv_size": [5, 4]},
								"east": {"uv": [9, 75], "uv_size": [9, 4]},
								"south": {"uv": [4, 104], "uv_size": [5, 4]},
								"west": {"uv": [85, 82], "uv_size": [9, 4]},
								"up": {"uv": [81, 65], "uv_size": [5, 9]},
								"down": {"uv": [24, 91], "uv_size": [5, -9]}
							}
						}
					]
				},
				{
					"name": "body_fluff",
					"parent": "body_piv",
					"pivot": [0, 13.7315, 0],
					"cubes": [
						{
							"origin": [-4.91817, 5.11119, -12.1148],
							"size": [9.83634, 15.93345, 25.0296],
							"uv": {
								"north": {"uv": [15, 36], "uv_size": [11, 18]},
								"east": {"uv": [0, 0], "uv_size": [28, 18]},
								"south": {"uv": [39, 14], "uv_size": [11, 18]},
								"west": {"uv": [0, 18], "uv_size": [28, 18]},
								"up": {"uv": [28, 0], "uv_size": [11, 28]},
								"down": {"uv": [28, 56], "uv_size": [11, -28]}
							}
						}
					]
				},
				{
					"name": "fat",
					"parent": "body_piv",
					"pivot": [0, 11.60302, -9.25282],
					"cubes": [
						{
							"origin": [-0.74862, 6.3025, -15.2916],
							"size": [1.49724, 9.93329, 10.65458],
							"pivot": [0, 10.2735, -9.17301],
							"rotation": [-60, 0, 0],
							"uv": {
								"north": {"uv": [98, 101], "uv_size": [2, 10]},
								"east": {"uv": [54, 0], "uv_size": [11, 10]},
								"south": {"uv": [62, 103], "uv_size": [2, 10]},
								"west": {"uv": [10, 54], "uv_size": [11, 10]},
								"up": {"uv": [76, 101], "uv_size": [2, 11]},
								"down": {"uv": [87, 112], "uv_size": [2, -11]}
							}
						}
					]
				},
				{
					"name": "neck",
					"parent": "body_piv",
					"pivot": [0, 16.44045, -11.09654],
					"rotation": [12.5, 0, 0],
					"cubes": [
						{
							"origin": [-1.96271, 15.7627, -15.1472],
							"size": [3.92542, 5.56533, 5.47736],
							"pivot": [0, 18.69937, -12.40852],
							"rotation": [-25, 0, 0],
							"uv": {
								"north": {"uv": [20, 94], "uv_size": [4, 6]},
								"east": {"uv": [79, 82], "uv_size": [6, 6]},
								"south": {"uv": [79, 96], "uv_size": [4, 6]},
								"west": {"uv": [33, 84], "uv_size": [6, 6]},
								"up": {"uv": [33, 97], "uv_size": [4, 6]},
								"down": {"uv": [37, 103], "uv_size": [4, -6]}
							}
						},
						{
							"origin": [-1.93993, 17.49669, -18.62121],
							"size": [3.90987, 5.53109, 4.24747],
							"inflate": -0.01,
							"pivot": [0.015, 20.39423, -16.71747],
							"rotation": [-17.44788, -0.22077, 0],
							"uv": {
								"north": {"uv": [65, 101], "uv_size": [4, 6]},
								"east": {"uv": [87, 34], "uv_size": [5, 6]},
								"south": {"uv": [83, 101], "uv_size": [4, 6]},
								"west": {"uv": [88, 21], "uv_size": [5, 6]},
								"up": {"uv": [103, 101], "uv_size": [4, 5]},
								"down": {"uv": [0, 109], "uv_size": [4, -5]}
							}
						},
						{
							"origin": [-1.9273, 14.75447, -19.62646],
							"size": [3.89431, 5.14923, 9.44788],
							"inflate": -0.02,
							"pivot": [0, 15.6472, -16.38504],
							"rotation": [-45, 0, 0],
							"uv": {
								"north": {"uv": [41, 97], "uv_size": [4, 6]},
								"east": {"uv": [76, 6], "uv_size": [11, 6]},
								"south": {"uv": [61, 97], "uv_size": [4, 6]},
								"west": {"uv": [76, 35], "uv_size": [11, 6]},
								"up": {"uv": [29, 82], "uv_size": [4, 11]},
								"down": {"uv": [57, 93], "uv_size": [4, -11]}
							}
						}
					]
				},
				{
					"name": "neck_fluff",
					"parent": "neck",
					"pivot": [0, 17.54416, -10.73062],
					"cubes": [
						{
							"origin": [-3.07459, 8.03356, -19.56051],
							"size": [6.14918, 12.40512, 13.41935],
							"pivot": [0, 16.50416, -9.29062],
							"rotation": [-20, 0, 0],
							"uv": {
								"north": {"uv": [64, 52], "uv_size": [7, 14]},
								"east": {"uv": [0, 36], "uv_size": [15, 14]},
								"south": {"uv": [66, 21], "uv_size": [7, 14]},
								"west": {"uv": [39, 0], "uv_size": [15, 14]},
								"up": {"uv": [57, 56], "uv_size": [7, 15]},
								"down": {"uv": [59, 41], "uv_size": [7, -15]}
							}
						}
					]
				},
				{
					"name": "bell",
					"parent": "neck",
					"pivot": [0, 13.45, -15.6],
					"rotation": [167.5, 0, 0],
					"cubes": [
						{
							"origin": [-2.4, 16.95875, -18.06354],
							"size": [4.8, 1.2, 4.8],
							"uv": {
								"north": {"uv": [79, 126], "uv_size": [8, 2]},
								"east": {"uv": [71, 126], "uv_size": [8, 2]},
								"south": {"uv": [95, 126], "uv_size": [8, 2]},
								"west": {"uv": [87, 126], "uv_size": [8, 2]},
								"up": {"uv": [79, 118], "uv_size": [8, 8]},
								"down": {"uv": [87, 126], "uv_size": [8, -8]}
							}
						},
						{
							"origin": [-1.8, 13.35875, -17.46354],
							"size": [3.6, 4.2, 3.6],
							"uv": {
								"north": {"uv": [110, 121], "uv_size": [6, 7]},
								"east": {"uv": [104, 121], "uv_size": [6, 7]},
								"south": {"uv": [122, 121], "uv_size": [6, 7]},
								"west": {"uv": [116, 121], "uv_size": [6, 7]},
								"up": {"uv": [110, 115], "uv_size": [6, 6]},
								"down": {"uv": [116, 121], "uv_size": [6, -6]}
							}
						}
					]
				},
				{
					"name": "wagon_harness",
					"parent": "neck",
					"pivot": [-0.02375, 19.49004, -9.94347],
					"rotation": [157.5, 0, 0],
					"cubes": [
						{
							"origin": [-3.28234, 23.9687, -13.52416],
							"size": [6.45063, 3.87414, 11.21295],
							"pivot": [-0.05703, 24.19286, -5.91196],
							"rotation": [67.50008, -0.00168, 0.01959],
							"uv": {
								"north": {"uv": [65, 92], "uv_size": [7, 4]},
								"east": {"uv": [36, 80], "uv_size": [13, 4]},
								"south": {"uv": [92, 65], "uv_size": [7, 4]},
								"west": {"uv": [81, 61], "uv_size": [13, 4]},
								"up": {"uv": [50, 68], "uv_size": [7, 13]},
								"down": {"uv": [69, 13], "uv_size": [7, -13]}
							}
						},
						{
							"origin": [-1.1745, 17.7596, -9.87873],
							"size": [3.2772, 0.76109, 0.76109],
							"pivot": [-0.00696, 17.68293, -10.70255],
							"rotation": [-105.16911, 24.62796, 112.83685],
							"uv": {
								"north": {"uv": [91, 78], "uv_size": [4, 1]},
								"east": {"uv": [9, 62], "uv_size": [1, 1]},
								"south": {"uv": [92, 7], "uv_size": [4, 1]},
								"west": {"uv": [9, 63], "uv_size": [1, 1]},
								"up": {"uv": [94, 64], "uv_size": [4, 1]},
								"down": {"uv": [89, 106], "uv_size": [4, -1]}
							}
						},
						{
							"origin": [-2.11662, 17.7596, -9.87873],
							"size": [3.2772, 0.76109, 0.76109],
							"pivot": [-0.00696, 17.68293, -10.70255],
							"rotation": [-105.16911, -24.62796, -112.83685],
							"uv": {
								"north": {"uv": [23, 106], "uv_size": [4, 1]},
								"east": {"uv": [49, 80], "uv_size": [1, 1]},
								"south": {"uv": [106, 77], "uv_size": [4, 1]},
								"west": {"uv": [85, 74], "uv_size": [1, 1]},
								"up": {"uv": [108, 26], "uv_size": [4, 1]},
								"down": {"uv": [112, 114], "uv_size": [4, -1]}
							}
						}
					]
				},
				{
					"name": "head",
					"parent": "neck",
					"pivot": [0, 21.76553, -17.17503],
					"rotation": [22.5, 0, 0],
					"cubes": [
						{
							"origin": [-2.42786, 21.5279, -22.6534],
							"size": [4.85572, 2.01699, 5.66152],
							"pivot": [0, 22.53639, -19.82264],
							"rotation": [7.5, 0, 0],
							"uv": {
								"north": {"uv": [109, 12], "uv_size": [6, 2]},
								"east": {"uv": [109, 14], "uv_size": [6, 2]},
								"south": {"uv": [109, 21], "uv_size": [6, 2]},
								"west": {"uv": [47, 109], "uv_size": [6, 2]},
								"up": {"uv": [39, 84], "uv_size": [6, 6]},
								"down": {"uv": [85, 34], "uv_size": [6, -6]}
							}
						},
						{
							"origin": [-2.42786, 18.51773, -22.7534],
							"size": [4.85572, 3.01017, 2.67339],
							"inflate": -0.1,
							"pivot": [0, 20.02282, -21.41671],
							"rotation": [-10, 0, 0],
							"uv": {
								"north": {"uv": [102, 24], "uv_size": [6, 3]},
								"east": {"uv": [41, 110], "uv_size": [3, 3]},
								"south": {"uv": [103, 61], "uv_size": [6, 3]},
								"west": {"uv": [110, 42], "uv_size": [3, 3]},
								"up": {"uv": [104, 39], "uv_size": [6, 3]},
								"down": {"uv": [104, 45], "uv_size": [6, -3]}
							}
						},
						{
							"origin": [-2.78644, 18.12841, -21.09522],
							"size": [5.57288, 3.58546, 4.10741],
							"pivot": [0, 19.95434, -18.37454],
							"rotation": [-7.5, 0, 0],
							"uv": {
								"north": {"uv": [54, 10], "uv_size": [6, 4]},
								"east": {"uv": [10, 50], "uv_size": [5, 4]},
								"south": {"uv": [96, 72], "uv_size": [6, 4]},
								"west": {"uv": [59, 52], "uv_size": [5, 4]},
								"up": {"uv": [60, 21], "uv_size": [6, 5]},
								"down": {"uv": [86, 76], "uv_size": [6, -5]}
							}
						}
					]
				},
				{
					"name": "head_fluff",
					"parent": "head",
					"pivot": [0, -9.0437, -8.89568],
					"cubes": [
						{
							"origin": [-2.82497, 18.5511, -23.3476],
							"size": [5.64994, 5.35263, 6.45572],
							"pivot": [0, 21.22742, -20.11974],
							"rotation": [3, 0, 0],
							"uv": {
								"north": {"uv": [86, 65], "uv_size": [6, 6]},
								"east": {"uv": [50, 26], "uv_size": [7, 6]},
								"south": {"uv": [85, 86], "uv_size": [6, 6]},
								"west": {"uv": [57, 71], "uv_size": [7, 6]},
								"up": {"uv": [82, 21], "uv_size": [6, 7]},
								"down": {"uv": [61, 89], "uv_size": [6, -7]}
							}
						}
					]
				},
				{
					"name": "horns_1",
					"parent": "head",
					"pivot": [0, -9.0437, -9.30469],
					"cubes": [
						{
							"origin": [-6.39886, 22.67126, -19.29321],
							"size": [12.79772, 1.58841, 1.5884],
							"uv": {
								"north": {"uv": [87, 8], "uv_size": [15, 2]},
								"east": {"uv": [97, 113], "uv_size": [2, 2]},
								"south": {"uv": [87, 10], "uv_size": [15, 2]},
								"west": {"uv": [100, 113], "uv_size": [2, 2]},
								"up": {"uv": [91, 27], "uv_size": [15, 2]},
								"down": {"uv": [91, 31], "uv_size": [15, -2]}
							}
						},
						{
							"origin": [-6.37902, 22.67126, -19.13437],
							"size": [1.33029, 4.7652, 1.27072],
							"uv": {
								"north": {"uv": [66, 35], "uv_size": [2, 5]},
								"east": {"uv": [23, 100], "uv_size": [1, 5]},
								"south": {"uv": [68, 47], "uv_size": [2, 5]},
								"west": {"uv": [69, 101], "uv_size": [1, 5]},
								"up": {"uv": [101, 81], "uv_size": [2, 1]},
								"down": {"uv": [102, 40], "uv_size": [2, -1]}
							}
						},
						{
							"origin": [5.04873, 22.67126, -19.13437],
							"size": [1.33029, 4.7652, 1.27072],
							"uv": {
								"north": {"uv": [26, 49], "uv_size": [2, 5]},
								"east": {"uv": [70, 47], "uv_size": [1, 5]},
								"south": {"uv": [57, 26], "uv_size": [2, 5]},
								"west": {"uv": [71, 57], "uv_size": [1, 5]},
								"up": {"uv": [85, 34], "uv_size": [2, 1]},
								"down": {"uv": [93, 41], "uv_size": [2, -1]}
							}
						}
					]
				},
				{
					"name": "horns_2",
					"parent": "head",
					"pivot": [0, -9.0437, -9.30469],
					"cubes": [
						{
							"origin": [-11.95826, 22.19475, -19.53146],
							"size": [23.91652, 2.06492, 2.06492],
							"uv": {
								"north": {"uv": [80, 53], "uv_size": [27, 2]},
								"east": {"uv": [66, 114], "uv_size": [2, 2]},
								"south": {"uv": [80, 55], "uv_size": [27, 2]},
								"west": {"uv": [114, 66], "uv_size": [2, 2]},
								"up": {"uv": [81, 57], "uv_size": [27, 2]},
								"down": {"uv": [81, 61], "uv_size": [27, -2]}
							}
						},
						{
							"origin": [-11.93842, 22.35359, -22.70826],
							"size": [1.65908, 1.74724, 3.65332],
							"uv": {
								"north": {"uv": [2, 114], "uv_size": [2, 2]},
								"east": {"uv": [111, 98], "uv_size": [4, 2]},
								"south": {"uv": [4, 114], "uv_size": [2, 2]},
								"west": {"uv": [111, 100], "uv_size": [4, 2]},
								"up": {"uv": [103, 111], "uv_size": [2, 4]},
								"down": {"uv": [105, 115], "uv_size": [2, -4]}
							}
						},
						{
							"origin": [10.27934, 22.35359, -22.70826],
							"size": [1.65908, 1.74724, 3.65332],
							"uv": {
								"north": {"uv": [107, 113], "uv_size": [2, 2]},
								"east": {"uv": [95, 111], "uv_size": [4, 2]},
								"south": {"uv": [0, 114], "uv_size": [2, 2]},
								"west": {"uv": [111, 96], "uv_size": [4, 2]},
								"up": {"uv": [83, 88], "uv_size": [2, 4]},
								"down": {"uv": [31, 115], "uv_size": [2, -4]}
							}
						}
					]
				},
				{
					"name": "horns_3",
					"parent": "head",
					"pivot": [0, -9.0437, -9.30469],
					"cubes": [
						{
							"origin": [-11.95826, 22.19475, -19.53146],
							"size": [23.91652, 2.06492, 2.06492],
							"uv": {
								"north": {"uv": [9, 80], "uv_size": [27, 2]},
								"east": {"uv": [6, 114], "uv_size": [2, 2]},
								"south": {"uv": [80, 47], "uv_size": [27, 2]},
								"west": {"uv": [114, 6], "uv_size": [2, 2]},
								"up": {"uv": [80, 49], "uv_size": [27, 2]},
								"down": {"uv": [80, 53], "uv_size": [27, -2]}
							}
						},
						{
							"origin": [10.27934, 24.73619, -19.53146],
							"size": [1.65908, 1.74723, 2.85912],
							"pivot": [11.10887, 25.60981, -18.49901],
							"rotation": [-90, 0, 0],
							"uv": {
								"north": {"uv": [8, 114], "uv_size": [2, 2]},
								"east": {"uv": [35, 113], "uv_size": [3, 2]},
								"south": {"uv": [10, 114], "uv_size": [2, 2]},
								"west": {"uv": [38, 113], "uv_size": [3, 2]},
								"up": {"uv": [76, 112], "uv_size": [2, 3]},
								"down": {"uv": [87, 115], "uv_size": [2, -3]}
							}
						},
						{
							"origin": [-11.93842, 24.73619, -19.53146],
							"size": [1.65908, 1.74723, 2.85912],
							"pivot": [-11.10887, 25.60981, -18.49901],
							"rotation": [-90, 0, 0],
							"uv": {
								"north": {"uv": [19, 114], "uv_size": [2, 2]},
								"east": {"uv": [113, 44], "uv_size": [3, 2]},
								"south": {"uv": [21, 114], "uv_size": [2, 2]},
								"west": {"uv": [113, 46], "uv_size": [3, 2]},
								"up": {"uv": [113, 48], "uv_size": [2, 3]},
								"down": {"uv": [113, 54], "uv_size": [2, -3]}
							}
						}
					]
				},
				{
					"name": "horns_4",
					"parent": "head",
					"pivot": [0, -9.0437, -9.30469],
					"cubes": [
						{
							"origin": [1.54314, 19.25621, -19.61089],
							"size": [16.76872, 2.30318, 2.22376],
							"pivot": [13.69498, 21.51968, -18.49901],
							"rotation": [0, 0, 15],
							"uv": {
								"north": {"uv": [76, 41], "uv_size": [19, 3]},
								"east": {"uv": [18, 111], "uv_size": [3, 3]},
								"south": {"uv": [76, 44], "uv_size": [19, 3]},
								"west": {"uv": [28, 111], "uv_size": [3, 3]},
								"up": {"uv": [72, 76], "uv_size": [19, 3]},
								"down": {"uv": [78, 15], "uv_size": [19, -3]}
							}
						},
						{
							"origin": [-18.31186, 19.25621, -19.61089],
							"size": [16.76872, 2.30318, 2.22376],
							"pivot": [-13.69498, 21.51968, -18.49901],
							"rotation": [0, 0, -15],
							"uv": {
								"north": {"uv": [78, 15], "uv_size": [19, 3]},
								"east": {"uv": [111, 33], "uv_size": [3, 3]},
								"south": {"uv": [78, 18], "uv_size": [19, 3]},
								"west": {"uv": [111, 36], "uv_size": [3, 3]},
								"up": {"uv": [57, 79], "uv_size": [19, 3]},
								"down": {"uv": [76, 82], "uv_size": [19, -3]}
							}
						},
						{
							"origin": [-18.29202, 20.56664, -20.92132],
							"size": [1.81792, 1.90608, 2.85912],
							"pivot": [-13.69498, 21.51968, -18.49901],
							"rotation": [-90, 0, -15],
							"uv": {
								"north": {"uv": [23, 114], "uv_size": [2, 2]},
								"east": {"uv": [53, 113], "uv_size": [3, 2]},
								"south": {"uv": [25, 114], "uv_size": [2, 2]},
								"west": {"uv": [113, 54], "uv_size": [3, 2]},
								"up": {"uv": [62, 113], "uv_size": [2, 3]},
								"down": {"uv": [113, 66], "uv_size": [2, -3]}
							}
						},
						{
							"origin": [16.4741, 20.56664, -20.92132],
							"size": [1.81792, 1.90608, 2.85912],
							"pivot": [13.69498, 21.51968, -18.49901],
							"rotation": [-90, 0, 15],
							"uv": {
								"north": {"uv": [15, 114], "uv_size": [2, 2]},
								"east": {"uv": [113, 39], "uv_size": [3, 2]},
								"south": {"uv": [17, 114], "uv_size": [2, 2]},
								"west": {"uv": [41, 113], "uv_size": [3, 2]},
								"up": {"uv": [113, 41], "uv_size": [2, 3]},
								"down": {"uv": [44, 116], "uv_size": [2, -3]}
							}
						}
					]
				},
				{
					"name": "horns_5",
					"parent": "head",
					"pivot": [0, -9.0437, -9.30469],
					"cubes": [
						{
							"origin": [1.53256, 23.30582, -19.61089],
							"size": [8.03254, 2.30318, 2.22376],
							"pivot": [5.54884, 24.45742, -18.49901],
							"rotation": [0, 0, -17.5],
							"uv": {
								"north": {"uv": [96, 3], "uv_size": [9, 3]},
								"east": {"uv": [111, 89], "uv_size": [3, 3]},
								"south": {"uv": [96, 33], "uv_size": [9, 3]},
								"west": {"uv": [92, 111], "uv_size": [3, 3]},
								"up": {"uv": [96, 36], "uv_size": [9, 3]},
								"down": {"uv": [96, 72], "uv_size": [9, -3]}
							}
						},
						{
							"origin": [-14.80997, 25.7465, -19.21378],
							"size": [5.5594, 1.50899, 1.42956],
							"pivot": [-12.03027, 26.501, -18.49901],
							"rotation": [0, 0, 17.5],
							"uv": {
								"north": {"uv": [115, 61], "uv_size": [-6, 2]},
								"east": {"uv": [31, 114], "uv_size": [-2, 2]},
								"south": {"uv": [95, 109], "uv_size": [-6, 2]},
								"west": {"uv": [29, 114], "uv_size": [-2, 2]},
								"up": {"uv": [109, 109], "uv_size": [-6, 2]},
								"down": {"uv": [115, 107], "uv_size": [-6, -2]}
							}
						},
						{
							"origin": [-9.5651, 23.30582, -19.61089],
							"size": [8.03253, 2.30318, 2.22376],
							"pivot": [-5.54884, 24.45742, -18.49901],
							"rotation": [0, 0, 17.5],
							"uv": {
								"north": {"uv": [105, 3], "uv_size": [-9, 3]},
								"east": {"uv": [95, 111], "uv_size": [-3, 3]},
								"south": {"uv": [105, 33], "uv_size": [-9, 3]},
								"west": {"uv": [114, 89], "uv_size": [-3, 3]},
								"up": {"uv": [105, 36], "uv_size": [-9, 3]},
								"down": {"uv": [105, 72], "uv_size": [-9, -3]}
							}
						},
						{
							"origin": [9.25057, 25.7465, -19.21378],
							"size": [5.5594, 1.50899, 1.42956],
							"pivot": [12.03027, 26.501, -18.49901],
							"rotation": [0, 0, -17.5],
							"uv": {
								"north": {"uv": [109, 61], "uv_size": [6, 2]},
								"east": {"uv": [27, 114], "uv_size": [2, 2]},
								"south": {"uv": [89, 109], "uv_size": [6, 2]},
								"west": {"uv": [29, 114], "uv_size": [2, 2]},
								"up": {"uv": [103, 109], "uv_size": [6, 2]},
								"down": {"uv": [109, 107], "uv_size": [6, -2]}
							}
						}
					]
				},
				{
					"name": "horns_6",
					"parent": "head",
					"pivot": [0, -9.0437, -9.30469],
					"cubes": [
						{
							"origin": [6.94739, 27.3349, -19.21378],
							"size": [6.3536, 1.50899, 1.42956],
							"pivot": [10.52129, 28.0894, -18.49901],
							"rotation": [0, 0, -65],
							"uv": {
								"north": {"uv": [21, 54], "uv_size": [7, 2]},
								"east": {"uv": [114, 37], "uv_size": [2, 2]},
								"south": {"uv": [57, 77], "uv_size": [7, 2]},
								"west": {"uv": [46, 114], "uv_size": [2, 2]},
								"up": {"uv": [102, 15], "uv_size": [7, 2]},
								"down": {"uv": [107, 8], "uv_size": [7, -2]}
							}
						},
						{
							"origin": [-13.30099, 27.3349, -19.21378],
							"size": [6.3536, 1.50899, 1.42956],
							"pivot": [-10.52129, 28.0894, -18.49901],
							"rotation": [0, 0, 65],
							"uv": {
								"north": {"uv": [107, 84], "uv_size": [7, 2]},
								"east": {"uv": [48, 114], "uv_size": [2, 2]},
								"south": {"uv": [108, 0], "uv_size": [7, 2]},
								"west": {"uv": [50, 114], "uv_size": [2, 2]},
								"up": {"uv": [108, 2], "uv_size": [7, 2]},
								"down": {"uv": [108, 6], "uv_size": [7, -2]}
							}
						},
						{
							"origin": [-9.5651, 23.30582, -19.61089],
							"size": [8.03253, 2.30318, 2.22376],
							"pivot": [-5.54884, 24.45742, -18.49901],
							"rotation": [0, 0, 17.5],
							"uv": {
								"north": {"uv": [94, 61], "uv_size": [9, 3]},
								"east": {"uv": [56, 111], "uv_size": [3, 3]},
								"south": {"uv": [94, 82], "uv_size": [9, 3]},
								"west": {"uv": [59, 111], "uv_size": [3, 3]},
								"up": {"uv": [95, 40], "uv_size": [9, 3]},
								"down": {"uv": [95, 46], "uv_size": [9, -3]}
							}
						},
						{
							"origin": [1.53256, 23.30582, -19.61089],
							"size": [8.03254, 2.30318, 2.22376],
							"pivot": [5.54884, 24.45742, -18.49901],
							"rotation": [0, 0, -17.5],
							"uv": {
								"north": {"uv": [103, 61], "uv_size": [-9, 3]},
								"east": {"uv": [62, 111], "uv_size": [-3, 3]},
								"south": {"uv": [103, 82], "uv_size": [-9, 3]},
								"west": {"uv": [59, 111], "uv_size": [-3, 3]},
								"up": {"uv": [104, 40], "uv_size": [-9, 3]},
								"down": {"uv": [104, 46], "uv_size": [-9, -3]}
							}
						}
					]
				},
				{
					"name": "horns_7",
					"parent": "head",
					"pivot": [0, -9.0437, -9.30469],
					"cubes": [
						{
							"origin": [-4.81046, 22.67126, -19.29321],
							"size": [9.62092, 1.35015, 1.35015],
							"uv": {
								"north": {"uv": [96, 6], "uv_size": [11, 2]},
								"east": {"uv": [56, 114], "uv_size": [2, 2]},
								"south": {"uv": [97, 17], "uv_size": [11, 2]},
								"west": {"uv": [58, 114], "uv_size": [2, 2]},
								"up": {"uv": [97, 19], "uv_size": [11, 2]},
								"down": {"uv": [99, 66], "uv_size": [11, -2]}
							}
						},
						{
							"origin": [-4.79062, 22.67126, -19.13437],
							"size": [1.09204, 3.17681, 1.03247],
							"uv": {
								"north": {"uv": [71, 62], "uv_size": [1, 4]},
								"east": {"uv": [94, 97], "uv_size": [1, 4]},
								"south": {"uv": [27, 98], "uv_size": [1, 4]},
								"west": {"uv": [64, 103], "uv_size": [1, 4]},
								"up": {"uv": [21, 111], "uv_size": [1, 1]},
								"down": {"uv": [27, 113], "uv_size": [1, -1]}
							}
						},
						{
							"origin": [3.69858, 22.67126, -19.13437],
							"size": [1.09204, 3.17681, 1.03247],
							"uv": {
								"north": {"uv": [12, 112], "uv_size": [1, 4]},
								"east": {"uv": [102, 113], "uv_size": [1, 4]},
								"south": {"uv": [109, 113], "uv_size": [1, 4]},
								"west": {"uv": [52, 114], "uv_size": [1, 4]},
								"up": {"uv": [27, 113], "uv_size": [1, 1]},
								"down": {"uv": [46, 114], "uv_size": [1, -1]}
							}
						}
					]
				},
				{
					"name": "horns_8",
					"parent": "head",
					"pivot": [0, -9.0437, -9.30469],
					"cubes": [
						{
							"origin": [-6.39886, 21.87707, -20.08741],
							"size": [12.79772, 1.5884, 1.5884],
							"pivot": [0, 23.46547, -19.29321],
							"rotation": [90, 0, 0],
							"uv": {
								"north": {"uv": [91, 31], "uv_size": [15, 2]},
								"east": {"uv": [60, 114], "uv_size": [2, 2]},
								"south": {"uv": [91, 76], "uv_size": [15, 2]},
								"west": {"uv": [64, 114], "uv_size": [2, 2]},
								"up": {"uv": [91, 86], "uv_size": [15, 2]},
								"down": {"uv": [91, 90], "uv_size": [15, -2]}
							}
						},
						{
							"origin": [-6.37902, 21.87707, -19.92857],
							"size": [1.33029, 4.76519, 1.27072],
							"pivot": [0, 23.46547, -19.29321],
							"rotation": [90, 0, 0],
							"uv": {
								"north": {"uv": [95, 106], "uv_size": [2, 5]},
								"east": {"uv": [82, 102], "uv_size": [1, 5]},
								"south": {"uv": [84, 107], "uv_size": [2, 5]},
								"west": {"uv": [97, 106], "uv_size": [1, 5]},
								"up": {"uv": [105, 71], "uv_size": [2, 1]},
								"down": {"uv": [31, 107], "uv_size": [2, -1]}
							}
						},
						{
							"origin": [5.04873, 21.87707, -19.92857],
							"size": [1.33029, 4.76519, 1.27072],
							"pivot": [0, 23.46547, -19.29321],
							"rotation": [90, 0, 0],
							"uv": {
								"north": {"uv": [13, 110], "uv_size": [2, 5]},
								"east": {"uv": [86, 107], "uv_size": [1, 5]},
								"south": {"uv": [33, 110], "uv_size": [2, 5]},
								"west": {"uv": [99, 111], "uv_size": [1, 5]},
								"up": {"uv": [18, 107], "uv_size": [2, 1]},
								"down": {"uv": [107, 106], "uv_size": [2, -1]}
							}
						}
					]
				},
				{
					"name": "horns_9",
					"parent": "head",
					"pivot": [0, -9.0437, -9.30469],
					"cubes": [
						{
							"origin": [0.63889, 23.43893, -19.34689],
							"size": [6.27254, 1.51117, 1.60776],
							"pivot": [3.33517, 24.19451, -18.54301],
							"rotation": [0, 0, -47.5],
							"uv": {
								"north": {"uv": [108, 17], "uv_size": [7, 2]},
								"east": {"uv": [68, 114], "uv_size": [2, 2]},
								"south": {"uv": [108, 19], "uv_size": [7, 2]},
								"west": {"uv": [70, 114], "uv_size": [2, 2]},
								"up": {"uv": [108, 24], "uv_size": [7, 2]},
								"down": {"uv": [33, 110], "uv_size": [7, -2]}
							}
						},
						{
							"origin": [-6.57002, 28.52182, -19.03778],
							"size": [5.0336, 0.98099, 1.07756],
							"pivot": [-4.71322, 29.18831, -18.49901],
							"rotation": [0, 0, 107.5],
							"uv": {
								"north": {"uv": [78, 113], "uv_size": [6, 1]},
								"east": {"uv": [13, 115], "uv_size": [1, 1]},
								"south": {"uv": [113, 78], "uv_size": [6, 1]},
								"west": {"uv": [115, 13], "uv_size": [1, 1]},
								"up": {"uv": [113, 79], "uv_size": [6, 1]},
								"down": {"uv": [113, 82], "uv_size": [6, -1]}
							}
						},
						{
							"origin": [-6.91143, 23.43893, -19.34689],
							"size": [6.27254, 1.51117, 1.60776],
							"pivot": [-3.33517, 24.19451, -18.54301],
							"rotation": [0, 0, 47.5],
							"uv": {
								"north": {"uv": [40, 108], "uv_size": [7, 2]},
								"east": {"uv": [72, 114], "uv_size": [2, 2]},
								"south": {"uv": [108, 57], "uv_size": [7, 2]},
								"west": {"uv": [74, 114], "uv_size": [2, 2]},
								"up": {"uv": [108, 59], "uv_size": [7, 2]},
								"down": {"uv": [0, 111], "uv_size": [7, -2]}
							}
						},
						{
							"origin": [1.53642, 28.52182, -19.03778],
							"size": [5.0336, 0.98099, 1.07756],
							"pivot": [4.71322, 29.18831, -18.49901],
							"rotation": [0, 0, -107.5],
							"uv": {
								"north": {"uv": [113, 72], "uv_size": [6, 1]},
								"east": {"uv": [94, 114], "uv_size": [1, 1]},
								"south": {"uv": [113, 73], "uv_size": [6, 1]},
								"west": {"uv": [115, 12], "uv_size": [1, 1]},
								"up": {"uv": [113, 74], "uv_size": [6, 1]},
								"down": {"uv": [113, 76], "uv_size": [6, -1]}
							}
						}
					]
				},
				{
					"name": "horns_10",
					"parent": "head",
					"pivot": [0, -9.0437, -9.30469],
					"cubes": [
						{
							"origin": [-4.81046, 22.23126, -19.55721],
							"size": [9.62092, 1.35015, 1.35015],
							"pivot": [0, 23.36301, -18.88214],
							"rotation": [90, 0, 0],
							"uv": {
								"north": {"uv": [99, 66], "uv_size": [11, 2]},
								"east": {"uv": [78, 114], "uv_size": [2, 2]},
								"south": {"uv": [0, 102], "uv_size": [11, 2]},
								"west": {"uv": [80, 114], "uv_size": [2, 2]},
								"up": {"uv": [102, 8], "uv_size": [11, 2]},
								"down": {"uv": [102, 12], "uv_size": [11, -2]}
							}
						},
						{
							"origin": [-4.79062, 22.23126, -19.39837],
							"size": [1.09204, 3.1768, 1.03247],
							"pivot": [0, 23.36301, -18.88214],
							"rotation": [90, 0, 0],
							"uv": {
								"north": {"uv": [82, 114], "uv_size": [1, 4]},
								"east": {"uv": [83, 114], "uv_size": [1, 4]},
								"south": {"uv": [84, 114], "uv_size": [1, 4]},
								"west": {"uv": [85, 114], "uv_size": [1, 4]},
								"up": {"uv": [14, 115], "uv_size": [1, 1]},
								"down": {"uv": [115, 15], "uv_size": [1, -1]}
							}
						},
						{
							"origin": [3.69858, 22.23126, -19.39837],
							"size": [1.09204, 3.1768, 1.03247],
							"pivot": [0, 23.36301, -18.88214],
							"rotation": [90, 0, 0],
							"uv": {
								"north": {"uv": [86, 114], "uv_size": [1, 4]},
								"east": {"uv": [89, 114], "uv_size": [1, 4]},
								"south": {"uv": [90, 114], "uv_size": [1, 4]},
								"west": {"uv": [91, 114], "uv_size": [1, 4]},
								"up": {"uv": [115, 15], "uv_size": [1, 1]},
								"down": {"uv": [115, 17], "uv_size": [1, -1]}
							}
						}
					]
				},
				{
					"name": "horn_connection",
					"parent": "head",
					"pivot": [0, 23.53522, -18.4956],
					"cubes": [
						{
							"origin": [-2.42993, 23.52298, -19.69237],
							"size": [4.85986, 0.50446, 2.39354],
							"inflate": -0.01,
							"uv": {
								"north": {"uv": [109, 16], "uv_size": [6, 1]},
								"east": {"uv": [4, 108], "uv_size": [3, 1]},
								"south": {"uv": [109, 23], "uv_size": [6, 1]},
								"west": {"uv": [114, 68], "uv_size": [3, 1]},
								"up": {"uv": [89, 106], "uv_size": [6, 3]},
								"down": {"uv": [103, 109], "uv_size": [6, -3]}
							}
						}
					]
				},
				{
					"name": "right_ear",
					"parent": "head",
					"pivot": [-1.91428, 22.46927, -17.38716],
					"rotation": [0, 0, -80],
					"cubes": [
						{
							"origin": [-2.88543, 22.72686, -17.87274],
							"size": [1.94229, 2.91344, 0.97116],
							"uv": {
								"north": {"uv": [65, 89], "uv_size": [2, 3]},
								"east": {"uv": [48, 99], "uv_size": [1, 3]},
								"south": {"uv": [70, 96], "uv_size": [2, 3]},
								"west": {"uv": [114, 89], "uv_size": [1, 3]},
								"up": {"uv": [57, 31], "uv_size": [2, 1]},
								"down": {"uv": [66, 41], "uv_size": [2, -1]}
							}
						},
						{
							"origin": [-6.0653, 22.64938, -18.79314],
							"size": [3.63493, 2.51474, -0.00134],
							"inflate": 0.01,
							"pivot": [-4.38775, 23.90674, -18.28118],
							"rotation": [-3.22511, -29.4987, -10.99161],
							"uv": {
								"north": {"uv": [123, 0], "uv_size": [4, 3]},
								"east": {"uv": [127, 0], "uv_size": [1, 3]},
								"south": {"uv": [127, 0], "uv_size": [-4, 3]},
								"west": {"uv": [127, 0], "uv_size": [1, 3]},
								"up": {"uv": [128, 0], "uv_size": [-1, 3]},
								"down": {"uv": [127, 3], "uv_size": [1, -3]}
							}
						}
					]
				},
				{
					"name": "left_ear",
					"parent": "head",
					"pivot": [1.91428, 22.46927, -17.38716],
					"rotation": [0, 0, 80],
					"cubes": [
						{
							"origin": [0.94314, 22.72686, -17.87274],
							"size": [1.94229, 2.91344, 0.97116],
							"uv": {
								"north": {"uv": [9, 104], "uv_size": [2, 3]},
								"east": {"uv": [92, 114], "uv_size": [1, 3]},
								"south": {"uv": [110, 111], "uv_size": [2, 3]},
								"west": {"uv": [93, 114], "uv_size": [1, 3]},
								"up": {"uv": [76, 12], "uv_size": [2, 1]},
								"down": {"uv": [70, 79], "uv_size": [2, -1]}
							}
						}
					]
				},
				{
					"name": "mouth",
					"parent": "head",
					"pivot": [0, 21.50091, -23.05658],
					"rotation": [-7.5, 0, 0],
					"cubes": [
						{
							"origin": [-2.2411, 19.3965, -25.89328],
							"size": [4.4822, 4.056, 3.8644],
							"inflate": -0.3,
							"uv": {
								"north": {"uv": [65, 96], "uv_size": [5, 5]},
								"east": {"uv": [94, 101], "uv_size": [4, 5]},
								"south": {"uv": [95, 96], "uv_size": [5, 5]},
								"west": {"uv": [11, 102], "uv_size": [4, 5]},
								"up": {"uv": [48, 102], "uv_size": [5, 4]},
								"down": {"uv": [53, 106], "uv_size": [5, -4]}
							}
						}
					]
				},
				{
					"name": "jaw",
					"parent": "mouth",
					"pivot": [0, 19.1041, -22.55601],
					"cubes": [
						{
							"origin": [-1.83022, 18.75016, -25.43185],
							"size": [3.66044, 1.35961, 3.76727],
							"inflate": -0.1,
							"pivot": [0, 19.42997, -23.54821],
							"rotation": [10, 0, 0],
							"uv": {
								"north": {"uv": [81, 74], "uv_size": [4, 2]},
								"east": {"uv": [111, 69], "uv_size": [4, 2]},
								"south": {"uv": [111, 92], "uv_size": [4, 2]},
								"west": {"uv": [111, 94], "uv_size": [4, 2]},
								"up": {"uv": [54, 106], "uv_size": [4, 4]},
								"down": {"uv": [29, 111], "uv_size": [4, -4]}
							}
						}
					]
				},
				{
					"name": "back_right_leg",
					"parent": "body_piv",
					"pivot": [-2.7478, 16.87185, 7.5441],
					"cubes": [
						{
							"origin": [-4.70835, 8.38893, 4.40591],
							"size": [3.92112, 10.22001, 6.66891],
							"inflate": 0.01,
							"pivot": [0, 13.1155, 16.9651],
							"rotation": [-2.5, 0, 0],
							"uv": {
								"north": {"uv": [0, 82], "uv_size": [4, 12]},
								"east": {"uv": [64, 66], "uv_size": [8, 12]},
								"south": {"uv": [4, 82], "uv_size": [4, 12]},
								"west": {"uv": [18, 68], "uv_size": [8, 12]},
								"up": {"uv": [45, 84], "uv_size": [4, 8]},
								"down": {"uv": [88, 8], "uv_size": [4, -8]}
							}
						}
					]
				},
				{
					"name": "back_left_calf",
					"parent": "back_right_leg",
					"pivot": [-2.7478, 11.82184, 9.70307],
					"cubes": [
						{
							"origin": [-4.31797, 7.85084, 7.55321],
							"size": [3.14035, 4.70139, 4.31797],
							"uv": {
								"north": {"uv": [41, 103], "uv_size": [4, 5]},
								"east": {"uv": [10, 97], "uv_size": [5, 5]},
								"south": {"uv": [58, 103], "uv_size": [4, 5]},
								"west": {"uv": [97, 12], "uv_size": [5, 5]},
								"up": {"uv": [103, 81], "uv_size": [4, 5]},
								"down": {"uv": [103, 101], "uv_size": [4, -5]}
							}
						},
						{
							"origin": [-3.92542, 0.77597, 9.12338],
							"size": [2.35525, 7.07487, 2.7478],
							"uv": {
								"north": {"uv": [15, 97], "uv_size": [3, 8]},
								"east": {"uv": [91, 97], "uv_size": [3, 8]},
								"south": {"uv": [24, 98], "uv_size": [3, 8]},
								"west": {"uv": [45, 99], "uv_size": [3, 8]},
								"up": {"uv": [18, 64], "uv_size": [3, 3]},
								"down": {"uv": [35, 113], "uv_size": [3, -3]}
							}
						}
					]
				},
				{
					"name": "back_left_hoof",
					"parent": "back_left_calf",
					"pivot": [-2.7478, 2.04122, 9.4283],
					"cubes": [
						{
							"origin": [-4.00178, 0.00214, 8.18343],
							"size": [2.50796, 1.95204, 2.50798],
							"inflate": 0.01,
							"uv": {
								"north": {"uv": [33, 82], "uv_size": [3, 2]},
								"east": {"uv": [104, 45], "uv_size": [3, 2]},
								"south": {"uv": [111, 102], "uv_size": [3, 2]},
								"west": {"uv": [107, 111], "uv_size": [3, 2]},
								"up": {"uv": [38, 110], "uv_size": [3, 3]},
								"down": {"uv": [110, 42], "uv_size": [3, -3]}
							}
						}
					]
				},
				{
					"name": "back_left_leg",
					"parent": "body_piv",
					"pivot": [2.7478, 16.87185, 7.5441],
					"cubes": [
						{
							"origin": [0.78723, 8.38893, 4.40591],
							"size": [3.92112, 10.22001, 6.66891],
							"inflate": 0.01,
							"pivot": [0, 13.1155, 16.9651],
							"rotation": [-2.5, 0, 0],
							"uv": {
								"north": {"uv": [16, 82], "uv_size": [4, 12]},
								"east": {"uv": [26, 68], "uv_size": [8, 12]},
								"south": {"uv": [20, 82], "uv_size": [4, 12]},
								"west": {"uv": [34, 68], "uv_size": [8, 12]},
								"up": {"uv": [79, 88], "uv_size": [4, 8]},
								"down": {"uv": [61, 97], "uv_size": [4, -8]}
							}
						}
					]
				},
				{
					"name": "back_right_calf",
					"parent": "back_left_leg",
					"pivot": [2.7478, 11.82184, 9.70307],
					"cubes": [
						{
							"origin": [1.17762, 7.85084, 7.55321],
							"size": [3.14035, 4.70139, 4.31797],
							"uv": {
								"north": {"uv": [27, 102], "uv_size": [4, 5]},
								"east": {"uv": [0, 97], "uv_size": [5, 5]},
								"south": {"uv": [78, 102], "uv_size": [4, 5]},
								"west": {"uv": [5, 97], "uv_size": [5, 5]},
								"up": {"uv": [33, 103], "uv_size": [4, 5]},
								"down": {"uv": [37, 108], "uv_size": [4, -5]}
							}
						},
						{
							"origin": [1.57017, 0.77597, 9.12338],
							"size": [2.35525, 7.07487, 2.7478],
							"uv": {
								"north": {"uv": [70, 99], "uv_size": [3, 8]},
								"east": {"uv": [73, 99], "uv_size": [3, 8]},
								"south": {"uv": [20, 100], "uv_size": [3, 8]},
								"west": {"uv": [100, 96], "uv_size": [3, 8]},
								"up": {"uv": [100, 110], "uv_size": [3, 3]},
								"down": {"uv": [0, 114], "uv_size": [3, -3]}
							}
						}
					]
				},
				{
					"name": "back_right_hoof",
					"parent": "back_right_calf",
					"pivot": [2.7478, 2.04122, 9.4283],
					"cubes": [
						{
							"origin": [1.49382, 0.00214, 8.18343],
							"size": [2.50796, 1.95204, 2.50798],
							"inflate": 0.01,
							"uv": {
								"north": {"uv": [112, 86], "uv_size": [3, 2]},
								"east": {"uv": [112, 111], "uv_size": [3, 2]},
								"south": {"uv": [113, 8], "uv_size": [3, 2]},
								"west": {"uv": [113, 10], "uv_size": [3, 2]},
								"up": {"uv": [3, 111], "uv_size": [3, 3]},
								"down": {"uv": [15, 114], "uv_size": [3, -3]}
							}
						}
					]
				},
				{
					"name": "tail",
					"parent": "body_piv",
					"pivot": [0, 19.26861, 12.0181],
					"cubes": [
						{
							"origin": [-0.76522, 8.65338, 11.83258],
							"size": [1.53044, 10.99703, 1.92298],
							"inflate": 0.05,
							"uv": {
								"north": {"uv": [26, 36], "uv_size": [2, 13]},
								"east": {"uv": [89, 92], "uv_size": [2, 13]},
								"south": {"uv": [31, 93], "uv_size": [2, 13]},
								"west": {"uv": [18, 94], "uv_size": [2, 13]},
								"up": {"uv": [7, 108], "uv_size": [2, 2]},
								"down": {"uv": [95, 115], "uv_size": [2, -2]}
							}
						}
					]
				},
				{
					"name": "tail_2",
					"parent": "tail",
					"pivot": [0, 8.63352, 12.71466],
					"cubes": [
						{
							"origin": [-1.16688, 3.16691, 11.3515],
							"size": [2.33376, 5.44675, 2.7263],
							"inflate": 0.05,
							"uv": {
								"north": {"uv": [104, 90], "uv_size": [3, 6]},
								"east": {"uv": [100, 104], "uv_size": [3, 6]},
								"south": {"uv": [105, 0], "uv_size": [3, 6]},
								"west": {"uv": [15, 105], "uv_size": [3, 6]},
								"up": {"uv": [44, 110], "uv_size": [3, 3]},
								"down": {"uv": [53, 113], "uv_size": [3, -3]}
							}
						}
					]
				},
				{
					"name": "front_right_leg",
					"parent": "body",
					"pivot": [-2.35525, 11.37626, -8.43966],
					"cubes": [
						{
							"origin": [-3.92542, 6.66575, -10.20609],
							"size": [3.14034, 6.28068, 3.53288],
							"uv": {
								"north": {"uv": [33, 90], "uv_size": [4, 7]},
								"east": {"uv": [37, 90], "uv_size": [4, 7]},
								"south": {"uv": [41, 90], "uv_size": [4, 7]},
								"west": {"uv": [24, 91], "uv_size": [4, 7]},
								"up": {"uv": [107, 89], "uv_size": [4, 4]},
								"down": {"uv": [107, 97], "uv_size": [4, -4]}
							}
						}
					]
				},
				{
					"name": "front_right_calf",
					"parent": "front_right_leg",
					"pivot": [-2.35525, 7.4583, -8.43966],
					"cubes": [
						{
							"origin": [-3.53288, 0.77597, -9.81355],
							"size": [2.35526, 7.45996, 2.7478],
							"uv": {
								"north": {"uv": [76, 92], "uv_size": [3, 9]},
								"east": {"uv": [83, 92], "uv_size": [3, 9]},
								"south": {"uv": [86, 92], "uv_size": [3, 9]},
								"west": {"uv": [28, 93], "uv_size": [3, 9]},
								"up": {"uv": [110, 63], "uv_size": [3, 3]},
								"down": {"uv": [64, 113], "uv_size": [3, -3]}
							}
						}
					]
				},
				{
					"name": "front_right_hoof",
					"parent": "front_right_calf",
					"pivot": [-2.35525, 2.04122, -8.71443],
					"cubes": [
						{
							"origin": [-3.60923, 0.00214, -10.7535],
							"size": [2.50796, 1.95204, 2.50797],
							"inflate": 0.01,
							"uv": {
								"north": {"uv": [6, 112], "uv_size": [3, 2]},
								"east": {"uv": [9, 112], "uv_size": [3, 2]},
								"south": {"uv": [21, 112], "uv_size": [3, 2]},
								"west": {"uv": [24, 112], "uv_size": [3, 2]},
								"up": {"uv": [67, 110], "uv_size": [3, 3]},
								"down": {"uv": [70, 113], "uv_size": [3, -3]}
							}
						}
					]
				},
				{
					"name": "front_left_leg",
					"parent": "body",
					"pivot": [2.35525, 11.37626, -8.43966],
					"cubes": [
						{
							"origin": [0.78508, 6.66575, -10.20609],
							"size": [3.14034, 6.28068, 3.53288],
							"uv": {
								"north": {"uv": [91, 90], "uv_size": [4, 7]},
								"east": {"uv": [92, 0], "uv_size": [4, 7]},
								"south": {"uv": [92, 33], "uv_size": [4, 7]},
								"west": {"uv": [45, 92], "uv_size": [4, 7]},
								"up": {"uv": [107, 97], "uv_size": [4, 4]},
								"down": {"uv": [107, 105], "uv_size": [4, -4]}
							}
						}
					]
				},
				{
					"name": "front_left_calf",
					"parent": "front_left_leg",
					"pivot": [2.35525, 7.4583, -8.43966],
					"cubes": [
						{
							"origin": [1.17762, 0.77597, -9.81355],
							"size": [2.35526, 7.45996, 2.7478],
							"uv": {
								"north": {"uv": [49, 93], "uv_size": [3, 9]},
								"east": {"uv": [52, 93], "uv_size": [3, 9]},
								"south": {"uv": [55, 93], "uv_size": [3, 9]},
								"west": {"uv": [58, 93], "uv_size": [3, 9]},
								"up": {"uv": [73, 110], "uv_size": [3, 3]},
								"down": {"uv": [110, 80], "uv_size": [3, -3]}
							}
						}
					]
				},
				{
					"name": "front_left_hoof",
					"parent": "front_left_calf",
					"pivot": [2.35525, 2.04122, -8.71443],
					"cubes": [
						{
							"origin": [1.10127, 0.00214, -10.7535],
							"size": [2.50796, 1.95204, 2.50797],
							"inflate": 0.01,
							"uv": {
								"north": {"uv": [112, 26], "uv_size": [3, 2]},
								"east": {"uv": [112, 28], "uv_size": [3, 2]},
								"south": {"uv": [112, 30], "uv_size": [3, 2]},
								"west": {"uv": [84, 112], "uv_size": [3, 2]},
								"up": {"uv": [78, 110], "uv_size": [3, 3]},
								"down": {"uv": [81, 113], "uv_size": [3, -3]}
							}
						}
					]
				}
			]
		}
	]
}