{
	"format_version": "1.12.0",
	"minecraft:geometry": [
		{
			"description": {
				"identifier": "geometry.unknown",
				"texture_width": 128,
				"texture_height": 128,
				"visible_bounds_width": 6,
				"visible_bounds_height": 3.5,
				"visible_bounds_offset": [0, 1.25, 0]
			},
			"bones": [
				{
					"name": "body",
					"pivot": [0, 12.5183, -2.36195]
				},
				{
					"name": "body_piv",
					"parent": "body",
					"pivot": [0, 12.84682, 0],
					"cubes": [
						{
							"origin": [-3.56857, 9.40609, -9.99198],
							"size": [7.13714, 9.15044, 6.92052],
							"uv": {
								"north": {"uv": [59, 41], "uv_size": [9, 11]},
								"east": {"uv": [60, 10], "uv_size": [9, 11]},
								"south": {"uv": [0, 62], "uv_size": [9, 11]},
								"west": {"uv": [9, 64], "uv_size": [9, 11]},
								"up": {"uv": [72, 67], "uv_size": [9, 9]},
								"down": {"uv": [0, 82], "uv_size": [9, -9]}
							}
						},
						{
							"origin": [-3.69699, 8.78138, 2.51892],
							"size": [7.39398, 9.97992, 7.82222],
							"inflate": 0.05,
							"pivot": [0, 13.56337, 6.33336],
							"rotation": [2.5, 0, 0],
							"uv": {
								"north": {"uv": [21, 56], "uv_size": [9, 12]},
								"east": {"uv": [39, 32], "uv_size": [10, 12]},
								"south": {"uv": [30, 56], "uv_size": [9, 12]},
								"west": {"uv": [39, 44], "uv_size": [10, 12]},
								"up": {"uv": [71, 47], "uv_size": [9, 10]},
								"down": {"uv": [72, 67], "uv_size": [9, -10]}
							}
						},
						{
							"origin": [-3.56857, 8.62018, -3.07146],
							"size": [7.13714, 9.93635, 6.07072],
							"uv": {
								"north": {"uv": [39, 56], "uv_size": [9, 12]},
								"east": {"uv": [68, 35], "uv_size": [8, 12]},
								"south": {"uv": [48, 56], "uv_size": [9, 12]},
								"west": {"uv": [42, 68], "uv_size": [8, 12]},
								"up": {"uv": [69, 13], "uv_size": [9, 8]},
								"down": {"uv": [73, 29], "uv_size": [9, -8]}
							}
						},
						{
							"origin": [-3.76836, 8.86562, -10.26315],
							"size": [3.53994, 9.97992, 7.75084],
							"inflate": 0.05,
							"pivot": [0, 14.68463, -5.7097],
							"rotation": [-5, 0, 0],
							"uv": {
								"north": {"uv": [49, 81], "uv_size": [4, 12]},
								"east": {"uv": [49, 32], "uv_size": [10, 12]},
								"south": {"uv": [53, 81], "uv_size": [4, 12]},
								"west": {"uv": [49, 44], "uv_size": [10, 12]},
								"up": {"uv": [65, 0], "uv_size": [4, 10]},
								"down": {"uv": [67, 92], "uv_size": [4, -10]}
							}
						},
						{
							"origin": [0.22842, 8.86562, -10.26315],
							"size": [3.53994, 9.97992, 7.75084],
							"inflate": 0.05,
							"pivot": [0, 14.68463, -5.7097],
							"rotation": [-5, 0, 0],
							"uv": {
								"north": {"uv": [8, 82], "uv_size": [4, 12]},
								"east": {"uv": [0, 50], "uv_size": [10, 12]},
								"south": {"uv": [12, 82], "uv_size": [4, 12]},
								"west": {"uv": [50, 14], "uv_size": [10, 12]},
								"up": {"uv": [71, 82], "uv_size": [4, 10]},
								"down": {"uv": [75, 92], "uv_size": [4, -10]}
							}
						}
					]
				},
				{
					"name": "body_fluff",
					"parent": "body_piv",
					"pivot": [0, 12.84682, 0],
					"cubes": [
						{
							"origin": [-4.47106, 5.01018, -11.01346],
							"size": [8.94212, 14.48495, 22.02692],
							"uv": {
								"north": {"uv": [15, 36], "uv_size": [11, 18]},
								"east": {"uv": [0, 0], "uv_size": [28, 18]},
								"south": {"uv": [39, 14], "uv_size": [11, 18]},
								"west": {"uv": [0, 18], "uv_size": [28, 18]},
								"up": {"uv": [28, 0], "uv_size": [11, 28]},
								"down": {"uv": [28, 56], "uv_size": [11, -28]}
							}
						}
					]
				},
				{
					"name": "hump",
					"parent": "body_piv",
					"pivot": [0, 15.73482, -5.776],
					"cubes": [
						{
							"origin": [-2.12457, 18.00618, -9.56946],
							"size": [4.24914, 3.43835, 7.51472],
							"uv": {
								"north": {"uv": [102, 72], "uv_size": [5, 4]},
								"east": {"uv": [9, 75], "uv_size": [9, 4]},
								"south": {"uv": [4, 104], "uv_size": [5, 4]},
								"west": {"uv": [85, 82], "uv_size": [9, 4]},
								"up": {"uv": [81, 65], "uv_size": [5, 9]},
								"down": {"uv": [24, 91], "uv_size": [5, -9]}
							}
						}
					]
				},
				{
					"name": "fat",
					"parent": "body_piv",
					"pivot": [0, 10.91183, -8.41165],
					"cubes": [
						{
							"origin": [-0.68057, 6.09318, -13.90146],
							"size": [1.36114, 8.303, 8.95872],
							"pivot": [0, 9.70318, -8.3391],
							"rotation": [-60, 0, 0],
							"uv": {
								"north": {"uv": [98, 101], "uv_size": [2, 10]},
								"east": {"uv": [54, 0], "uv_size": [11, 10]},
								"south": {"uv": [62, 103], "uv_size": [2, 10]},
								"west": {"uv": [10, 54], "uv_size": [11, 10]},
								"up": {"uv": [76, 101], "uv_size": [2, 11]},
								"down": {"uv": [87, 112], "uv_size": [2, -11]}
							}
						}
					]
				},
				{
					"name": "utters",
					"parent": "body_piv",
					"pivot": [0, 8.29012, 6.14595],
					"cubes": [
						{
							"origin": [-1.76848, 6.36762, 3.49743],
							"size": [3.53696, 2.30545, 5.29704],
							"inflate": 0.05,
							"uv": {
								"north": {"uv": [18, 108], "uv_size": [4, 3]},
								"east": {"uv": [102, 12], "uv_size": [7, 3]},
								"south": {"uv": [58, 108], "uv_size": [4, 3]},
								"west": {"uv": [102, 21], "uv_size": [7, 3]},
								"up": {"uv": [92, 69], "uv_size": [4, 7]},
								"down": {"uv": [72, 99], "uv_size": [4, -7]}
							}
						},
						{
							"origin": [0.57831, 5.78093, 4.67083],
							"size": [0.60347, 0.54537, 0.60347],
							"inflate": 0.05,
							"uv": {
								"north": {"uv": [85, 75], "uv_size": [1, 1]},
								"east": {"uv": [87, 6], "uv_size": [1, 1]},
								"south": {"uv": [87, 7], "uv_size": [1, 1]},
								"west": {"uv": [28, 91], "uv_size": [1, 1]},
								"up": {"uv": [91, 33], "uv_size": [1, 1]},
								"down": {"uv": [28, 93], "uv_size": [1, -1]}
							}
						},
						{
							"origin": [-1.18178, 5.78093, 4.67083],
							"size": [0.60347, 0.54537, 0.60347],
							"inflate": 0.05,
							"uv": {
								"north": {"uv": [98, 64], "uv_size": [1, 1]},
								"east": {"uv": [78, 101], "uv_size": [1, 1]},
								"south": {"uv": [23, 105], "uv_size": [1, 1]},
								"west": {"uv": [93, 105], "uv_size": [1, 1]},
								"up": {"uv": [69, 106], "uv_size": [1, 1]},
								"down": {"uv": [106, 77], "uv_size": [1, -1]}
							}
						},
						{
							"origin": [0.57831, 5.78093, 7.0176],
							"size": [0.60347, 0.54537, 0.60348],
							"inflate": 0.05,
							"uv": {
								"north": {"uv": [106, 89], "uv_size": [1, 1]},
								"east": {"uv": [22, 108], "uv_size": [1, 1]},
								"south": {"uv": [47, 108], "uv_size": [1, 1]},
								"west": {"uv": [22, 109], "uv_size": [1, 1]},
								"up": {"uv": [53, 109], "uv_size": [1, 1]},
								"down": {"uv": [109, 64], "uv_size": [1, -1]}
							}
						},
						{
							"origin": [-1.18178, 5.78093, 7.0176],
							"size": [0.60347, 0.54537, 0.60348],
							"inflate": 0.05,
							"uv": {
								"north": {"uv": [28, 110], "uv_size": [1, 1]},
								"east": {"uv": [56, 110], "uv_size": [1, 1]},
								"south": {"uv": [57, 110], "uv_size": [1, 1]},
								"west": {"uv": [110, 66], "uv_size": [1, 1]},
								"up": {"uv": [110, 67], "uv_size": [1, 1]},
								"down": {"uv": [6, 112], "uv_size": [1, -1]}
							}
						}
					]
				},
				{
					"name": "back_right_leg",
					"parent": "body_piv",
					"pivot": [-2.498, 15.70168, 6.05827],
					"cubes": [
						{
							"origin": [-4.27941, 8.71084, 3.20628],
							"size": [3.56283, 9.28911, 6.06083],
							"inflate": 0.01,
							"pivot": [0, 13.56337, 6.33336],
							"rotation": [2.5, 0, 0],
							"uv": {
								"north": {"uv": [0, 82], "uv_size": [4, 12]},
								"east": {"uv": [64, 66], "uv_size": [8, 12]},
								"south": {"uv": [4, 82], "uv_size": [4, 12]},
								"west": {"uv": [18, 68], "uv_size": [8, 12]},
								"up": {"uv": [45, 84], "uv_size": [4, 8]},
								"down": {"uv": [88, 8], "uv_size": [4, -8]}
							}
						}
					]
				},
				{
					"name": "back_left_calf",
					"parent": "back_right_leg",
					"pivot": [-2.498, 10.74713, 8.02098],
					"cubes": [
						{
							"origin": [-3.92542, 7.13713, 6.06655],
							"size": [2.85485, 4.27399, 3.92543],
							"uv": {
								"north": {"uv": [41, 103], "uv_size": [4, 5]},
								"east": {"uv": [10, 97], "uv_size": [5, 5]},
								"south": {"uv": [58, 103], "uv_size": [4, 5]},
								"west": {"uv": [97, 12], "uv_size": [5, 5]},
								"up": {"uv": [103, 81], "uv_size": [4, 5]},
								"down": {"uv": [103, 101], "uv_size": [4, -5]}
							}
						},
						{
							"origin": [-3.56857, 0.70542, 7.49398],
							"size": [2.14115, 6.43171, 2.498],
							"uv": {
								"north": {"uv": [15, 97], "uv_size": [3, 8]},
								"east": {"uv": [91, 97], "uv_size": [3, 8]},
								"south": {"uv": [24, 98], "uv_size": [3, 8]},
								"west": {"uv": [45, 99], "uv_size": [3, 8]},
								"up": {"uv": [18, 64], "uv_size": [3, 3]},
								"down": {"uv": [35, 113], "uv_size": [3, -3]}
							}
						}
					]
				},
				{
					"name": "back_left_hoof",
					"parent": "back_left_calf",
					"pivot": [-2.498, 1.85566, 7.77118],
					"cubes": [
						{
							"origin": [-3.63707, 0.00286, 6.64039],
							"size": [2.27815, 1.77276, 2.27816],
							"inflate": 0.01,
							"uv": {
								"north": {"uv": [33, 82], "uv_size": [3, 2]},
								"east": {"uv": [104, 45], "uv_size": [3, 2]},
								"south": {"uv": [111, 102], "uv_size": [3, 2]},
								"west": {"uv": [107, 111], "uv_size": [3, 2]},
								"up": {"uv": [38, 110], "uv_size": [3, 3]},
								"down": {"uv": [110, 42], "uv_size": [3, -3]}
							}
						}
					]
				},
				{
					"name": "back_left_leg",
					"parent": "body_piv",
					"pivot": [2.498, 15.70168, 6.05827],
					"cubes": [
						{
							"origin": [0.71658, 8.71084, 3.20628],
							"size": [3.56283, 9.28911, 6.06083],
							"inflate": 0.01,
							"pivot": [0, 13.56337, 6.33336],
							"rotation": [2.5, 0, 0],
							"uv": {
								"north": {"uv": [16, 82], "uv_size": [4, 12]},
								"east": {"uv": [26, 68], "uv_size": [8, 12]},
								"south": {"uv": [20, 82], "uv_size": [4, 12]},
								"west": {"uv": [34, 68], "uv_size": [8, 12]},
								"up": {"uv": [79, 88], "uv_size": [4, 8]},
								"down": {"uv": [61, 97], "uv_size": [4, -8]}
							}
						}
					]
				},
				{
					"name": "back_right_calf",
					"parent": "back_left_leg",
					"pivot": [2.498, 10.74713, 8.02098],
					"cubes": [
						{
							"origin": [1.07057, 7.13713, 6.06655],
							"size": [2.85485, 4.27399, 3.92543],
							"uv": {
								"north": {"uv": [27, 102], "uv_size": [4, 5]},
								"east": {"uv": [0, 97], "uv_size": [5, 5]},
								"south": {"uv": [78, 102], "uv_size": [4, 5]},
								"west": {"uv": [5, 97], "uv_size": [5, 5]},
								"up": {"uv": [33, 103], "uv_size": [4, 5]},
								"down": {"uv": [37, 108], "uv_size": [4, -5]}
							}
						},
						{
							"origin": [1.42742, 0.70542, 7.49398],
							"size": [2.14115, 6.43171, 2.498],
							"uv": {
								"north": {"uv": [70, 99], "uv_size": [3, 8]},
								"east": {"uv": [73, 99], "uv_size": [3, 8]},
								"south": {"uv": [20, 100], "uv_size": [3, 8]},
								"west": {"uv": [100, 96], "uv_size": [3, 8]},
								"up": {"uv": [100, 110], "uv_size": [3, 3]},
								"down": {"uv": [0, 114], "uv_size": [3, -3]}
							}
						}
					]
				},
				{
					"name": "back_right_hoof",
					"parent": "back_right_calf",
					"pivot": [2.498, 1.85566, 7.77118],
					"cubes": [
						{
							"origin": [1.35892, 0.00286, 6.64039],
							"size": [2.27815, 1.77276, 2.27816],
							"inflate": 0.01,
							"uv": {
								"north": {"uv": [112, 86], "uv_size": [3, 2]},
								"east": {"uv": [112, 111], "uv_size": [3, 2]},
								"south": {"uv": [113, 8], "uv_size": [3, 2]},
								"west": {"uv": [113, 10], "uv_size": [3, 2]},
								"up": {"uv": [3, 111], "uv_size": [3, 3]},
								"down": {"uv": [15, 114], "uv_size": [3, -3]}
							}
						}
					]
				},
				{
					"name": "neck",
					"parent": "body_piv",
					"pivot": [0, 15.3095, -10.08777],
					"rotation": [12.5, 0, 0],
					"cubes": [
						{
							"origin": [-1.78428, 14.38833, -14.03738],
							"size": [3.56856, 4.77938, 4.97942],
							"pivot": [0, 16.31287, -9.7551],
							"rotation": [-20, 0, 0],
							"uv": {
								"north": {"uv": [20, 94], "uv_size": [4, 6]},
								"east": {"uv": [79, 82], "uv_size": [6, 6]},
								"south": {"uv": [79, 96], "uv_size": [4, 6]},
								"west": {"uv": [33, 84], "uv_size": [6, 6]},
								"up": {"uv": [33, 97], "uv_size": [4, 6]},
								"down": {"uv": [37, 103], "uv_size": [4, -6]}
							}
						},
						{
							"origin": [-1.75105, 17.87124, -17.23454],
							"size": [3.55624, 4.79009, 4.26314],
							"inflate": -0.01,
							"pivot": [0.0361, 19.80361, -18.68397],
							"rotation": [-22.44788, -0.22077, 0],
							"uv": {
								"north": {"uv": [65, 101], "uv_size": [4, 6]},
								"east": {"uv": [87, 34], "uv_size": [5, 6]},
								"south": {"uv": [83, 101], "uv_size": [4, 6]},
								"west": {"uv": [88, 21], "uv_size": [5, 6]},
								"up": {"uv": [103, 101], "uv_size": [4, 5]},
								"down": {"uv": [0, 109], "uv_size": [4, -5]}
							}
						},
						{
							"origin": [-1.7539, 14.01498, -18.24406],
							"size": [3.54391, 4.44475, 8.99263],
							"inflate": -0.02,
							"pivot": [0, 14.58836, -14.89549],
							"rotation": [-45, 0, 0],
							"uv": {
								"north": {"uv": [41, 97], "uv_size": [4, 6]},
								"east": {"uv": [87, 35], "uv_size": [-11, 6]},
								"south": {"uv": [61, 97], "uv_size": [4, 6]},
								"west": {"uv": [76, 35], "uv_size": [11, 6]},
								"up": {"uv": [29, 82], "uv_size": [4, 11]},
								"down": {"uv": [57, 93], "uv_size": [4, -11]}
							}
						}
					]
				},
				{
					"name": "neck_fluff",
					"parent": "neck",
					"pivot": [0, 15.67286, -8.8751],
					"cubes": [
						{
							"origin": [-2.79508, 7.97233, -18.21138],
							"size": [5.59016, 11.27738, 12.19942],
							"pivot": [0, 15.67286, -8.8751],
							"rotation": [-20, 0, 0],
							"uv": {
								"north": {"uv": [64, 52], "uv_size": [7, 14]},
								"east": {"uv": [0, 36], "uv_size": [15, 14]},
								"south": {"uv": [66, 21], "uv_size": [7, 14]},
								"west": {"uv": [39, 0], "uv_size": [15, 14]},
								"up": {"uv": [57, 56], "uv_size": [7, 15]},
								"down": {"uv": [59, 41], "uv_size": [7, -15]}
							}
						}
					]
				},
				{
					"name": "bell",
					"parent": "neck",
					"pivot": [0, 12.25, -14],
					"rotation": [167.5, 0, 0],
					"cubes": [
						{
							"origin": [-2.4, 15.75875, -16.46354],
							"size": [4.8, 1.2, 4.8],
							"uv": {
								"north": {"uv": [79, 126], "uv_size": [8, 2]},
								"east": {"uv": [71, 126], "uv_size": [8, 2]},
								"south": {"uv": [95, 126], "uv_size": [8, 2]},
								"west": {"uv": [87, 126], "uv_size": [8, 2]},
								"up": {"uv": [79, 118], "uv_size": [8, 8]},
								"down": {"uv": [87, 126], "uv_size": [8, -8]}
							}
						},
						{
							"origin": [-1.8, 12.15875, -15.86354],
							"size": [3.6, 4.2, 3.6],
							"uv": {
								"north": {"uv": [110, 121], "uv_size": [6, 7]},
								"east": {"uv": [104, 121], "uv_size": [6, 7]},
								"south": {"uv": [122, 121], "uv_size": [6, 7]},
								"west": {"uv": [116, 121], "uv_size": [6, 7]},
								"up": {"uv": [110, 115], "uv_size": [6, 6]},
								"down": {"uv": [116, 121], "uv_size": [6, -6]}
							}
						}
					]
				},
				{
					"name": "wagon_harness",
					"parent": "neck",
					"pivot": [-0.02159, 18.08186, -9.03952],
					"rotation": [157.5, 0, 0],
					"cubes": [
						{
							"origin": [-2.98394, 22.15336, -12.29469],
							"size": [5.8642, 3.52195, 10.19359],
							"pivot": [-0.05185, 22.35714, -5.37451],
							"rotation": [67.50008, -0.00168, 0.01959],
							"uv": {
								"north": {"uv": [65, 92], "uv_size": [7, 4]},
								"east": {"uv": [36, 80], "uv_size": [13, 4]},
								"south": {"uv": [92, 65], "uv_size": [7, 4]},
								"west": {"uv": [81, 61], "uv_size": [13, 4]},
								"up": {"uv": [50, 68], "uv_size": [7, 13]},
								"down": {"uv": [69, 13], "uv_size": [7, -13]}
							}
						},
						{
							"origin": [-1.06772, 16.50873, -8.98066],
							"size": [2.97926, 0.69189, 0.6919],
							"pivot": [-0.00633, 16.43902, -9.72959],
							"rotation": [-105.16911, 24.62796, 112.83685],
							"uv": {
								"north": {"uv": [91, 78], "uv_size": [4, 1]},
								"east": {"uv": [9, 62], "uv_size": [1, 1]},
								"south": {"uv": [92, 7], "uv_size": [4, 1]},
								"west": {"uv": [9, 63], "uv_size": [1, 1]},
								"up": {"uv": [94, 64], "uv_size": [4, 1]},
								"down": {"uv": [89, 106], "uv_size": [4, -1]}
							}
						},
						{
							"origin": [-1.9242, 16.50873, -8.98066],
							"size": [2.97927, 0.69189, 0.6919],
							"pivot": [-0.00633, 16.43902, -9.72959],
							"rotation": [-105.16911, -24.62796, -112.83685],
							"uv": {
								"north": {"uv": [23, 106], "uv_size": [4, 1]},
								"east": {"uv": [49, 80], "uv_size": [1, 1]},
								"south": {"uv": [106, 77], "uv_size": [4, 1]},
								"west": {"uv": [85, 74], "uv_size": [1, 1]},
								"up": {"uv": [108, 26], "uv_size": [4, 1]},
								"down": {"uv": [112, 114], "uv_size": [4, -1]}
							}
						}
					]
				},
				{
					"name": "head",
					"parent": "neck",
					"pivot": [0, 20.39048, -15.77366],
					"rotation": [22.5, 0, 0],
					"cubes": [
						{
							"origin": [-2.20715, 20.27446, -20.86309],
							"size": [4.4143, 1.83362, 5.14683],
							"pivot": [0, 21.19127, -18.28968],
							"rotation": [7.5, 0, 0],
							"uv": {
								"north": {"uv": [109, 12], "uv_size": [6, 2]},
								"east": {"uv": [109, 14], "uv_size": [6, 2]},
								"south": {"uv": [109, 21], "uv_size": [6, 2]},
								"west": {"uv": [47, 109], "uv_size": [6, 2]},
								"up": {"uv": [39, 84], "uv_size": [6, 6]},
								"down": {"uv": [85, 34], "uv_size": [6, -6]}
							}
						},
						{
							"origin": [-2.20715, 17.53794, -20.86309],
							"size": [4.4143, 2.73652, 2.43035],
							"inflate": -0.1,
							"pivot": [0, 18.9062, -19.64792],
							"rotation": [-5, 0, 0],
							"uv": {
								"north": {"uv": [102, 24], "uv_size": [6, 3]},
								"east": {"uv": [41, 110], "uv_size": [3, 3]},
								"south": {"uv": [103, 61], "uv_size": [6, 3]},
								"west": {"uv": [110, 42], "uv_size": [3, 3]},
								"up": {"uv": [104, 39], "uv_size": [6, 3]},
								"down": {"uv": [104, 45], "uv_size": [6, -3]}
							}
						},
						{
							"origin": [-2.53313, 17.08401, -19.33748],
							"size": [5.06626, 3.25951, 3.73402],
							"pivot": [0, 18.74394, -16.86413],
							"rotation": [-7.5, 0, 0],
							"uv": {
								"north": {"uv": [54, 10], "uv_size": [6, 4]},
								"east": {"uv": [10, 50], "uv_size": [5, 4]},
								"south": {"uv": [96, 72], "uv_size": [6, 4]},
								"west": {"uv": [59, 52], "uv_size": [5, 4]},
								"up": {"uv": [60, 21], "uv_size": [6, 5]},
								"down": {"uv": [86, 76], "uv_size": [6, -5]}
							}
						}
					]
				},
				{
					"name": "head_fluff",
					"parent": "head",
					"pivot": [0, -7.61791, -8.24698],
					"cubes": [
						{
							"origin": [-2.56815, 17.58646, -21.38509],
							"size": [5.1363, 4.86602, 5.86883],
							"pivot": [0, 20.01947, -18.45068],
							"rotation": [7.5, 0, 0],
							"uv": {
								"north": {"uv": [86, 65], "uv_size": [6, 6]},
								"east": {"uv": [50, 26], "uv_size": [7, 6]},
								"south": {"uv": [85, 86], "uv_size": [6, 6]},
								"west": {"uv": [57, 71], "uv_size": [7, 6]},
								"up": {"uv": [82, 21], "uv_size": [6, 7]},
								"down": {"uv": [61, 89], "uv_size": [6, -7]}
							}
						}
					]
				},
				{
					"name": "horns_1",
					"parent": "head",
					"pivot": [0, -7.61791, -8.61881],
					"cubes": [
						{
							"origin": [-5.81715, 21.21388, -17.69928],
							"size": [11.6343, 1.444, 1.444],
							"uv": {
								"north": {"uv": [87, 8], "uv_size": [15, 2]},
								"east": {"uv": [97, 113], "uv_size": [2, 2]},
								"south": {"uv": [87, 10], "uv_size": [15, 2]},
								"west": {"uv": [100, 113], "uv_size": [2, 2]},
								"up": {"uv": [91, 27], "uv_size": [15, 2]},
								"down": {"uv": [91, 31], "uv_size": [15, -2]}
							}
						},
						{
							"origin": [-5.7991, 21.29388, -17.55488],
							"size": [1.20935, 4.252, 1.1552],
							"uv": {
								"north": {"uv": [66, 35], "uv_size": [2, 5]},
								"east": {"uv": [23, 100], "uv_size": [1, 5]},
								"south": {"uv": [68, 47], "uv_size": [2, 5]},
								"west": {"uv": [69, 101], "uv_size": [1, 5]},
								"up": {"uv": [101, 81], "uv_size": [2, 1]},
								"down": {"uv": [102, 40], "uv_size": [2, -1]}
							}
						},
						{
							"origin": [4.58975, 21.29388, -17.55488],
							"size": [1.20935, 4.252, 1.1552],
							"uv": {
								"north": {"uv": [26, 49], "uv_size": [2, 5]},
								"east": {"uv": [70, 47], "uv_size": [1, 5]},
								"south": {"uv": [57, 26], "uv_size": [2, 5]},
								"west": {"uv": [71, 57], "uv_size": [1, 5]},
								"up": {"uv": [85, 34], "uv_size": [2, 1]},
								"down": {"uv": [93, 41], "uv_size": [2, -1]}
							}
						}
					]
				},
				{
					"name": "horns_2",
					"parent": "head",
					"pivot": [0, -7.61791, -8.61881],
					"cubes": [
						{
							"origin": [-10.87115, 20.78068, -17.91588],
							"size": [21.7423, 1.8772, 1.8772],
							"uv": {
								"north": {"uv": [80, 53], "uv_size": [27, 2]},
								"east": {"uv": [66, 114], "uv_size": [2, 2]},
								"south": {"uv": [80, 55], "uv_size": [27, 2]},
								"west": {"uv": [114, 66], "uv_size": [2, 2]},
								"up": {"uv": [81, 57], "uv_size": [27, 2]},
								"down": {"uv": [81, 61], "uv_size": [27, -2]}
							}
						},
						{
							"origin": [-10.8531, 20.92508, -20.80388],
							"size": [1.50825, 1.5884, 3.3212],
							"uv": {
								"north": {"uv": [2, 114], "uv_size": [2, 2]},
								"east": {"uv": [111, 98], "uv_size": [4, 2]},
								"south": {"uv": [4, 114], "uv_size": [2, 2]},
								"west": {"uv": [111, 100], "uv_size": [4, 2]},
								"up": {"uv": [103, 111], "uv_size": [2, 4]},
								"down": {"uv": [105, 115], "uv_size": [2, -4]}
							}
						},
						{
							"origin": [9.34485, 20.92508, -20.80388],
							"size": [1.50825, 1.5884, 3.3212],
							"uv": {
								"north": {"uv": [107, 113], "uv_size": [2, 2]},
								"east": {"uv": [95, 111], "uv_size": [4, 2]},
								"south": {"uv": [0, 114], "uv_size": [2, 2]},
								"west": {"uv": [111, 96], "uv_size": [4, 2]},
								"up": {"uv": [83, 88], "uv_size": [2, 4]},
								"down": {"uv": [31, 115], "uv_size": [2, -4]}
							}
						}
					]
				},
				{
					"name": "horns_3",
					"parent": "head",
					"pivot": [0, -7.61791, -8.61881],
					"cubes": [
						{
							"origin": [-10.87115, 20.78068, -17.91588],
							"size": [21.7423, 1.8772, 1.8772],
							"uv": {
								"north": {"uv": [9, 80], "uv_size": [27, 2]},
								"east": {"uv": [6, 114], "uv_size": [2, 2]},
								"south": {"uv": [80, 47], "uv_size": [27, 2]},
								"west": {"uv": [114, 6], "uv_size": [2, 2]},
								"up": {"uv": [80, 49], "uv_size": [27, 2]},
								"down": {"uv": [80, 53], "uv_size": [27, -2]}
							}
						},
						{
							"origin": [9.34485, 23.09108, -17.91588],
							"size": [1.50825, 1.5884, 2.5992],
							"pivot": [10.09898, 23.88528, -16.97728],
							"rotation": [-90, 0, 0],
							"uv": {
								"north": {"uv": [8, 114], "uv_size": [2, 2]},
								"east": {"uv": [35, 113], "uv_size": [3, 2]},
								"south": {"uv": [10, 114], "uv_size": [2, 2]},
								"west": {"uv": [38, 113], "uv_size": [3, 2]},
								"up": {"uv": [76, 112], "uv_size": [2, 3]},
								"down": {"uv": [87, 115], "uv_size": [2, -3]}
							}
						},
						{
							"origin": [-10.8531, 23.09108, -17.91588],
							"size": [1.50825, 1.5884, 2.5992],
							"pivot": [-10.09898, 23.88528, -16.97728],
							"rotation": [-90, 0, 0],
							"uv": {
								"north": {"uv": [19, 114], "uv_size": [2, 2]},
								"east": {"uv": [113, 44], "uv_size": [3, 2]},
								"south": {"uv": [21, 114], "uv_size": [2, 2]},
								"west": {"uv": [113, 46], "uv_size": [3, 2]},
								"up": {"uv": [113, 48], "uv_size": [2, 3]},
								"down": {"uv": [113, 54], "uv_size": [2, -3]}
							}
						}
					]
				},
				{
					"name": "horns_4",
					"parent": "head",
					"pivot": [0, -7.61791, -8.61881],
					"cubes": [
						{
							"origin": [1.40285, 18.10928, -17.98808],
							"size": [15.2443, 2.0938, 2.0216],
							"pivot": [12.44998, 20.16698, -16.97728],
							"rotation": [0, 0, 15],
							"uv": {
								"north": {"uv": [76, 41], "uv_size": [19, 3]},
								"east": {"uv": [18, 111], "uv_size": [3, 3]},
								"south": {"uv": [76, 44], "uv_size": [19, 3]},
								"west": {"uv": [28, 111], "uv_size": [3, 3]},
								"up": {"uv": [72, 76], "uv_size": [19, 3]},
								"down": {"uv": [78, 15], "uv_size": [19, -3]}
							}
						},
						{
							"origin": [-16.64715, 18.10928, -17.98808],
							"size": [15.2443, 2.0938, 2.0216],
							"pivot": [-12.44998, 20.16698, -16.97728],
							"rotation": [0, 0, -15],
							"uv": {
								"north": {"uv": [78, 15], "uv_size": [19, 3]},
								"east": {"uv": [111, 33], "uv_size": [3, 3]},
								"south": {"uv": [78, 18], "uv_size": [19, 3]},
								"west": {"uv": [111, 36], "uv_size": [3, 3]},
								"up": {"uv": [57, 79], "uv_size": [19, 3]},
								"down": {"uv": [76, 82], "uv_size": [19, -3]}
							}
						},
						{
							"origin": [-16.6291, 19.30058, -19.17938],
							"size": [1.65265, 1.7328, 2.5992],
							"pivot": [-12.44998, 20.16698, -16.97728],
							"rotation": [-90, 0, -15],
							"uv": {
								"north": {"uv": [23, 114], "uv_size": [2, 2]},
								"east": {"uv": [53, 113], "uv_size": [3, 2]},
								"south": {"uv": [25, 114], "uv_size": [2, 2]},
								"west": {"uv": [113, 54], "uv_size": [3, 2]},
								"up": {"uv": [62, 113], "uv_size": [2, 3]},
								"down": {"uv": [113, 66], "uv_size": [2, -3]}
							}
						},
						{
							"origin": [14.97645, 19.30058, -19.17938],
							"size": [1.65265, 1.7328, 2.5992],
							"pivot": [12.44998, 20.16698, -16.97728],
							"rotation": [-90, 0, 15],
							"uv": {
								"north": {"uv": [15, 114], "uv_size": [2, 2]},
								"east": {"uv": [113, 39], "uv_size": [3, 2]},
								"south": {"uv": [17, 114], "uv_size": [2, 2]},
								"west": {"uv": [41, 113], "uv_size": [3, 2]},
								"up": {"uv": [113, 41], "uv_size": [2, 3]},
								"down": {"uv": [44, 116], "uv_size": [2, -3]}
							}
						}
					]
				},
				{
					"name": "horns_5",
					"parent": "head",
					"pivot": [0, -7.61791, -8.61881],
					"cubes": [
						{
							"origin": [1.39324, 21.79074, -17.98808],
							"size": [7.30231, 2.0938, 2.0216],
							"pivot": [5.0444, 22.83765, -16.97728],
							"rotation": [0, 0, -17.5],
							"uv": {
								"north": {"uv": [96, 3], "uv_size": [9, 3]},
								"east": {"uv": [111, 89], "uv_size": [3, 3]},
								"south": {"uv": [96, 33], "uv_size": [9, 3]},
								"west": {"uv": [92, 111], "uv_size": [3, 3]},
								"up": {"uv": [96, 36], "uv_size": [9, 3]},
								"down": {"uv": [96, 72], "uv_size": [9, -3]}
							}
						},
						{
							"origin": [-13.46361, 24.00955, -17.62708],
							"size": [5.054, 1.3718, 1.2996],
							"pivot": [-10.93661, 24.69546, -16.97728],
							"rotation": [0, 0, 17.5],
							"uv": {
								"north": {"uv": [115, 61], "uv_size": [-6, 2]},
								"east": {"uv": [31, 114], "uv_size": [-2, 2]},
								"south": {"uv": [95, 109], "uv_size": [-6, 2]},
								"west": {"uv": [29, 114], "uv_size": [-2, 2]},
								"up": {"uv": [109, 109], "uv_size": [-6, 2]},
								"down": {"uv": [115, 107], "uv_size": [-6, -2]}
							}
						},
						{
							"origin": [-8.69555, 21.79074, -17.98808],
							"size": [7.30231, 2.0938, 2.0216],
							"pivot": [-5.0444, 22.83765, -16.97728],
							"rotation": [0, 0, 17.5],
							"uv": {
								"north": {"uv": [105, 3], "uv_size": [-9, 3]},
								"east": {"uv": [95, 111], "uv_size": [-3, 3]},
								"south": {"uv": [105, 33], "uv_size": [-9, 3]},
								"west": {"uv": [114, 89], "uv_size": [-3, 3]},
								"up": {"uv": [105, 36], "uv_size": [-9, 3]},
								"down": {"uv": [105, 72], "uv_size": [-9, -3]}
							}
						},
						{
							"origin": [8.40961, 24.00955, -17.62708],
							"size": [5.054, 1.3718, 1.2996],
							"pivot": [10.93661, 24.69546, -16.97728],
							"rotation": [0, 0, -17.5],
							"uv": {
								"north": {"uv": [109, 61], "uv_size": [6, 2]},
								"east": {"uv": [27, 114], "uv_size": [2, 2]},
								"south": {"uv": [89, 109], "uv_size": [6, 2]},
								"west": {"uv": [29, 114], "uv_size": [2, 2]},
								"up": {"uv": [103, 109], "uv_size": [6, 2]},
								"down": {"uv": [109, 107], "uv_size": [6, -2]}
							}
						}
					]
				},
				{
					"name": "horns_6",
					"parent": "head",
					"pivot": [0, -7.61791, -8.61881],
					"cubes": [
						{
							"origin": [6.31581, 25.45355, -17.62708],
							"size": [5.776, 1.3718, 1.2996],
							"pivot": [9.56481, 26.13946, -16.97728],
							"rotation": [0, 0, -65],
							"uv": {
								"north": {"uv": [21, 54], "uv_size": [7, 2]},
								"east": {"uv": [114, 37], "uv_size": [2, 2]},
								"south": {"uv": [57, 77], "uv_size": [7, 2]},
								"west": {"uv": [46, 114], "uv_size": [2, 2]},
								"up": {"uv": [102, 15], "uv_size": [7, 2]},
								"down": {"uv": [107, 8], "uv_size": [7, -2]}
							}
						},
						{
							"origin": [-12.09181, 25.45355, -17.62708],
							"size": [5.776, 1.3718, 1.2996],
							"pivot": [-9.56481, 26.13946, -16.97728],
							"rotation": [0, 0, 65],
							"uv": {
								"north": {"uv": [107, 84], "uv_size": [7, 2]},
								"east": {"uv": [48, 114], "uv_size": [2, 2]},
								"south": {"uv": [108, 0], "uv_size": [7, 2]},
								"west": {"uv": [50, 114], "uv_size": [2, 2]},
								"up": {"uv": [108, 2], "uv_size": [7, 2]},
								"down": {"uv": [108, 6], "uv_size": [7, -2]}
							}
						},
						{
							"origin": [-8.69555, 21.79074, -17.98808],
							"size": [7.30231, 2.0938, 2.0216],
							"pivot": [-5.0444, 22.83765, -16.97728],
							"rotation": [0, 0, 17.5],
							"uv": {
								"north": {"uv": [94, 61], "uv_size": [9, 3]},
								"east": {"uv": [56, 111], "uv_size": [3, 3]},
								"south": {"uv": [94, 82], "uv_size": [9, 3]},
								"west": {"uv": [59, 111], "uv_size": [3, 3]},
								"up": {"uv": [95, 40], "uv_size": [9, 3]},
								"down": {"uv": [95, 46], "uv_size": [9, -3]}
							}
						},
						{
							"origin": [1.39324, 21.79074, -17.98808],
							"size": [7.30231, 2.0938, 2.0216],
							"pivot": [5.0444, 22.83765, -16.97728],
							"rotation": [0, 0, -17.5],
							"uv": {
								"north": {"uv": [103, 61], "uv_size": [-9, 3]},
								"east": {"uv": [62, 111], "uv_size": [-3, 3]},
								"south": {"uv": [103, 82], "uv_size": [-9, 3]},
								"west": {"uv": [59, 111], "uv_size": [-3, 3]},
								"up": {"uv": [104, 40], "uv_size": [-9, 3]},
								"down": {"uv": [104, 46], "uv_size": [-9, -3]}
							}
						}
					]
				},
				{
					"name": "horns_7",
					"parent": "head",
					"pivot": [0, -7.61791, -8.61881],
					"cubes": [
						{
							"origin": [-4.37315, 21.21388, -17.69928],
							"size": [8.7463, 1.2274, 1.2274],
							"uv": {
								"north": {"uv": [96, 6], "uv_size": [11, 2]},
								"east": {"uv": [56, 114], "uv_size": [2, 2]},
								"south": {"uv": [97, 17], "uv_size": [11, 2]},
								"west": {"uv": [58, 114], "uv_size": [2, 2]},
								"up": {"uv": [97, 19], "uv_size": [11, 2]},
								"down": {"uv": [99, 66], "uv_size": [11, -2]}
							}
						},
						{
							"origin": [-4.3551, 21.29388, -17.55488],
							"size": [0.99275, 2.808, 0.9386],
							"uv": {
								"north": {"uv": [71, 62], "uv_size": [1, 4]},
								"east": {"uv": [94, 97], "uv_size": [1, 4]},
								"south": {"uv": [27, 98], "uv_size": [1, 4]},
								"west": {"uv": [64, 103], "uv_size": [1, 4]},
								"up": {"uv": [21, 111], "uv_size": [1, 1]},
								"down": {"uv": [27, 113], "uv_size": [1, -1]}
							}
						},
						{
							"origin": [3.36235, 21.29388, -17.55488],
							"size": [0.99275, 2.808, 0.9386],
							"uv": {
								"north": {"uv": [12, 112], "uv_size": [1, 4]},
								"east": {"uv": [102, 113], "uv_size": [1, 4]},
								"south": {"uv": [109, 113], "uv_size": [1, 4]},
								"west": {"uv": [52, 114], "uv_size": [1, 4]},
								"up": {"uv": [27, 113], "uv_size": [1, 1]},
								"down": {"uv": [46, 114], "uv_size": [1, -1]}
							}
						}
					]
				},
				{
					"name": "horns_8",
					"parent": "head",
					"pivot": [0, -7.61791, -8.61881],
					"cubes": [
						{
							"origin": [-5.81715, 20.49188, -18.42128],
							"size": [11.6343, 1.444, 1.444],
							"pivot": [0, 21.93588, -17.69928],
							"rotation": [90, 0, 0],
							"uv": {
								"north": {"uv": [91, 31], "uv_size": [15, 2]},
								"east": {"uv": [60, 114], "uv_size": [2, 2]},
								"south": {"uv": [91, 76], "uv_size": [15, 2]},
								"west": {"uv": [64, 114], "uv_size": [2, 2]},
								"up": {"uv": [91, 86], "uv_size": [15, 2]},
								"down": {"uv": [91, 90], "uv_size": [15, -2]}
							}
						},
						{
							"origin": [-5.7991, 20.57188, -18.27688],
							"size": [1.20935, 4.252, 1.1552],
							"pivot": [0, 21.93588, -17.69928],
							"rotation": [90, 0, 0],
							"uv": {
								"north": {"uv": [95, 106], "uv_size": [2, 5]},
								"east": {"uv": [82, 102], "uv_size": [1, 5]},
								"south": {"uv": [84, 107], "uv_size": [2, 5]},
								"west": {"uv": [97, 106], "uv_size": [1, 5]},
								"up": {"uv": [105, 71], "uv_size": [2, 1]},
								"down": {"uv": [31, 107], "uv_size": [2, -1]}
							}
						},
						{
							"origin": [4.58975, 20.57188, -18.27688],
							"size": [1.20935, 4.252, 1.1552],
							"pivot": [0, 21.93588, -17.69928],
							"rotation": [90, 0, 0],
							"uv": {
								"north": {"uv": [13, 110], "uv_size": [2, 5]},
								"east": {"uv": [86, 107], "uv_size": [1, 5]},
								"south": {"uv": [33, 110], "uv_size": [2, 5]},
								"west": {"uv": [99, 111], "uv_size": [1, 5]},
								"up": {"uv": [18, 107], "uv_size": [2, 1]},
								"down": {"uv": [107, 106], "uv_size": [2, -1]}
							}
						}
					]
				},
				{
					"name": "horns_9",
					"parent": "head",
					"pivot": [0, -7.61791, -8.61881],
					"cubes": [
						{
							"origin": [0.58081, 21.91175, -17.74808],
							"size": [5.70231, 1.3738, 1.4616],
							"pivot": [3.03197, 22.59865, -17.01728],
							"rotation": [0, 0, -47.5],
							"uv": {
								"north": {"uv": [108, 17], "uv_size": [7, 2]},
								"east": {"uv": [68, 114], "uv_size": [2, 2]},
								"south": {"uv": [108, 19], "uv_size": [7, 2]},
								"west": {"uv": [70, 114], "uv_size": [2, 2]},
								"up": {"uv": [108, 24], "uv_size": [7, 2]},
								"down": {"uv": [33, 110], "uv_size": [7, -2]}
							}
						},
						{
							"origin": [-5.97275, 26.53257, -17.46708],
							"size": [4.576, 0.8918, 0.9796],
							"pivot": [-4.28475, 27.13846, -16.97728],
							"rotation": [0, 0, 107.5],
							"uv": {
								"north": {"uv": [78, 113], "uv_size": [6, 1]},
								"east": {"uv": [13, 115], "uv_size": [1, 1]},
								"south": {"uv": [113, 78], "uv_size": [6, 1]},
								"west": {"uv": [115, 13], "uv_size": [1, 1]},
								"up": {"uv": [113, 79], "uv_size": [6, 1]},
								"down": {"uv": [113, 82], "uv_size": [6, -1]}
							}
						},
						{
							"origin": [-6.28312, 21.91175, -17.74808],
							"size": [5.70231, 1.3738, 1.4616],
							"pivot": [-3.03197, 22.59865, -17.01728],
							"rotation": [0, 0, 47.5],
							"uv": {
								"north": {"uv": [40, 108], "uv_size": [7, 2]},
								"east": {"uv": [72, 114], "uv_size": [2, 2]},
								"south": {"uv": [108, 57], "uv_size": [7, 2]},
								"west": {"uv": [74, 114], "uv_size": [2, 2]},
								"up": {"uv": [108, 59], "uv_size": [7, 2]},
								"down": {"uv": [0, 111], "uv_size": [7, -2]}
							}
						},
						{
							"origin": [1.39675, 26.53257, -17.46708],
							"size": [4.576, 0.8918, 0.9796],
							"pivot": [4.28475, 27.13846, -16.97728],
							"rotation": [0, 0, -107.5],
							"uv": {
								"north": {"uv": [113, 72], "uv_size": [6, 1]},
								"east": {"uv": [94, 114], "uv_size": [1, 1]},
								"south": {"uv": [113, 73], "uv_size": [6, 1]},
								"west": {"uv": [115, 12], "uv_size": [1, 1]},
								"up": {"uv": [113, 74], "uv_size": [6, 1]},
								"down": {"uv": [113, 76], "uv_size": [6, -1]}
							}
						}
					]
				},
				{
					"name": "horns_10",
					"parent": "head",
					"pivot": [0, -7.61791, -8.61881],
					"cubes": [
						{
							"origin": [-4.37315, 20.81388, -17.93928],
							"size": [8.7463, 1.2274, 1.2274],
							"pivot": [0, 21.84274, -17.32558],
							"rotation": [90, 0, 0],
							"uv": {
								"north": {"uv": [99, 66], "uv_size": [11, 2]},
								"east": {"uv": [78, 114], "uv_size": [2, 2]},
								"south": {"uv": [0, 102], "uv_size": [11, 2]},
								"west": {"uv": [80, 114], "uv_size": [2, 2]},
								"up": {"uv": [102, 8], "uv_size": [11, 2]},
								"down": {"uv": [102, 12], "uv_size": [11, -2]}
							}
						},
						{
							"origin": [-4.3551, 20.89388, -17.79488],
							"size": [0.99275, 2.808, 0.9386],
							"pivot": [0, 21.84274, -17.32558],
							"rotation": [90, 0, 0],
							"uv": {
								"north": {"uv": [82, 114], "uv_size": [1, 4]},
								"east": {"uv": [83, 114], "uv_size": [1, 4]},
								"south": {"uv": [84, 114], "uv_size": [1, 4]},
								"west": {"uv": [85, 114], "uv_size": [1, 4]},
								"up": {"uv": [14, 115], "uv_size": [1, 1]},
								"down": {"uv": [115, 15], "uv_size": [1, -1]}
							}
						},
						{
							"origin": [3.36235, 20.89388, -17.79488],
							"size": [0.99275, 2.808, 0.9386],
							"pivot": [0, 21.84274, -17.32558],
							"rotation": [90, 0, 0],
							"uv": {
								"north": {"uv": [86, 114], "uv_size": [1, 4]},
								"east": {"uv": [89, 114], "uv_size": [1, 4]},
								"south": {"uv": [90, 114], "uv_size": [1, 4]},
								"west": {"uv": [91, 114], "uv_size": [1, 4]},
								"up": {"uv": [115, 15], "uv_size": [1, 1]},
								"down": {"uv": [115, 17], "uv_size": [1, -1]}
							}
						}
					]
				},
				{
					"name": "horn_connection",
					"parent": "head",
					"pivot": [0, 21.97746, -16.97418],
					"cubes": [
						{
							"origin": [-2.20994, 21.98726, -18.06306],
							"size": [4.41988, 0.46041, 2.17776],
							"inflate": -0.01,
							"uv": {
								"north": {"uv": [109, 16], "uv_size": [6, 1]},
								"east": {"uv": [4, 108], "uv_size": [3, 1]},
								"south": {"uv": [109, 23], "uv_size": [6, 1]},
								"west": {"uv": [114, 68], "uv_size": [3, 1]},
								"up": {"uv": [89, 106], "uv_size": [6, 3]},
								"down": {"uv": [103, 109], "uv_size": [6, -3]}
							}
						}
					]
				},
				{
					"name": "right_ear",
					"parent": "head",
					"pivot": [-1.74026, 21.03025, -15.96651],
					"rotation": [0, 0, -80],
					"cubes": [
						{
							"origin": [-2.62312, 21.26442, -16.40794],
							"size": [1.76572, 2.64858, 0.88286],
							"uv": {
								"north": {"uv": [65, 89], "uv_size": [2, 3]},
								"east": {"uv": [48, 99], "uv_size": [1, 3]},
								"south": {"uv": [70, 96], "uv_size": [2, 3]},
								"west": {"uv": [114, 89], "uv_size": [1, 3]},
								"up": {"uv": [57, 31], "uv_size": [2, 1]},
								"down": {"uv": [66, 41], "uv_size": [2, -1]}
							}
						},
						{
							"origin": [-5.513, 21.17307, -17.22922],
							"size": [3.30266, 2.28431, -0.00304],
							"inflate": 0.01,
							"pivot": [-3.98886, 22.31522, -16.76471],
							"rotation": [-3.22511, -29.4987, -10.99161],
							"uv": {
								"north": {"uv": [123, 0], "uv_size": [4, 3]},
								"east": {"uv": [127, 0], "uv_size": [1, 3]},
								"south": {"uv": [127, 0], "uv_size": [-4, 3]},
								"west": {"uv": [127, 0], "uv_size": [1, 3]},
								"up": {"uv": [128, 0], "uv_size": [-1, 3]},
								"down": {"uv": [127, 3], "uv_size": [1, -3]}
							}
						}
					]
				},
				{
					"name": "left_ear",
					"parent": "head",
					"pivot": [1.74026, 21.03025, -15.96651],
					"rotation": [0, 0, 80],
					"cubes": [
						{
							"origin": [0.8574, 21.26442, -16.40794],
							"size": [1.76572, 2.64858, 0.88286],
							"uv": {
								"north": {"uv": [9, 104], "uv_size": [2, 3]},
								"east": {"uv": [92, 114], "uv_size": [1, 3]},
								"south": {"uv": [110, 111], "uv_size": [2, 3]},
								"west": {"uv": [93, 114], "uv_size": [1, 3]},
								"up": {"uv": [76, 12], "uv_size": [2, 1]},
								"down": {"uv": [70, 79], "uv_size": [2, -1]}
							}
						}
					]
				},
				{
					"name": "mouth",
					"parent": "head",
					"pivot": [0, 20.14992, -21.12053],
					"rotation": [-7.5, 0, 0],
					"cubes": [
						{
							"origin": [-2.03736, 18.24591, -23.67207],
							"size": [4.07472, 3.68727, 3.51309],
							"inflate": -0.3,
							"uv": {
								"north": {"uv": [65, 96], "uv_size": [5, 5]},
								"east": {"uv": [94, 101], "uv_size": [4, 5]},
								"south": {"uv": [95, 96], "uv_size": [5, 5]},
								"west": {"uv": [11, 102], "uv_size": [4, 5]},
								"up": {"uv": [48, 102], "uv_size": [5, 4]},
								"down": {"uv": [53, 106], "uv_size": [5, -4]}
							}
						}
					]
				},
				{
					"name": "jaw",
					"parent": "mouth",
					"pivot": [0, 17.971, -20.66546],
					"cubes": [
						{
							"origin": [-1.66384, 17.74488, -23.25438],
							"size": [3.32768, 1.23601, 3.42479],
							"inflate": -0.1,
							"pivot": [0, 18.171, -20.56546],
							"rotation": [5, 0, 0],
							"uv": {
								"north": {"uv": [81, 74], "uv_size": [4, 2]},
								"east": {"uv": [111, 69], "uv_size": [4, 2]},
								"south": {"uv": [111, 92], "uv_size": [4, 2]},
								"west": {"uv": [111, 94], "uv_size": [4, 2]},
								"up": {"uv": [54, 106], "uv_size": [4, 4]},
								"down": {"uv": [29, 111], "uv_size": [4, -4]}
							}
						}
					]
				},
				{
					"name": "tail",
					"parent": "body_piv",
					"pivot": [0, 17.88055, 10.12554],
					"cubes": [
						{
							"origin": [-0.69111, 8.23489, 9.96143],
							"size": [1.38222, 9.98821, 1.73908],
							"inflate": 0.05,
							"uv": {
								"north": {"uv": [26, 36], "uv_size": [2, 13]},
								"east": {"uv": [89, 92], "uv_size": [2, 13]},
								"south": {"uv": [31, 93], "uv_size": [2, 13]},
								"west": {"uv": [18, 94], "uv_size": [2, 13]},
								"up": {"uv": [7, 108], "uv_size": [2, 2]},
								"down": {"uv": [95, 115], "uv_size": [2, -2]}
							}
						}
					]
				},
				{
					"name": "tail_2",
					"parent": "tail",
					"pivot": [0, 8.21229, 10.75878],
					"cubes": [
						{
							"origin": [-1.05626, 3.24719, 9.52409],
							"size": [2.11252, 4.9425, 2.46937],
							"inflate": 0.05,
							"uv": {
								"north": {"uv": [104, 90], "uv_size": [3, 6]},
								"east": {"uv": [100, 104], "uv_size": [3, 6]},
								"south": {"uv": [105, 0], "uv_size": [3, 6]},
								"west": {"uv": [15, 105], "uv_size": [3, 6]},
								"up": {"uv": [44, 110], "uv_size": [3, 3]},
								"down": {"uv": [53, 113], "uv_size": [3, -3]}
							}
						}
					]
				},
				{
					"name": "front_right_leg",
					"parent": "body",
					"pivot": [-2.14114, 10.70569, -7.67242],
					"cubes": [
						{
							"origin": [-3.56857, 6.42341, -9.27826],
							"size": [2.85486, 5.70971, 3.21171],
							"uv": {
								"north": {"uv": [33, 90], "uv_size": [4, 7]},
								"east": {"uv": [37, 90], "uv_size": [4, 7]},
								"south": {"uv": [41, 90], "uv_size": [4, 7]},
								"west": {"uv": [24, 91], "uv_size": [4, 7]},
								"up": {"uv": [107, 89], "uv_size": [4, 4]},
								"down": {"uv": [107, 97], "uv_size": [4, -4]}
							}
						}
					]
				},
				{
					"name": "front_right_calf",
					"parent": "front_right_leg",
					"pivot": [-2.14114, 6.78027, -7.67242],
					"cubes": [
						{
							"origin": [-3.21171, 0.70542, -8.92141],
							"size": [2.14114, 7.14542, 2.498],
							"uv": {
								"north": {"uv": [76, 92], "uv_size": [3, 9]},
								"east": {"uv": [83, 92], "uv_size": [3, 9]},
								"south": {"uv": [86, 92], "uv_size": [3, 9]},
								"west": {"uv": [28, 93], "uv_size": [3, 9]},
								"up": {"uv": [110, 63], "uv_size": [3, 3]},
								"down": {"uv": [64, 113], "uv_size": [3, -3]}
							}
						}
					]
				},
				{
					"name": "front_right_hoof",
					"parent": "front_right_calf",
					"pivot": [-2.14114, 1.85566, -7.92221],
					"cubes": [
						{
							"origin": [-3.28021, 0.00286, -9.775],
							"size": [2.27815, 1.77276, 2.27816],
							"inflate": 0.01,
							"uv": {
								"north": {"uv": [6, 112], "uv_size": [3, 2]},
								"east": {"uv": [9, 112], "uv_size": [3, 2]},
								"south": {"uv": [21, 112], "uv_size": [3, 2]},
								"west": {"uv": [24, 112], "uv_size": [3, 2]},
								"up": {"uv": [67, 110], "uv_size": [3, 3]},
								"down": {"uv": [70, 113], "uv_size": [3, -3]}
							}
						}
					]
				},
				{
					"name": "front_left_leg",
					"parent": "body",
					"pivot": [2.14114, 10.70569, -7.67242],
					"cubes": [
						{
							"origin": [0.71371, 6.42341, -9.27826],
							"size": [2.85486, 5.70971, 3.21171],
							"uv": {
								"north": {"uv": [91, 90], "uv_size": [4, 7]},
								"east": {"uv": [92, 0], "uv_size": [4, 7]},
								"south": {"uv": [92, 33], "uv_size": [4, 7]},
								"west": {"uv": [45, 92], "uv_size": [4, 7]},
								"up": {"uv": [107, 97], "uv_size": [4, 4]},
								"down": {"uv": [107, 105], "uv_size": [4, -4]}
							}
						}
					]
				},
				{
					"name": "front_left_calf",
					"parent": "front_left_leg",
					"pivot": [2.14114, 6.78027, -7.67242],
					"cubes": [
						{
							"origin": [1.07057, 0.70542, -8.92141],
							"size": [2.14114, 7.14542, 2.498],
							"uv": {
								"north": {"uv": [49, 93], "uv_size": [3, 9]},
								"east": {"uv": [52, 93], "uv_size": [3, 9]},
								"south": {"uv": [55, 93], "uv_size": [3, 9]},
								"west": {"uv": [58, 93], "uv_size": [3, 9]},
								"up": {"uv": [73, 110], "uv_size": [3, 3]},
								"down": {"uv": [110, 80], "uv_size": [3, -3]}
							}
						}
					]
				},
				{
					"name": "front_left_hoof",
					"parent": "front_left_calf",
					"pivot": [2.14114, 1.85566, -7.92221],
					"cubes": [
						{
							"origin": [1.00206, 0.00286, -9.775],
							"size": [2.27815, 1.77276, 2.27816],
							"inflate": 0.01,
							"uv": {
								"north": {"uv": [112, 26], "uv_size": [3, 2]},
								"east": {"uv": [112, 28], "uv_size": [3, 2]},
								"south": {"uv": [112, 30], "uv_size": [3, 2]},
								"west": {"uv": [84, 112], "uv_size": [3, 2]},
								"up": {"uv": [78, 110], "uv_size": [3, 3]},
								"down": {"uv": [81, 113], "uv_size": [3, -3]}
							}
						}
					]
				}
			]
		}
	]
}