{
	"format_version": "1.12.0",
	"minecraft:geometry": [
		{
			"description": {
				"identifier": "geometry.unknown",
				"texture_width": 128,
				"texture_height": 128,
				"visible_bounds_width": 4,
				"visible_bounds_height": 3.5,
				"visible_bounds_offset": [0, 1.25, 0]
			},
			"bones": [
				{
					"name": "body",
					"pivot": [0, 16.71267, -3.24768]
				},
				{
					"name": "body_piv",
					"parent": "body",
					"pivot": [0, 21.16438, 0],
					"cubes": [
						{
							"origin": [-5.20025, 11.34147, -14.13058],
							"size": [4.90492, 13.7599, 10.6949],
							"inflate": 0.05,
							"uv": {
								"north": {"uv": [49, 81], "uv_size": [4, 12]},
								"east": {"uv": [49, 32], "uv_size": [10, 12]},
								"south": {"uv": [53, 81], "uv_size": [4, 12]},
								"west": {"uv": [49, 44], "uv_size": [10, 12]},
								"up": {"uv": [65, 0], "uv_size": [4, 10]},
								"down": {"uv": [67, 92], "uv_size": [4, -10]}
							}
						},
						{
							"origin": [0, 4.40349, -6.19425],
							"size": [0, 6.94925, 13.31098],
							"inflate": 0.01,
							"uv": {
								"north": {"uv": [0, 123], "uv_size": [2, 2]},
								"east": {"uv": [73, 29], "uv_size": [12, 6]},
								"south": {"uv": [0, 123], "uv_size": [2, 2]},
								"west": {"uv": [76, 0], "uv_size": [12, 6]},
								"up": {"uv": [2, 126], "uv_size": [-2, 2]},
								"down": {"uv": [2, 128], "uv_size": [-2, -2]}
							}
						},
						{
							"origin": [-4.90678, 12.43337, -13.73897],
							"size": [9.81356, 12.58186, 9.51572],
							"uv": {
								"north": {"uv": [59, 41], "uv_size": [9, 11]},
								"east": {"uv": [60, 10], "uv_size": [9, 11]},
								"south": {"uv": [0, 62], "uv_size": [9, 11]},
								"west": {"uv": [9, 64], "uv_size": [9, 11]},
								"up": {"uv": [72, 67], "uv_size": [9, 9]},
								"down": {"uv": [0, 82], "uv_size": [9, -9]}
							}
						},
						{
							"origin": [-5.10211, 11.11565, 4.54477],
							"size": [10.20422, 13.75989, 10.79304],
							"inflate": 0.05,
							"pivot": [0, 18.98834, 9.94129],
							"rotation": [-2.5, 0, 0],
							"uv": {
								"north": {"uv": [21, 56], "uv_size": [9, 12]},
								"east": {"uv": [39, 32], "uv_size": [10, 12]},
								"south": {"uv": [30, 56], "uv_size": [9, 12]},
								"west": {"uv": [39, 44], "uv_size": [10, 12]},
								"up": {"uv": [71, 47], "uv_size": [9, 10]},
								"down": {"uv": [72, 67], "uv_size": [9, -10]}
							}
						},
						{
							"origin": [-4.90678, 11.35274, -5.22325],
							"size": [9.81356, 13.66249, 10.44723],
							"uv": {
								"north": {"uv": [39, 56], "uv_size": [9, 12]},
								"east": {"uv": [68, 35], "uv_size": [8, 12]},
								"south": {"uv": [48, 56], "uv_size": [9, 12]},
								"west": {"uv": [42, 68], "uv_size": [8, 12]},
								"up": {"uv": [69, 13], "uv_size": [9, 8]},
								"down": {"uv": [73, 29], "uv_size": [9, -8]}
							}
						},
						{
							"origin": [0.29533, 11.34147, -14.13058],
							"size": [4.90492, 13.7599, 10.6949],
							"inflate": 0.05,
							"uv": {
								"north": {"uv": [8, 82], "uv_size": [4, 12]},
								"east": {"uv": [0, 50], "uv_size": [10, 12]},
								"south": {"uv": [12, 82], "uv_size": [4, 12]},
								"west": {"uv": [50, 14], "uv_size": [10, 12]},
								"up": {"uv": [71, 82], "uv_size": [4, 10]},
								"down": {"uv": [75, 92], "uv_size": [4, -10]}
							}
						}
					]
				},
				{
					"name": "crest",
					"parent": "body_piv",
					"pivot": [0, 24.42236, -7.99164],
					"rotation": [-2.5, 0, 0],
					"cubes": [
						{
							"origin": [-2.92128, 21.85849, -13.158],
							"size": [5.84256, 4.72774, 10.33273],
							"uv": {
								"north": {"uv": [102, 72], "uv_size": [5, 4]},
								"east": {"uv": [9, 75], "uv_size": [9, 4]},
								"south": {"uv": [4, 104], "uv_size": [5, 4]},
								"west": {"uv": [85, 82], "uv_size": [9, 4]},
								"up": {"uv": [81, 65], "uv_size": [5, 9]},
								"down": {"uv": [24, 91], "uv_size": [5, -9]}
							}
						}
					]
				},
				{
					"name": "hump",
					"parent": "body_piv",
					"pivot": [0, 21.13538, -7.942],
					"cubes": [
						{
							"origin": [-2.92128, 24.25849, -13.158],
							"size": [5.84256, 4.72774, 10.33273],
							"uv": {
								"north": {"uv": [102, 72], "uv_size": [5, 4]},
								"east": {"uv": [9, 75], "uv_size": [9, 4]},
								"south": {"uv": [4, 104], "uv_size": [5, 4]},
								"west": {"uv": [85, 82], "uv_size": [9, 4]},
								"up": {"uv": [81, 65], "uv_size": [5, 9]},
								"down": {"uv": [24, 91], "uv_size": [5, -9]}
							}
						}
					]
				},
				{
					"name": "body_fluff",
					"parent": "body_piv",
					"pivot": [0, 17.16438, 0],
					"cubes": [
						{
							"origin": [-6.14771, 6.38899, -15.1435],
							"size": [12.29542, 19.91681, 31.287],
							"uv": {
								"north": {"uv": [15, 36], "uv_size": [11, 18]},
								"east": {"uv": [0, 0], "uv_size": [28, 18]},
								"south": {"uv": [39, 14], "uv_size": [11, 18]},
								"west": {"uv": [0, 18], "uv_size": [28, 18]},
								"up": {"uv": [28, 0], "uv_size": [11, 28]},
								"down": {"uv": [28, 56], "uv_size": [11, -28]}
							}
						}
					]
				},
				{
					"name": "fat",
					"parent": "body_piv",
					"pivot": [0, 14.50377, -11.56602],
					"cubes": [
						{
							"origin": [-0.93578, 7.87812, -19.1145],
							"size": [1.87156, 12.41662, 13.31823],
							"pivot": [0, 12.84187, -11.46626],
							"rotation": [-60, 0, 0],
							"uv": {
								"north": {"uv": [98, 101], "uv_size": [2, 10]},
								"east": {"uv": [54, 0], "uv_size": [11, 10]},
								"south": {"uv": [62, 103], "uv_size": [2, 10]},
								"west": {"uv": [10, 54], "uv_size": [11, 10]},
								"up": {"uv": [76, 101], "uv_size": [2, 11]},
								"down": {"uv": [87, 112], "uv_size": [2, -11]}
							}
						}
					]
				},
				{
					"name": "back_right_leg",
					"parent": "body_piv",
					"pivot": [-3.43475, 21.08981, 9.43012],
					"cubes": [
						{
							"origin": [-5.88794, 10.48366, 5.50489],
							"size": [4.9064, 12.78002, 8.34114],
							"inflate": 0.01,
							"pivot": [0, 16.39438, 21.20637],
							"rotation": [-2.5, 0, 0],
							"uv": {
								"north": {"uv": [0, 82], "uv_size": [4, 12]},
								"east": {"uv": [64, 66], "uv_size": [8, 12]},
								"south": {"uv": [4, 82], "uv_size": [4, 12]},
								"west": {"uv": [18, 68], "uv_size": [8, 12]},
								"up": {"uv": [45, 84], "uv_size": [4, 8]},
								"down": {"uv": [88, 8], "uv_size": [4, -8]}
							}
						}
					]
				},
				{
					"name": "back_left_calf",
					"parent": "back_right_leg",
					"pivot": [-3.43475, 14.7773, 12.12884],
					"cubes": [
						{
							"origin": [-5.39746, 9.81355, 9.44151],
							"size": [3.92543, 5.87674, 5.39746],
							"uv": {
								"north": {"uv": [41, 103], "uv_size": [4, 5]},
								"east": {"uv": [10, 97], "uv_size": [5, 5]},
								"south": {"uv": [58, 103], "uv_size": [4, 5]},
								"west": {"uv": [97, 12], "uv_size": [5, 5]},
								"up": {"uv": [103, 81], "uv_size": [4, 5]},
								"down": {"uv": [103, 101], "uv_size": [4, -5]}
							}
						},
						{
							"origin": [-4.90678, 0.96996, 11.40423],
							"size": [2.94407, 8.84359, 3.43474],
							"uv": {
								"north": {"uv": [15, 97], "uv_size": [3, 8]},
								"east": {"uv": [91, 97], "uv_size": [3, 8]},
								"south": {"uv": [24, 98], "uv_size": [3, 8]},
								"west": {"uv": [45, 99], "uv_size": [3, 8]},
								"up": {"uv": [18, 64], "uv_size": [3, 3]},
								"down": {"uv": [35, 113], "uv_size": [3, -3]}
							}
						}
					]
				},
				{
					"name": "back_left_hoof",
					"parent": "back_left_calf",
					"pivot": [-3.43475, 2.55153, 11.78538],
					"cubes": [
						{
							"origin": [-5.00472, 0.00018, 10.22679],
							"size": [3.13995, 2.44504, 3.13997],
							"inflate": 0.01,
							"uv": {
								"north": {"uv": [33, 82], "uv_size": [3, 2]},
								"east": {"uv": [104, 45], "uv_size": [3, 2]},
								"south": {"uv": [111, 102], "uv_size": [3, 2]},
								"west": {"uv": [107, 111], "uv_size": [3, 2]},
								"up": {"uv": [38, 110], "uv_size": [3, 3]},
								"down": {"uv": [110, 42], "uv_size": [3, -3]}
							}
						}
					]
				},
				{
					"name": "back_left_leg",
					"parent": "body_piv",
					"pivot": [3.43475, 21.08981, 9.43012],
					"cubes": [
						{
							"origin": [0.98154, 10.48366, 5.50489],
							"size": [4.9064, 12.78002, 8.34114],
							"inflate": 0.01,
							"pivot": [0, 16.39438, 21.20637],
							"rotation": [-2.5, 0, 0],
							"uv": {
								"north": {"uv": [16, 82], "uv_size": [4, 12]},
								"east": {"uv": [26, 68], "uv_size": [8, 12]},
								"south": {"uv": [20, 82], "uv_size": [4, 12]},
								"west": {"uv": [34, 68], "uv_size": [8, 12]},
								"up": {"uv": [79, 88], "uv_size": [4, 8]},
								"down": {"uv": [61, 97], "uv_size": [4, -8]}
							}
						}
					]
				},
				{
					"name": "back_right_calf",
					"parent": "back_left_leg",
					"pivot": [3.43475, 14.7773, 12.12884],
					"cubes": [
						{
							"origin": [1.47203, 9.81355, 9.44151],
							"size": [3.92543, 5.87674, 5.39746],
							"uv": {
								"north": {"uv": [27, 102], "uv_size": [4, 5]},
								"east": {"uv": [0, 97], "uv_size": [5, 5]},
								"south": {"uv": [78, 102], "uv_size": [4, 5]},
								"west": {"uv": [5, 97], "uv_size": [5, 5]},
								"up": {"uv": [33, 103], "uv_size": [4, 5]},
								"down": {"uv": [37, 108], "uv_size": [4, -5]}
							}
						},
						{
							"origin": [1.96271, 0.96996, 11.40423],
							"size": [2.94407, 8.84359, 3.43474],
							"uv": {
								"north": {"uv": [70, 99], "uv_size": [3, 8]},
								"east": {"uv": [73, 99], "uv_size": [3, 8]},
								"south": {"uv": [20, 100], "uv_size": [3, 8]},
								"west": {"uv": [100, 96], "uv_size": [3, 8]},
								"up": {"uv": [100, 110], "uv_size": [3, 3]},
								"down": {"uv": [0, 114], "uv_size": [3, -3]}
							}
						}
					]
				},
				{
					"name": "back_right_hoof",
					"parent": "back_right_calf",
					"pivot": [3.43475, 2.55153, 11.78538],
					"cubes": [
						{
							"origin": [1.86477, 0.00018, 10.22679],
							"size": [3.13995, 2.44504, 3.13997],
							"inflate": 0.01,
							"uv": {
								"north": {"uv": [112, 86], "uv_size": [3, 2]},
								"east": {"uv": [112, 111], "uv_size": [3, 2]},
								"south": {"uv": [113, 8], "uv_size": [3, 2]},
								"west": {"uv": [113, 10], "uv_size": [3, 2]},
								"up": {"uv": [3, 111], "uv_size": [3, 3]},
								"down": {"uv": [15, 114], "uv_size": [3, -3]}
							}
						}
					]
				},
				{
					"name": "neck",
					"parent": "body_piv",
					"pivot": [0, 20.55056, -13.87068],
					"rotation": [12.5, 0, 0],
					"cubes": [
						{
							"origin": [-2.45339, 19.70338, -18.934],
							"size": [4.90678, 6.95666, 6.8467],
							"pivot": [0, 23.37421, -15.51065],
							"rotation": [-25, 0, 0],
							"uv": {
								"north": {"uv": [20, 94], "uv_size": [4, 6]},
								"east": {"uv": [79, 82], "uv_size": [6, 6]},
								"south": {"uv": [79, 96], "uv_size": [4, 6]},
								"west": {"uv": [33, 84], "uv_size": [6, 6]},
								"up": {"uv": [33, 97], "uv_size": [4, 6]},
								"down": {"uv": [37, 103], "uv_size": [4, -6]}
							}
						},
						{
							"origin": [-2.42241, 21.87336, -23.27401],
							"size": [4.88233, 6.90887, 5.30433],
							"inflate": -0.01,
							"pivot": [0.01875, 25.49279, -20.89684],
							"rotation": [-17.44788, -0.22077, 0],
							"uv": {
								"north": {"uv": [65, 101], "uv_size": [4, 6]},
								"east": {"uv": [87, 34], "uv_size": [5, 6]},
								"south": {"uv": [83, 101], "uv_size": [4, 6]},
								"west": {"uv": [88, 21], "uv_size": [5, 6]},
								"up": {"uv": [103, 101], "uv_size": [4, 5]},
								"down": {"uv": [0, 109], "uv_size": [4, -5]}
							}
						},
						{
							"origin": [-2.40412, 18.44809, -24.52808],
							"size": [4.85788, 6.42654, 11.79986],
							"inflate": -0.02,
							"pivot": [0, 19.559, -20.4813],
							"rotation": [-45, 0, 0],
							"uv": {
								"north": {"uv": [41, 97], "uv_size": [4, 6]},
								"east": {"uv": [76, 6], "uv_size": [11, 6]},
								"south": {"uv": [61, 97], "uv_size": [4, 6]},
								"west": {"uv": [76, 35], "uv_size": [11, 6]},
								"up": {"uv": [29, 82], "uv_size": [4, 11]},
								"down": {"uv": [57, 93], "uv_size": [4, -11]}
							}
						}
					]
				},
				{
					"name": "neck_fluff",
					"parent": "neck",
					"pivot": [0, 21.9302, -13.41327],
					"cubes": [
						{
							"origin": [-3.84324, 10.04195, -24.45064],
							"size": [7.68648, 15.5064, 16.77419],
							"pivot": [0, 20.6302, -11.61327],
							"rotation": [-20, 0, 0],
							"uv": {
								"north": {"uv": [64, 52], "uv_size": [7, 14]},
								"east": {"uv": [0, 36], "uv_size": [15, 14]},
								"south": {"uv": [66, 21], "uv_size": [7, 14]},
								"west": {"uv": [39, 0], "uv_size": [15, 14]},
								"up": {"uv": [57, 56], "uv_size": [7, 15]},
								"down": {"uv": [59, 41], "uv_size": [7, -15]}
							}
						}
					]
				},
				{
					"name": "bell",
					"parent": "neck",
					"pivot": [0, 16.35, -19.3],
					"rotation": [167.5, 0, 0],
					"cubes": [
						{
							"origin": [-2.4, 19.85875, -21.76354],
							"size": [4.8, 1.2, 4.8],
							"uv": {
								"north": {"uv": [79, 126], "uv_size": [8, 2]},
								"east": {"uv": [71, 126], "uv_size": [8, 2]},
								"south": {"uv": [95, 126], "uv_size": [8, 2]},
								"west": {"uv": [87, 126], "uv_size": [8, 2]},
								"up": {"uv": [79, 118], "uv_size": [8, 8]},
								"down": {"uv": [87, 126], "uv_size": [8, -8]}
							}
						},
						{
							"origin": [-1.8, 16.25875, -21.16354],
							"size": [3.6, 4.2, 3.6],
							"uv": {
								"north": {"uv": [110, 121], "uv_size": [6, 7]},
								"east": {"uv": [104, 121], "uv_size": [6, 7]},
								"south": {"uv": [122, 121], "uv_size": [6, 7]},
								"west": {"uv": [116, 121], "uv_size": [6, 7]},
								"up": {"uv": [110, 115], "uv_size": [6, 6]},
								"down": {"uv": [116, 121], "uv_size": [6, -6]}
							}
						}
					]
				},
				{
					"name": "wagon_harness",
					"parent": "neck",
					"pivot": [-0.02969, 24.36255, -12.42934],
					"rotation": [157.5, 0, 0],
					"cubes": [
						{
							"origin": [-4.10292, 29.96087, -16.9052],
							"size": [8.06328, 4.84268, 14.01619],
							"pivot": [-0.07129, 30.24107, -7.38995],
							"rotation": [67.50008, -0.00168, 0.01959],
							"uv": {
								"north": {"uv": [65, 92], "uv_size": [7, 4]},
								"east": {"uv": [36, 80], "uv_size": [13, 4]},
								"south": {"uv": [92, 65], "uv_size": [7, 4]},
								"west": {"uv": [81, 61], "uv_size": [13, 4]},
								"up": {"uv": [50, 68], "uv_size": [7, 13]},
								"down": {"uv": [69, 13], "uv_size": [7, -13]}
							}
						},
						{
							"origin": [-1.46812, 22.1995, -12.34841],
							"size": [4.09649, 0.95136, 0.95136],
							"pivot": [-0.0087, 22.10366, -13.37819],
							"rotation": [-105.16911, 24.62796, 112.83685],
							"uv": {
								"north": {"uv": [91, 78], "uv_size": [4, 1]},
								"east": {"uv": [9, 62], "uv_size": [1, 1]},
								"south": {"uv": [92, 7], "uv_size": [4, 1]},
								"west": {"uv": [9, 63], "uv_size": [1, 1]},
								"up": {"uv": [94, 64], "uv_size": [4, 1]},
								"down": {"uv": [89, 106], "uv_size": [4, -1]}
							}
						},
						{
							"origin": [-2.64578, 22.1995, -12.34841],
							"size": [4.0965, 0.95136, 0.95136],
							"pivot": [-0.0087, 22.10366, -13.37819],
							"rotation": [-105.16911, -24.62796, -112.83685],
							"uv": {
								"north": {"uv": [23, 106], "uv_size": [4, 1]},
								"east": {"uv": [49, 80], "uv_size": [1, 1]},
								"south": {"uv": [106, 77], "uv_size": [4, 1]},
								"west": {"uv": [85, 74], "uv_size": [1, 1]},
								"up": {"uv": [108, 26], "uv_size": [4, 1]},
								"down": {"uv": [112, 114], "uv_size": [4, -1]}
							}
						}
					]
				},
				{
					"name": "head",
					"parent": "neck",
					"pivot": [0, 27.20691, -21.46879],
					"rotation": [22.5, 0, 0],
					"cubes": [
						{
							"origin": [-3.03483, 26.90988, -28.19175],
							"size": [6.06966, 2.52123, 7.0769],
							"uv": {
								"north": {"uv": [109, 12], "uv_size": [6, 2]},
								"east": {"uv": [109, 14], "uv_size": [6, 2]},
								"south": {"uv": [109, 21], "uv_size": [6, 2]},
								"west": {"uv": [47, 109], "uv_size": [6, 2]},
								"up": {"uv": [39, 84], "uv_size": [6, 6]},
								"down": {"uv": [85, 34], "uv_size": [6, -6]}
							}
						},
						{
							"origin": [-3.03483, 23.14716, -28.19175],
							"size": [6.06966, 3.76272, 3.34174],
							"uv": {
								"north": {"uv": [102, 24], "uv_size": [6, 3]},
								"east": {"uv": [41, 110], "uv_size": [3, 3]},
								"south": {"uv": [103, 61], "uv_size": [6, 3]},
								"west": {"uv": [110, 42], "uv_size": [3, 3]},
								"up": {"uv": [104, 39], "uv_size": [6, 3]},
								"down": {"uv": [104, 45], "uv_size": [6, -3]}
							}
						},
						{
							"origin": [-3.48305, 22.66051, -26.36903],
							"size": [6.9661, 4.48183, 5.13427],
							"pivot": [0, 24.94292, -22.96818],
							"rotation": [-7.5, 0, 0],
							"uv": {
								"north": {"uv": [54, 10], "uv_size": [6, 4]},
								"east": {"uv": [10, 50], "uv_size": [5, 4]},
								"south": {"uv": [96, 72], "uv_size": [6, 4]},
								"west": {"uv": [59, 52], "uv_size": [5, 4]},
								"up": {"uv": [60, 21], "uv_size": [6, 5]},
								"down": {"uv": [86, 76], "uv_size": [6, -5]}
							}
						}
					]
				},
				{
					"name": "head_fluff",
					"parent": "head",
					"pivot": [0, -11.30463, -11.1196],
					"cubes": [
						{
							"origin": [-3.53121, 22.93888, -29.1845],
							"size": [7.06242, 6.69078, 8.06965],
							"uv": {
								"north": {"uv": [86, 65], "uv_size": [6, 6]},
								"east": {"uv": [50, 26], "uv_size": [7, 6]},
								"south": {"uv": [85, 86], "uv_size": [6, 6]},
								"west": {"uv": [57, 71], "uv_size": [7, 6]},
								"up": {"uv": [82, 21], "uv_size": [6, 7]},
								"down": {"uv": [61, 89], "uv_size": [6, -7]}
							}
						}
					]
				},
				{
					"name": "horns_1",
					"parent": "head",
					"pivot": [0, -11.30463, -11.63086],
					"cubes": [
						{
							"origin": [-7.99858, 28.33908, -24.11651],
							"size": [15.99716, 1.98551, 1.9855],
							"uv": {
								"north": {"uv": [87, 8], "uv_size": [15, 2]},
								"east": {"uv": [97, 113], "uv_size": [2, 2]},
								"south": {"uv": [87, 10], "uv_size": [15, 2]},
								"west": {"uv": [100, 113], "uv_size": [2, 2]},
								"up": {"uv": [91, 27], "uv_size": [15, 2]},
								"down": {"uv": [91, 31], "uv_size": [15, -2]}
							}
						},
						{
							"origin": [-7.97377, 28.33908, -23.91796],
							"size": [1.66286, 5.9565, 1.5884],
							"uv": {
								"north": {"uv": [66, 35], "uv_size": [2, 5]},
								"east": {"uv": [23, 100], "uv_size": [1, 5]},
								"south": {"uv": [68, 47], "uv_size": [2, 5]},
								"west": {"uv": [69, 101], "uv_size": [1, 5]},
								"up": {"uv": [101, 81], "uv_size": [2, 1]},
								"down": {"uv": [102, 40], "uv_size": [2, -1]}
							}
						},
						{
							"origin": [6.31091, 28.33908, -23.91796],
							"size": [1.66286, 5.9565, 1.5884],
							"uv": {
								"north": {"uv": [26, 49], "uv_size": [2, 5]},
								"east": {"uv": [70, 47], "uv_size": [1, 5]},
								"south": {"uv": [57, 26], "uv_size": [2, 5]},
								"west": {"uv": [71, 57], "uv_size": [1, 5]},
								"up": {"uv": [85, 34], "uv_size": [2, 1]},
								"down": {"uv": [93, 41], "uv_size": [2, -1]}
							}
						}
					]
				},
				{
					"name": "horns_2",
					"parent": "head",
					"pivot": [0, -11.30463, -11.63086],
					"cubes": [
						{
							"origin": [-14.94783, 27.74344, -24.41433],
							"size": [29.89566, 2.58115, 2.58115],
							"uv": {
								"north": {"uv": [80, 53], "uv_size": [27, 2]},
								"east": {"uv": [66, 114], "uv_size": [2, 2]},
								"south": {"uv": [80, 55], "uv_size": [27, 2]},
								"west": {"uv": [114, 66], "uv_size": [2, 2]},
								"up": {"uv": [81, 57], "uv_size": [27, 2]},
								"down": {"uv": [81, 61], "uv_size": [27, -2]}
							}
						},
						{
							"origin": [-14.92302, 27.94199, -28.38533],
							"size": [2.07385, 2.18405, 4.56665],
							"uv": {
								"north": {"uv": [2, 114], "uv_size": [2, 2]},
								"east": {"uv": [111, 98], "uv_size": [4, 2]},
								"south": {"uv": [4, 114], "uv_size": [2, 2]},
								"west": {"uv": [111, 100], "uv_size": [4, 2]},
								"up": {"uv": [103, 111], "uv_size": [2, 4]},
								"down": {"uv": [105, 115], "uv_size": [2, -4]}
							}
						},
						{
							"origin": [12.84917, 27.94199, -28.38533],
							"size": [2.07385, 2.18405, 4.56665],
							"uv": {
								"north": {"uv": [107, 113], "uv_size": [2, 2]},
								"east": {"uv": [95, 111], "uv_size": [4, 2]},
								"south": {"uv": [0, 114], "uv_size": [2, 2]},
								"west": {"uv": [111, 96], "uv_size": [4, 2]},
								"up": {"uv": [83, 88], "uv_size": [2, 4]},
								"down": {"uv": [31, 115], "uv_size": [2, -4]}
							}
						}
					]
				},
				{
					"name": "horns_3",
					"parent": "head",
					"pivot": [0, -11.30463, -11.63086],
					"cubes": [
						{
							"origin": [-14.94783, 27.74344, -24.41433],
							"size": [29.89566, 2.58115, 2.58115],
							"uv": {
								"north": {"uv": [9, 80], "uv_size": [27, 2]},
								"east": {"uv": [6, 114], "uv_size": [2, 2]},
								"south": {"uv": [80, 47], "uv_size": [27, 2]},
								"west": {"uv": [114, 6], "uv_size": [2, 2]},
								"up": {"uv": [80, 49], "uv_size": [27, 2]},
								"down": {"uv": [80, 53], "uv_size": [27, -2]}
							}
						},
						{
							"origin": [12.84917, 30.92024, -24.41433],
							"size": [2.07385, 2.18404, 3.5739],
							"pivot": [13.88609, 32.01226, -23.12376],
							"rotation": [-90, 0, 0],
							"uv": {
								"north": {"uv": [8, 114], "uv_size": [2, 2]},
								"east": {"uv": [35, 113], "uv_size": [3, 2]},
								"south": {"uv": [10, 114], "uv_size": [2, 2]},
								"west": {"uv": [38, 113], "uv_size": [3, 2]},
								"up": {"uv": [76, 112], "uv_size": [2, 3]},
								"down": {"uv": [87, 115], "uv_size": [2, -3]}
							}
						},
						{
							"origin": [-14.92302, 30.92024, -24.41433],
							"size": [2.07385, 2.18404, 3.5739],
							"pivot": [-13.88609, 32.01226, -23.12376],
							"rotation": [-90, 0, 0],
							"uv": {
								"north": {"uv": [19, 114], "uv_size": [2, 2]},
								"east": {"uv": [113, 44], "uv_size": [3, 2]},
								"south": {"uv": [21, 114], "uv_size": [2, 2]},
								"west": {"uv": [113, 46], "uv_size": [3, 2]},
								"up": {"uv": [113, 48], "uv_size": [2, 3]},
								"down": {"uv": [113, 54], "uv_size": [2, -3]}
							}
						}
					]
				},
				{
					"name": "horns_4",
					"parent": "head",
					"pivot": [0, -11.30463, -11.63086],
					"cubes": [
						{
							"origin": [1.92892, 24.07026, -24.51361],
							"size": [20.96091, 2.87898, 2.7797],
							"pivot": [17.11873, 26.8996, -23.12376],
							"rotation": [0, 0, 15],
							"uv": {
								"north": {"uv": [76, 41], "uv_size": [19, 3]},
								"east": {"uv": [18, 111], "uv_size": [3, 3]},
								"south": {"uv": [76, 44], "uv_size": [19, 3]},
								"west": {"uv": [28, 111], "uv_size": [3, 3]},
								"up": {"uv": [72, 76], "uv_size": [19, 3]},
								"down": {"uv": [78, 15], "uv_size": [19, -3]}
							}
						},
						{
							"origin": [-22.88983, 24.07026, -24.51361],
							"size": [20.96091, 2.87898, 2.7797],
							"pivot": [-17.11873, 26.8996, -23.12376],
							"rotation": [0, 0, -15],
							"uv": {
								"north": {"uv": [78, 15], "uv_size": [19, 3]},
								"east": {"uv": [111, 33], "uv_size": [3, 3]},
								"south": {"uv": [78, 18], "uv_size": [19, 3]},
								"west": {"uv": [111, 36], "uv_size": [3, 3]},
								"up": {"uv": [57, 79], "uv_size": [19, 3]},
								"down": {"uv": [76, 82], "uv_size": [19, -3]}
							}
						},
						{
							"origin": [-22.86502, 25.7083, -26.15165],
							"size": [2.2724, 2.3826, 3.5739],
							"pivot": [-17.11873, 26.8996, -23.12376],
							"rotation": [-90, 0, -15],
							"uv": {
								"north": {"uv": [23, 114], "uv_size": [2, 2]},
								"east": {"uv": [53, 113], "uv_size": [3, 2]},
								"south": {"uv": [25, 114], "uv_size": [2, 2]},
								"west": {"uv": [113, 54], "uv_size": [3, 2]},
								"up": {"uv": [62, 113], "uv_size": [2, 3]},
								"down": {"uv": [113, 66], "uv_size": [2, -3]}
							}
						},
						{
							"origin": [20.59262, 25.7083, -26.15165],
							"size": [2.2724, 2.3826, 3.5739],
							"pivot": [17.11873, 26.8996, -23.12376],
							"rotation": [-90, 0, 15],
							"uv": {
								"north": {"uv": [15, 114], "uv_size": [2, 2]},
								"east": {"uv": [113, 39], "uv_size": [3, 2]},
								"south": {"uv": [17, 114], "uv_size": [2, 2]},
								"west": {"uv": [41, 113], "uv_size": [3, 2]},
								"up": {"uv": [113, 41], "uv_size": [2, 3]},
								"down": {"uv": [44, 116], "uv_size": [2, -3]}
							}
						}
					]
				},
				{
					"name": "horns_5",
					"parent": "head",
					"pivot": [0, -11.30463, -11.63086],
					"cubes": [
						{
							"origin": [1.9157, 29.13227, -24.51361],
							"size": [10.04068, 2.87898, 2.7797],
							"pivot": [6.93605, 30.57177, -23.12376],
							"rotation": [0, 0, -17.5],
							"uv": {
								"north": {"uv": [96, 3], "uv_size": [9, 3]},
								"east": {"uv": [111, 89], "uv_size": [3, 3]},
								"south": {"uv": [96, 33], "uv_size": [9, 3]},
								"west": {"uv": [92, 111], "uv_size": [3, 3]},
								"up": {"uv": [96, 36], "uv_size": [9, 3]},
								"down": {"uv": [96, 72], "uv_size": [9, -3]}
							}
						},
						{
							"origin": [-18.51246, 32.18313, -24.01723],
							"size": [6.94925, 1.88623, 1.78695],
							"pivot": [-15.03784, 33.12625, -23.12376],
							"rotation": [0, 0, 17.5],
							"uv": {
								"north": {"uv": [115, 61], "uv_size": [-6, 2]},
								"east": {"uv": [31, 114], "uv_size": [-2, 2]},
								"south": {"uv": [95, 109], "uv_size": [-6, 2]},
								"west": {"uv": [29, 114], "uv_size": [-2, 2]},
								"up": {"uv": [109, 109], "uv_size": [-6, 2]},
								"down": {"uv": [115, 107], "uv_size": [-6, -2]}
							}
						},
						{
							"origin": [-11.95638, 29.13227, -24.51361],
							"size": [10.04067, 2.87898, 2.7797],
							"pivot": [-6.93605, 30.57177, -23.12376],
							"rotation": [0, 0, 17.5],
							"uv": {
								"north": {"uv": [105, 3], "uv_size": [-9, 3]},
								"east": {"uv": [95, 111], "uv_size": [-3, 3]},
								"south": {"uv": [105, 33], "uv_size": [-9, 3]},
								"west": {"uv": [114, 89], "uv_size": [-3, 3]},
								"up": {"uv": [105, 36], "uv_size": [-9, 3]},
								"down": {"uv": [105, 72], "uv_size": [-9, -3]}
							}
						},
						{
							"origin": [11.56321, 32.18313, -24.01723],
							"size": [6.94925, 1.88623, 1.78695],
							"pivot": [15.03784, 33.12625, -23.12376],
							"rotation": [0, 0, -17.5],
							"uv": {
								"north": {"uv": [109, 61], "uv_size": [6, 2]},
								"east": {"uv": [27, 114], "uv_size": [2, 2]},
								"south": {"uv": [89, 109], "uv_size": [6, 2]},
								"west": {"uv": [29, 114], "uv_size": [2, 2]},
								"up": {"uv": [103, 109], "uv_size": [6, 2]},
								"down": {"uv": [109, 107], "uv_size": [6, -2]}
							}
						}
					]
				},
				{
					"name": "horns_6",
					"parent": "head",
					"pivot": [0, -11.30463, -11.63086],
					"cubes": [
						{
							"origin": [8.68424, 34.16863, -24.01723],
							"size": [7.942, 1.88623, 1.78695],
							"pivot": [13.15161, 35.11175, -23.12376],
							"rotation": [0, 0, -65],
							"uv": {
								"north": {"uv": [21, 54], "uv_size": [7, 2]},
								"east": {"uv": [114, 37], "uv_size": [2, 2]},
								"south": {"uv": [57, 77], "uv_size": [7, 2]},
								"west": {"uv": [46, 114], "uv_size": [2, 2]},
								"up": {"uv": [102, 15], "uv_size": [7, 2]},
								"down": {"uv": [107, 8], "uv_size": [7, -2]}
							}
						},
						{
							"origin": [-16.62624, 34.16863, -24.01723],
							"size": [7.942, 1.88623, 1.78695],
							"pivot": [-13.15161, 35.11175, -23.12376],
							"rotation": [0, 0, 65],
							"uv": {
								"north": {"uv": [107, 84], "uv_size": [7, 2]},
								"east": {"uv": [48, 114], "uv_size": [2, 2]},
								"south": {"uv": [108, 0], "uv_size": [7, 2]},
								"west": {"uv": [50, 114], "uv_size": [2, 2]},
								"up": {"uv": [108, 2], "uv_size": [7, 2]},
								"down": {"uv": [108, 6], "uv_size": [7, -2]}
							}
						},
						{
							"origin": [-11.95638, 29.13227, -24.51361],
							"size": [10.04067, 2.87898, 2.7797],
							"pivot": [-6.93605, 30.57177, -23.12376],
							"rotation": [0, 0, 17.5],
							"uv": {
								"north": {"uv": [94, 61], "uv_size": [9, 3]},
								"east": {"uv": [56, 111], "uv_size": [3, 3]},
								"south": {"uv": [94, 82], "uv_size": [9, 3]},
								"west": {"uv": [59, 111], "uv_size": [3, 3]},
								"up": {"uv": [95, 40], "uv_size": [9, 3]},
								"down": {"uv": [95, 46], "uv_size": [9, -3]}
							}
						},
						{
							"origin": [1.9157, 29.13227, -24.51361],
							"size": [10.04068, 2.87898, 2.7797],
							"pivot": [6.93605, 30.57177, -23.12376],
							"rotation": [0, 0, -17.5],
							"uv": {
								"north": {"uv": [103, 61], "uv_size": [-9, 3]},
								"east": {"uv": [62, 111], "uv_size": [-3, 3]},
								"south": {"uv": [103, 82], "uv_size": [-9, 3]},
								"west": {"uv": [59, 111], "uv_size": [-3, 3]},
								"up": {"uv": [104, 40], "uv_size": [-9, 3]},
								"down": {"uv": [104, 46], "uv_size": [-9, -3]}
							}
						}
					]
				},
				{
					"name": "horns_7",
					"parent": "head",
					"pivot": [0, -11.30463, -11.63086],
					"cubes": [
						{
							"origin": [-6.01308, 28.33908, -24.11651],
							"size": [12.02616, 1.68768, 1.68768],
							"uv": {
								"north": {"uv": [96, 6], "uv_size": [11, 2]},
								"east": {"uv": [56, 114], "uv_size": [2, 2]},
								"south": {"uv": [97, 17], "uv_size": [11, 2]},
								"west": {"uv": [58, 114], "uv_size": [2, 2]},
								"up": {"uv": [97, 19], "uv_size": [11, 2]},
								"down": {"uv": [99, 66], "uv_size": [11, -2]}
							}
						},
						{
							"origin": [-5.98827, 28.33908, -23.91796],
							"size": [1.36504, 3.97101, 1.29058],
							"uv": {
								"north": {"uv": [71, 62], "uv_size": [1, 4]},
								"east": {"uv": [94, 97], "uv_size": [1, 4]},
								"south": {"uv": [27, 98], "uv_size": [1, 4]},
								"west": {"uv": [64, 103], "uv_size": [1, 4]},
								"up": {"uv": [21, 111], "uv_size": [1, 1]},
								"down": {"uv": [27, 113], "uv_size": [1, -1]}
							}
						},
						{
							"origin": [4.62323, 28.33908, -23.91796],
							"size": [1.36504, 3.97101, 1.29058],
							"uv": {
								"north": {"uv": [12, 112], "uv_size": [1, 4]},
								"east": {"uv": [102, 113], "uv_size": [1, 4]},
								"south": {"uv": [109, 113], "uv_size": [1, 4]},
								"west": {"uv": [52, 114], "uv_size": [1, 4]},
								"up": {"uv": [27, 113], "uv_size": [1, 1]},
								"down": {"uv": [46, 114], "uv_size": [1, -1]}
							}
						}
					]
				},
				{
					"name": "horns_8",
					"parent": "head",
					"pivot": [0, -11.30463, -11.63086],
					"cubes": [
						{
							"origin": [-7.99858, 27.34634, -25.10926],
							"size": [15.99716, 1.9855, 1.9855],
							"pivot": [0, 29.33184, -24.11651],
							"rotation": [90, 0, 0],
							"uv": {
								"north": {"uv": [91, 31], "uv_size": [15, 2]},
								"east": {"uv": [60, 114], "uv_size": [2, 2]},
								"south": {"uv": [91, 76], "uv_size": [15, 2]},
								"west": {"uv": [64, 114], "uv_size": [2, 2]},
								"up": {"uv": [91, 86], "uv_size": [15, 2]},
								"down": {"uv": [91, 90], "uv_size": [15, -2]}
							}
						},
						{
							"origin": [-7.97377, 27.34634, -24.91071],
							"size": [1.66286, 5.95649, 1.5884],
							"pivot": [0, 29.33184, -24.11651],
							"rotation": [90, 0, 0],
							"uv": {
								"north": {"uv": [95, 106], "uv_size": [2, 5]},
								"east": {"uv": [82, 102], "uv_size": [1, 5]},
								"south": {"uv": [84, 107], "uv_size": [2, 5]},
								"west": {"uv": [97, 106], "uv_size": [1, 5]},
								"up": {"uv": [105, 71], "uv_size": [2, 1]},
								"down": {"uv": [31, 107], "uv_size": [2, -1]}
							}
						},
						{
							"origin": [6.31091, 27.34634, -24.91071],
							"size": [1.66286, 5.95649, 1.5884],
							"pivot": [0, 29.33184, -24.11651],
							"rotation": [90, 0, 0],
							"uv": {
								"north": {"uv": [13, 110], "uv_size": [2, 5]},
								"east": {"uv": [86, 107], "uv_size": [1, 5]},
								"south": {"uv": [33, 110], "uv_size": [2, 5]},
								"west": {"uv": [99, 111], "uv_size": [1, 5]},
								"up": {"uv": [18, 107], "uv_size": [2, 1]},
								"down": {"uv": [107, 106], "uv_size": [2, -1]}
							}
						}
					]
				},
				{
					"name": "horns_9",
					"parent": "head",
					"pivot": [0, -11.30463, -11.63086],
					"cubes": [
						{
							"origin": [0.79861, 29.29866, -24.18361],
							"size": [7.84068, 1.88897, 2.0097],
							"pivot": [4.16896, 30.24314, -23.17876],
							"rotation": [0, 0, -47.5],
							"uv": {
								"north": {"uv": [108, 17], "uv_size": [7, 2]},
								"east": {"uv": [68, 114], "uv_size": [2, 2]},
								"south": {"uv": [108, 19], "uv_size": [7, 2]},
								"west": {"uv": [70, 114], "uv_size": [2, 2]},
								"up": {"uv": [108, 24], "uv_size": [7, 2]},
								"down": {"uv": [33, 110], "uv_size": [7, -2]}
							}
						},
						{
							"origin": [-8.21253, 35.65228, -23.79723],
							"size": [6.292, 1.22623, 1.34695],
							"pivot": [-5.89153, 36.48539, -23.12376],
							"rotation": [0, 0, 107.5],
							"uv": {
								"north": {"uv": [78, 113], "uv_size": [6, 1]},
								"east": {"uv": [13, 115], "uv_size": [1, 1]},
								"south": {"uv": [113, 78], "uv_size": [6, 1]},
								"west": {"uv": [115, 13], "uv_size": [1, 1]},
								"up": {"uv": [113, 79], "uv_size": [6, 1]},
								"down": {"uv": [113, 82], "uv_size": [6, -1]}
							}
						},
						{
							"origin": [-8.63929, 29.29866, -24.18361],
							"size": [7.84068, 1.88897, 2.0097],
							"pivot": [-4.16896, 30.24314, -23.17876],
							"rotation": [0, 0, 47.5],
							"uv": {
								"north": {"uv": [40, 108], "uv_size": [7, 2]},
								"east": {"uv": [72, 114], "uv_size": [2, 2]},
								"south": {"uv": [108, 57], "uv_size": [7, 2]},
								"west": {"uv": [74, 114], "uv_size": [2, 2]},
								"up": {"uv": [108, 59], "uv_size": [7, 2]},
								"down": {"uv": [0, 111], "uv_size": [7, -2]}
							}
						},
						{
							"origin": [1.92053, 35.65228, -23.79723],
							"size": [6.292, 1.22623, 1.34695],
							"pivot": [5.89153, 36.48539, -23.12376],
							"rotation": [0, 0, -107.5],
							"uv": {
								"north": {"uv": [113, 72], "uv_size": [6, 1]},
								"east": {"uv": [94, 114], "uv_size": [1, 1]},
								"south": {"uv": [113, 73], "uv_size": [6, 1]},
								"west": {"uv": [115, 12], "uv_size": [1, 1]},
								"up": {"uv": [113, 74], "uv_size": [6, 1]},
								"down": {"uv": [113, 76], "uv_size": [6, -1]}
							}
						}
					]
				},
				{
					"name": "horns_10",
					"parent": "head",
					"pivot": [0, -11.30463, -11.63086],
					"cubes": [
						{
							"origin": [-6.01308, 27.78908, -24.44651],
							"size": [12.02616, 1.68768, 1.68768],
							"pivot": [0, 29.20376, -23.60268],
							"rotation": [90, 0, 0],
							"uv": {
								"north": {"uv": [99, 66], "uv_size": [11, 2]},
								"east": {"uv": [78, 114], "uv_size": [2, 2]},
								"south": {"uv": [0, 102], "uv_size": [11, 2]},
								"west": {"uv": [80, 114], "uv_size": [2, 2]},
								"up": {"uv": [102, 8], "uv_size": [11, 2]},
								"down": {"uv": [102, 12], "uv_size": [11, -2]}
							}
						},
						{
							"origin": [-5.98827, 27.78908, -24.24796],
							"size": [1.36504, 3.971, 1.29058],
							"pivot": [0, 29.20376, -23.60268],
							"rotation": [90, 0, 0],
							"uv": {
								"north": {"uv": [82, 114], "uv_size": [1, 4]},
								"east": {"uv": [83, 114], "uv_size": [1, 4]},
								"south": {"uv": [84, 114], "uv_size": [1, 4]},
								"west": {"uv": [85, 114], "uv_size": [1, 4]},
								"up": {"uv": [14, 115], "uv_size": [1, 1]},
								"down": {"uv": [115, 15], "uv_size": [1, -1]}
							}
						},
						{
							"origin": [4.62323, 27.78908, -24.24796],
							"size": [1.36504, 3.971, 1.29058],
							"pivot": [0, 29.20376, -23.60268],
							"rotation": [90, 0, 0],
							"uv": {
								"north": {"uv": [86, 114], "uv_size": [1, 4]},
								"east": {"uv": [89, 114], "uv_size": [1, 4]},
								"south": {"uv": [90, 114], "uv_size": [1, 4]},
								"west": {"uv": [91, 114], "uv_size": [1, 4]},
								"up": {"uv": [115, 15], "uv_size": [1, 1]},
								"down": {"uv": [115, 17], "uv_size": [1, -1]}
							}
						}
					]
				},
				{
					"name": "horn_connection",
					"parent": "head",
					"pivot": [0, 29.41902, -23.1195],
					"cubes": [
						{
							"origin": [-3.03491, 29.40623, -24.61296],
							"size": [6.06982, 0.62557, 2.98692],
							"inflate": -0.01,
							"uv": {
								"north": {"uv": [109, 16], "uv_size": [6, 1]},
								"east": {"uv": [4, 108], "uv_size": [3, 1]},
								"south": {"uv": [109, 23], "uv_size": [6, 1]},
								"west": {"uv": [114, 68], "uv_size": [3, 1]},
								"up": {"uv": [89, 106], "uv_size": [6, 3]},
								"down": {"uv": [103, 109], "uv_size": [6, -3]}
							}
						}
					]
				},
				{
					"name": "right_ear",
					"parent": "head",
					"pivot": [-2.39285, 28.08659, -21.73395],
					"rotation": [0, 0, -80],
					"cubes": [
						{
							"origin": [-3.60679, 28.40858, -22.34092],
							"size": [2.42786, 3.64179, 1.21394],
							"uv": {
								"north": {"uv": [65, 89], "uv_size": [2, 3]},
								"east": {"uv": [48, 99], "uv_size": [1, 3]},
								"south": {"uv": [70, 96], "uv_size": [2, 3]},
								"west": {"uv": [114, 89], "uv_size": [1, 3]},
								"up": {"uv": [57, 31], "uv_size": [2, 1]},
								"down": {"uv": [66, 41], "uv_size": [2, -1]}
							}
						},
						{
							"origin": [-7.58413, 28.30922, -23.49392],
							"size": [4.54867, 3.14843, 0.00332],
							"inflate": 0.01,
							"pivot": [-5.48469, 29.88343, -22.85148],
							"rotation": [-3.22511, -29.4987, -10.99161],
							"uv": {
								"north": {"uv": [123, 0], "uv_size": [4, 3]},
								"east": {"uv": [127, 0], "uv_size": [1, 3]},
								"south": {"uv": [127, 0], "uv_size": [-4, 3]},
								"west": {"uv": [127, 0], "uv_size": [1, 3]},
								"up": {"uv": [128, 0], "uv_size": [-1, 3]},
								"down": {"uv": [127, 3], "uv_size": [1, -3]}
							}
						}
					]
				},
				{
					"name": "left_ear",
					"parent": "head",
					"pivot": [2.39285, 28.08659, -21.73395],
					"rotation": [0, 0, 80],
					"cubes": [
						{
							"origin": [1.17892, 28.40858, -22.34092],
							"size": [2.42787, 3.64179, 1.21394],
							"uv": {
								"north": {"uv": [9, 104], "uv_size": [2, 3]},
								"east": {"uv": [92, 114], "uv_size": [1, 3]},
								"south": {"uv": [110, 111], "uv_size": [2, 3]},
								"west": {"uv": [93, 114], "uv_size": [1, 3]},
								"up": {"uv": [76, 12], "uv_size": [2, 1]},
								"down": {"uv": [70, 79], "uv_size": [2, -1]}
							}
						}
					]
				},
				{
					"name": "mouth",
					"parent": "head",
					"pivot": [0, 26.87614, -28.82073],
					"rotation": [-7.5, 0, 0],
					"cubes": [
						{
							"origin": [-2.80137, 24.0254, -32.62882],
							"size": [5.60274, 5.07, 4.8305],
							"pivot": [0, 25.74772, -30.99638],
							"rotation": [7.5, 0, 0],
							"uv": {
								"north": {"uv": [65, 96], "uv_size": [5, 5]},
								"east": {"uv": [94, 101], "uv_size": [4, 5]},
								"south": {"uv": [95, 96], "uv_size": [5, 5]},
								"west": {"uv": [11, 102], "uv_size": [4, 5]},
								"up": {"uv": [48, 102], "uv_size": [5, 4]},
								"down": {"uv": [53, 106], "uv_size": [5, -4]}
							}
						}
					]
				},
				{
					"name": "jaw",
					"parent": "mouth",
					"pivot": [0, 23.88013, -28.19501],
					"cubes": [
						{
							"origin": [-2.28778, 23.29421, -31.89228],
							"size": [4.57556, 1.69951, 4.70909],
							"pivot": [0, 23.88013, -28.19501],
							"rotation": [15, 0, 0],
							"uv": {
								"north": {"uv": [81, 74], "uv_size": [4, 2]},
								"east": {"uv": [111, 69], "uv_size": [4, 2]},
								"south": {"uv": [111, 92], "uv_size": [4, 2]},
								"west": {"uv": [111, 94], "uv_size": [4, 2]},
								"up": {"uv": [54, 106], "uv_size": [4, 4]},
								"down": {"uv": [29, 111], "uv_size": [4, -4]}
							}
						}
					]
				},
				{
					"name": "tail",
					"parent": "body_piv",
					"pivot": [0, 24.08576, 15.02262],
					"cubes": [
						{
							"origin": [-0.96903, 10.80422, 14.77822],
							"size": [1.93806, 13.77129, 2.42873],
							"inflate": 0.05,
							"uv": {
								"north": {"uv": [26, 36], "uv_size": [2, 13]},
								"east": {"uv": [89, 92], "uv_size": [2, 13]},
								"south": {"uv": [31, 93], "uv_size": [2, 13]},
								"west": {"uv": [18, 94], "uv_size": [2, 13]},
								"up": {"uv": [7, 108], "uv_size": [2, 2]},
								"down": {"uv": [95, 115], "uv_size": [2, -2]}
							}
						}
					]
				},
				{
					"name": "tail_2",
					"parent": "tail",
					"pivot": [0, 10.7919, 15.89332],
					"cubes": [
						{
							"origin": [-1.4711, 3.94614, 14.17687],
							"size": [2.9422, 6.83343, 3.43288],
							"inflate": 0.05,
							"uv": {
								"north": {"uv": [104, 90], "uv_size": [3, 6]},
								"east": {"uv": [100, 104], "uv_size": [3, 6]},
								"south": {"uv": [105, 0], "uv_size": [3, 6]},
								"west": {"uv": [15, 105], "uv_size": [3, 6]},
								"up": {"uv": [44, 110], "uv_size": [3, 3]},
								"down": {"uv": [53, 113], "uv_size": [3, -3]}
							}
						}
					]
				},
				{
					"name": "front_right_leg",
					"parent": "body",
					"pivot": [-2.94406, 14.22032, -10.54957],
					"cubes": [
						{
							"origin": [-4.90678, 8.33219, -12.75761],
							"size": [3.92543, 7.85085, 4.4161],
							"uv": {
								"north": {"uv": [33, 90], "uv_size": [4, 7]},
								"east": {"uv": [37, 90], "uv_size": [4, 7]},
								"south": {"uv": [41, 90], "uv_size": [4, 7]},
								"west": {"uv": [24, 91], "uv_size": [4, 7]},
								"up": {"uv": [107, 89], "uv_size": [4, 4]},
								"down": {"uv": [107, 97], "uv_size": [4, -4]}
							}
						}
					]
				},
				{
					"name": "front_right_calf",
					"parent": "front_right_leg",
					"pivot": [-2.94406, 9.32287, -10.54957],
					"cubes": [
						{
							"origin": [-4.4161, 0.96996, -12.26694],
							"size": [2.94407, 9.32495, 3.43475],
							"uv": {
								"north": {"uv": [76, 92], "uv_size": [3, 9]},
								"east": {"uv": [83, 92], "uv_size": [3, 9]},
								"south": {"uv": [86, 92], "uv_size": [3, 9]},
								"west": {"uv": [28, 93], "uv_size": [3, 9]},
								"up": {"uv": [110, 63], "uv_size": [3, 3]},
								"down": {"uv": [64, 113], "uv_size": [3, -3]}
							}
						}
					]
				},
				{
					"name": "front_right_hoof",
					"parent": "front_right_calf",
					"pivot": [-2.94406, 2.55153, -10.89304],
					"cubes": [
						{
							"origin": [-4.51404, 0.00018, -13.44437],
							"size": [3.13995, 2.44504, 3.13996],
							"inflate": 0.01,
							"uv": {
								"north": {"uv": [6, 112], "uv_size": [3, 2]},
								"east": {"uv": [9, 112], "uv_size": [3, 2]},
								"south": {"uv": [21, 112], "uv_size": [3, 2]},
								"west": {"uv": [24, 112], "uv_size": [3, 2]},
								"up": {"uv": [67, 110], "uv_size": [3, 3]},
								"down": {"uv": [70, 113], "uv_size": [3, -3]}
							}
						}
					]
				},
				{
					"name": "front_left_leg",
					"parent": "body",
					"pivot": [2.94406, 14.22032, -10.54957],
					"cubes": [
						{
							"origin": [0.98135, 8.33219, -12.75761],
							"size": [3.92543, 7.85085, 4.4161],
							"uv": {
								"north": {"uv": [91, 90], "uv_size": [4, 7]},
								"east": {"uv": [92, 0], "uv_size": [4, 7]},
								"south": {"uv": [92, 33], "uv_size": [4, 7]},
								"west": {"uv": [45, 92], "uv_size": [4, 7]},
								"up": {"uv": [107, 97], "uv_size": [4, 4]},
								"down": {"uv": [107, 105], "uv_size": [4, -4]}
							}
						}
					]
				},
				{
					"name": "front_left_calf",
					"parent": "front_left_leg",
					"pivot": [2.94406, 9.32287, -10.54957],
					"cubes": [
						{
							"origin": [1.47203, 0.96996, -12.26694],
							"size": [2.94407, 9.32495, 3.43475],
							"uv": {
								"north": {"uv": [49, 93], "uv_size": [3, 9]},
								"east": {"uv": [52, 93], "uv_size": [3, 9]},
								"south": {"uv": [55, 93], "uv_size": [3, 9]},
								"west": {"uv": [58, 93], "uv_size": [3, 9]},
								"up": {"uv": [73, 110], "uv_size": [3, 3]},
								"down": {"uv": [110, 80], "uv_size": [3, -3]}
							}
						}
					]
				},
				{
					"name": "front_left_hoof",
					"parent": "front_left_calf",
					"pivot": [2.94406, 2.55153, -10.89304],
					"cubes": [
						{
							"origin": [1.37409, 0.00018, -13.44437],
							"size": [3.13995, 2.44504, 3.13996],
							"inflate": 0.01,
							"uv": {
								"north": {"uv": [112, 26], "uv_size": [3, 2]},
								"east": {"uv": [112, 28], "uv_size": [3, 2]},
								"south": {"uv": [112, 30], "uv_size": [3, 2]},
								"west": {"uv": [84, 112], "uv_size": [3, 2]},
								"up": {"uv": [78, 110], "uv_size": [3, 3]},
								"down": {"uv": [81, 113], "uv_size": [3, -3]}
							}
						}
					]
				}
			]
		}
	]
}