{
    "type": "origins:multiple",
    "iron-golem": {
        "type": "origins:action_over_time",
        "interval": 15,
        "entity_action": {
            "type": "origins:execute_command",
            "command": "data modify entity @e[limit=1,distance=..15,type=minecraft:iron_golem,sort=nearest] AngryAt set from entity @s UUID",
            "permission_level": 4
        }
    },
    "guard-dog": {
        "type": "origins:action_on_callback",
        "entity_action_added": {
            "type": "origins:execute_command",
                "command": "tag @s add predator"
        },
        "entity_action_removed": {
            "type": "origins:execute_command",
                "command": "tag @s remove predator"
        }
    },
    "name": "A Monster",
    "description": "Iron golems and guardian dogs are agressive towards you"
}