{
    "type": "origins:multiple",
    "iron-golem": {
        "type": "origins:action_on_callback",
        "entity_action_added": {
            "type": "origins:execute_command",
                "command": "tag @s add a_monster"
        },
        "entity_action_removed": {
            "type": "origins:execute_command",
                "command": "tag @s remove a_monster"
        }
    },
    "guard-dog": {
        "type": "origins:action_on_callback",
        "entity_action_added": {
            "type": "origins:execute_command",
                "command": "tag @s add predator"
        },
        "entity_action_removed": {
            "type": "origins:execute_command",
                "command": "tag @s remove predator"
        }
    },
    "name": "A Monster",
    "description": "Iron golems and guardian dogs are agressive towards you"
}