{
    "name": "Headbutt",
    "description": "While running, you slam your foes with your horns.",
    "badges": [
        {
            "type": "origins:tooltip",
            "sprite": "origins:textures/gui/badge/active.png",
            "text": ["Active ability, use with [", {"keybind": "key.origins.primary_active"}, "] while sprinting."]
        }
    ],
    "type": "origins:multiple",
    "resource": {
        "type": "origins:resource",
        "min": 0,
        "max": 1,
        "hud_render": {
            "should_render": false
        }
    },
    "activate": {
        "type": "origins:active_self",
        "entity_action": {
            "type": "origins:and",
            "actions": [
                {
                    "type": "origins:add_velocity",
                    "z": 2.5,
                    "space": "local"
                },
                {
                    "type": "origins:change_resource",
                    "resource": "*:*_resource",
                    "change": 1
                },
                {
                    "type": "origins:delay",
                    "ticks": 16,
                    "action": {
                        "type": "origins:change_resource",
                        "resource": "*:*_resource",
                        "change": 0,
                        "operation": "set"
                    }
                }
            ]
        },
        "cooldown": 120,
        "hud_render": {
            "should_render": true,
            "sprite_location": "origins:textures/gui/community/huang/resource_bar_01.png",
            "bar_index": 20
        },
        "key": {
            "key": "key.origins.primary_active"
        },
        "condition": {
            "type": "origins:sprinting"
        }
    },
    "hit": {
        "type": "origins:action_over_time",
        "interval": 1,
        "entity_action": {
            "type": "origins:area_of_effect",
            "radius": 2,
            "bientity_action": {
                "type": "origins:and",
                "actions": [
                    {
                        "type": "origins:damage",
                        "amount": 6,
                        "source": {
                            "name": "generic.player",
                            "bypasses_armor": false
                        }
                    },
                    {
                        "type": "origins:add_velocity",
                        "z": 0.5,
                        "y": 0.1,
                        "space": "local_horizontal"
                    },
                    {
                        "type": "origins:target_action",
                        "action": {
                            "type": "origins:play_sound",
                            "sound": "minecraft:entity.armor_stand.hit",
                            "volume": 10
                        }
                    },
                    {
                        "type": "origins:actor_action",
                        "action": {
                            "type": "origins:change_resource",
                            "resource": "*:*_resource",
                            "change": 0,
                            "operation": "set"
                        }
                    }
                ]
            },
            "bientity_condition": {
                "type": "origins:and",
                "conditions": [
                    {
                        "type": "origins:can_see"
                    },
                    {
                        "type": "origins:target_condition",
                        "condition": {
                            "type": "origins:living"
                        }
                    }
                ]
            }
        },
        "condition": {
            "type": "origins:and",
            "conditions": [
                {
                    "type": "origins:resource",
                    "resource": "*:*_resource",
                    "comparison": ">",
                    "compare_to": 0
                },
                {
                    "type": "origins:command",
                    "command": "execute if entity @e[distance=..2,sort=nearest,limit=1]",
                    "comparison": "==",
                    "compare_to": 1
                }
            ]
        }
    }
}