{
    "name":"Man Eater",
    "description":"you can consume the flesh of an evoker to receive the effects of a golden apple",
    "type": "origins:action_on_item_use",
    "entity_action": {
      "type": "origins:and",
      "actions": [
        {
          "type": "origins:consume",
          "item_condition": {
            "type": "origins:ingredient",
            "ingredient": {
              "item": "butcher:rawwitchmeat"
            }
          }
        },
        {
          "type": "origins:grant_effect",
          "effect": {
            "effect": "minecraft:regeneration",
            "duration": 100,
            "amplifier": 1
          }
        },
        {
          "type": "origins:grant_effect",
          "effect": {
            "effect": "minecraft:absorption",
            "duration": 2400,
            "amplifier": 0
          }
        }
      ]
    },
    "item_condition": {
      "type": "origins:ingredient",
      "ingredient": {
        "item": "butcher:rawwitchmeat"
      }
    },
    "cooldown": 0,
    "hud_render": {
      "should_render": false
    }
  }