{
    "type": "origins:multiple",
    "small_prey": {
        "type": "origins:action_on_callback",
        "entity_action_added": {
            "type": "origins:execute_command",
                "command": "tag @s add prey"
        },
        "entity_action_removed": {
            "type": "origins:execute_command",
                "command": "tag @s remove prey"
        }
    }, 
    "name": "Natural Prey",
    "description": "Due to being a prey animal, wolves, polar bears, and hunting dogs will attack you"
}