{
  "parent": "farmersdelight:main/root",
  "criteria": {
    "cabbage_seeds": {
      "conditions": {
        "items": [
          {
            "items": [
              "farmersdelight:cabbage_seeds"
            ]
          }
        ]
      },
      "trigger": "minecraft:inventory_changed"
    },
    "onion": {
      "conditions": {
        "items": [
          {
            "items": [
              "farmersdelight:onion"
            ]
          }
        ]
      },
      "trigger": "minecraft:inventory_changed"
    },
    "rice": {
      "conditions": {
        "items": [
          {
            "items": [
              "farmersdelight:rice"
            ]
          }
        ]
      },
      "trigger": "minecraft:inventory_changed"
    },
    "tomato_seeds": {
      "conditions": {
        "items": [
          {
            "items": [
              "farmersdelight:tomato_seeds"
            ]
          }
        ]
      },
      "trigger": "minecraft:inventory_changed"
    }
  },
  "display": {
    "announce_to_chat": false,
    "description": {
      "translate": "farmersdelight.advancement.get_fd_seed.desc"
    },
    "frame": "task",
    "hidden": false,
    "icon": {
      "item": "farmersdelight:wild_onions"
    },
    "show_toast": true,
    "title": {
      "translate": "farmersdelight.advancement.get_fd_seed"
    }
  },
  "requirements": [
    [
      "cabbage_seeds",
      "tomato_seeds",
      "onion",
      "rice"
    ]
  ],
  "sends_telemetry_event": true
}