{
    "type": "origins:multiple",
    "name": "Electric Immunity",
    "description": "electrical attacks will not harm you, instead applying the charged effect",
    "electric-immune": {
        "type": "origins:modify_damage_taken",
        "damage_condition": {
            "type": "origins:in-tag",
            "tag":"mystbound-origins:electricity"
        },
        "modifier": {
            "operation": "multiply_base",
            "value": 0
        }
    },
    "lightning-charge": {
        "type": "origins:action_on_hit",
        "bientity_action": {
            "type": "origins:add_status_effect",
            "effect": {
                "effect": "irons_spellbooks:charged",
                "duration": 200,
                "amplifier": 0,
                "show_particles": true,
                "show_icon": true
            }
        },
        "damage_condition": {
            "type": "origins:attacker_condition",
            "condition": {
                "type": "origins:entity_type",
                "entity_type": "minecraft:lightning_bolt"
            }
        }
    },
    "electric-charge": {
        "type": "origins:action_on_hit",
        "bientity_action": {
            "type": "origins:add_status_effect",
            "effect": {
                "effect": "irons_spellbooks:charged",
                "duration": 200,
                "amplifier": 0,
                "show_particles": true,
                "show_icon": true
            }
        },
        "damage_condition": {
            "type": "origins:attacker_condition",
            "tag":"irons_spellbooks:lightning_magic"
        }
    }
}