{
    "name":"Heat Resistant",
    "description":"When on fire, gain resistance 1",
    "type": "origins:multiple",
    "fire": {
        "type": "origins:action_over_time",
        "interval": 1,
        "condition": {
            "type": "origins:on_fire"
        },
        "entity_action": {
            "type": "origins:execute_command",
            "command": "effect give @s minecraft:resistance 1 0 true"
        }
    },
    "cold_sweat_resistance": {
          "type": "origins:action_on_callback",
          "entity_action_added": {
              "type": "origins:execute_command",
              "command": "attribute @s cold_sweat:heat_resistance base set .25",
              "permission_level": 4
          },
          "entity_action_chosen": {
              "type": "origins:execute_command",
              "command": "attribute @s cold_sweat:heat_resistance base set .25",
              "permission_level": 4
          },
          "entity_action_removed": {
              "type": "origins:execute_command",
              "command": "attribute @s cold_sweat:heat_resistance base set 0",
              "permission_level": 4
          },
          "entity_action_respawned": {
              "type": "origins:execute_command",
              "command": "attribute @s cold_sweat:heat_resistance base set .25",
              "permission_level": 4
          },
          "execute_chosen_when_orb": true
      },
      "cold_sweat_dampening": {
          "type": "origins:action_on_callback",
          "entity_action_added": {
              "type": "origins:execute_command",
              "command": "attribute @s cold_sweat:heat_dampening base set .25",
              "permission_level": 4
          },
          "entity_action_chosen": {
              "type": "origins:execute_command",
              "command": "attribute @s cold_sweat:heat_dampening base set .25",
              "permission_level": 4
          },
          "entity_action_removed": {
              "type": "origins:execute_command",
              "command": "attribute @s cold_sweat:heat_dampening base set .25",
              "permission_level": 4
          },
          "entity_action_respawned": {
              "type": "origins:execute_command",
              "command": "attribute @s cold_sweat:heat_dampening base set .25",
              "permission_level": 4
          },
          "execute_chosen_when_orb": true
      }
  }
