{
  "type": "origins:multiple",
  "small_callback": {
      "type": "origins:action_on_callback",
      "entity_action_chosen": {
        "type": "origins:execute_command",
        "command": "function mystbound-origins:warforged_callon"
      },
      "entity_action_lost": {
        "type": "origins:execute_command",
        "command": "function mystbound-origins:warforged_callback"
      },
      "execute_chosen_when_orb": true
    },
    "small_constant": {
      "type": "origins:action_over_time",
      "entity_action": {
        "type": "origins:execute_command",
        "command": "execute unless entity @s[pehkui.scale_nbt={\"pehkui:scale_data_types\":{\"pehkui:height\":{scale:1.5f}}}] run function mystbound-origins:warforged_callon"
      },
      "interval": 50
    },
  "name": "Above average height",
  "description": "You are 3 blocks tall and 2 blocks wide with a longer stride"
}