{
    "name": "Inorganic",
    "description": "you have no need to breath and are unaffected by potions and poison. You cannot sleep. You do not need to eat.",
    "type": "origins:multiple",
    "no-breath": {
        "type": "origins:action_over_time",
        "entity_action": {
            "type": "origins:gain_air",
            "value": 40
        },
        "interval": 10
    },
    "no-sleep": {
        "type": "origins:prevent_sleep",
        "message": "You are a machine. You need no sleep."
    },
    "poison-and-potion-immune-1": {
        "type": "origins:effect_immunity",
        "effects": [
            "minecraft:swiftness",
            "minecraft:fire_resistance",
            "minecraft:poison",
            "minecraft:healing",
            "minecraft:harming",
            "minecraft:water_breathing",
            "minecraft:invisibility",
            "minecraft:night_vision",
            "minecraft:strength",
            "minecraft:leaping",
            "minecraft:hunger",
            "minecraft:weakness",
            "minecraft:levitation",
            "minecraft:slow_falling"
        ]
    },
    "potion-immune-2": {
        "type": "origins:effect_immunity",
        "effects": [
            "minecraft:regeneration"
        ],
        "condition": {
        "type": "origins:resource",
        "resource": "mystbound-origins:warforged-origin/timers/timer-resources/lava-timer",
        "comparison": "==",
        "compare_to": 0
        }
    },
    "potion-immune-3": {
        "type": "origins:effect_immunity",
        "effects": [
            "minecraft:weakness"
        ],
        "condition": {
            "type":"origins:fluid_height",
            "fluid":"minecraft:water",
            "comparison":"<=",
            "compare_to":0
        }
    },
    "potion-immune-4": {
        "type": "origins:effect_immunity",
        "effects": [
            "minecraft:slowness"
        ],
        "condition": {
            "type":"origins:and",
            "conditions":[
                {
                    "type":"origins:fluid_height",
                    "fluid":"minecraft:water",
                    "comparison":"<=",
                    "compare_to":0
                },
                {
                    "type": "origins:on_fire",
                    "inverted": true
                }
            ]
        }
    },
    "no-potion-use": {
        "type": "origins:prevent_item_use",
        "item_condition": {
            "type": "origins:ingredient",
            "ingredient": {
            "item": "minecraft:potion"
            }
        }
    },
    "no-splash-potion-use": {
        "type": "origins:prevent_item_use",
        "item_condition": {
            "type": "origins:ingredient",
            "ingredient": {
            "item": "minecraft:splash_potion"
            }
        }
    }
}