{
    "hidden": true,
    "type": "origins:multiple",
    "no_exhaustion": {
    "type": "origins:modify_exhaustion",
    "modifier": {
    "operation": "multiply_base",
    "value": -1
    }
    },
    "no_starving": {
    "type": "origins:invulnerability",
    "damage_condition": {
    "type": "origins:name",
    "name": "starve"
    }
    },
    "no_regen": {
    "type": "origins:disable_regen"
    },
    "hunger_immunity": {
    "type": "origins:effect_immunity",
    "effect": "minecraft:hunger"
    },
    "no_saturation_on_spawn": {
    "type": "origins:action_on_callback",
    "entity_action_gained": {
    "type": "origins:and",
    "actions": [
    {
    "type": "origins:exhaust",
    "amount": 100.0
    },
    {
    "type": "origins:feed",
    "food": 20,
    "saturation": 0
    }
    ]
    },
    "entity_action_respawned": {
    "type": "origins:and",
    "actions": [
    {
    "type": "origins:exhaust",
    "amount": 100.0
    },
    {
    "type": "origins:feed",
    "food": 20,
    "saturation": 0
    }
    ]
    }
    },
    "snacking": {
    "type": "origins:modify_food",
    "item_condition": {
    "type": "origins:food"
    },
    "saturation_modifier": {
    "operation": "multiply_total",
    "value": -1
    },
    "always_edible": true
    }
    }