{
  "name": "Lava Fueled",
  "description": "You consume a bucket of lava (bucket and all) to receive the effects of a golden apple.",
  "type": "origins:active_self",
  "entity_action": {
    "type": "origins:and",
    "actions": [
      {
        "type": "origins:equipped_item_action",
        "equipment_slot": "mainhand",
        "action": {
          "type": "origins:consume",
          "amount": 1
        }
      },
      {
        "type": "origins:play_sound",
        "sound": "minecraft:item.bucket.fill_lava",
        "volume": 1.0,
        "pitch": 1.0
      },
      {
        "type": "origins:delay",
        "ticks": 25,
        "action": {
          "type": "origins:play_sound",
          "sound": "minecraft:entity.iron_golem.repair",
          "volume": 1.0,
          "pitch": 1.0
        }
      },
      {
        "type": "origins:execute_command",
        "command": "effect give @s minecraft:regeneration 5 1 true"
      },
      {
        "type": "origins:execute_command",
        "command": "effect give @s minecraft:absorption 120 0 true"
      }
    ]
  },
  "condition": {
    "type": "origins:equipped_item",
    "equipment_slot": "mainhand",
    "item_condition": {
      "type": "origins:ingredient",
      "ingredient": {
        "item": "minecraft:lava_bucket"
      }
    }
  },
  "cooldown": 20,
  "hud_render": {
    "should_render": true,
    "sprite_location": "origins:textures/gui/resource_bar.png",
    "bar_index": 0
  },
  "key": {
    "key": "key.origins.primary_active"
  },
  "hidden": true
}