{
    "type": "origins:multiple",
    "hidden": true,
    "steel": {
            "type": "origins:active_self",
            "entity_action": {
                "type": "origins:and",
                "actions": [
                    {
                        "type": "origins:equipped_item_action",
                        "equipment_slot": "mainhand",
                        "action": {
                            "type": "origins:consume",
                            "amount": 1
                        }
                    },
                    {
                        "type": "origins:play_sound",
                        "sound": "minecraft:entity.iron_golem.repair",
                        "volume": 1.0,
                        "pitch": 1.0
                    },
                    {
                        "type": "origins:grant_power",
                        "power": "mystbound-origins:warforged-origin/eat-metal/steel",
                        "source": "power"
                    }
                ]
            },
            "condition": {
                "type": "origins:and",
                "conditions": [
                    {
                        "type": "origins:equipped_item",
                        "equipment_slot": "mainhand",
                        "item_condition": {
                            "type": "origins:ingredient",
                            "ingredient": {
                                "item": "magistuarmory:steel_ingot"
                            }
                        }
                    },
                    {
                        "type": "origins:has_power",
                        "power": "mystbound-origins:warforged-origin/eat-metal/steel",
                        "inverted": true
                    }
                ]
            },
            "cooldown": 20,
            "key": {
                "key": "key.origins.primary_active"
            },
            "hidden": true
    },
    "ancient_metal": {
            "type": "origins:active_self",
            "entity_action": {
                "type": "origins:and",
                "actions": [
                    {
                        "type": "origins:equipped_item_action",
                        "equipment_slot": "mainhand",
                        "action": {
                            "type": "origins:consume",
                            "amount": 1
                        }
                    },
                    {
                        "type": "origins:play_sound",
                        "sound": "minecraft:entity.iron_golem.repair",
                        "volume": 1.0,
                        "pitch": 1.0
                    },
                    {
                        "type": "origins:grant_power",
                        "power": "mystbound-origins:warforged-origin/eat-metal/ancient_metal",
                        "source": "power"
                    }
                ]
            },
            "condition": {
                "type": "origins:and",
                "conditions": [
                    {
                        "type": "origins:equipped_item",
                        "equipment_slot": "mainhand",
                        "item_condition": {
                            "type": "origins:ingredient",
                            "ingredient": {
                                "item": "cataclysm:ancient_metal_ingot"
                            }
                        }
                    },
                    {
                        "type": "origins:has_power",
                        "power": "mystbound-origins:warforged-origin/eat-metal/ancient_metal",
                        "inverted": true
                    }
                ]
            },
            "cooldown": 20,
            "key": {
                "key": "key.origins.primary_active"
            },
            "hidden": true
    },
    "dark": {
            "type": "origins:active_self",
            "entity_action": {
                "type": "origins:and",
                "actions": [
                    {
                        "type": "origins:equipped_item_action",
                        "equipment_slot": "mainhand",
                        "action": {
                            "type": "origins:consume",
                            "amount": 1
                        }
                    },
                    {
                        "type": "origins:play_sound",
                        "sound": "minecraft:entity.iron_golem.repair",
                        "volume": 1.0,
                        "pitch": 1.0
                    },
                    {
                        "type": "origins:grant_power",
                        "power": "mystbound-origins:warforged-origin/eat-metal/dark-metal",
                        "source": "power"
                    }
                ]
            },
            "condition": {
                "type": "origins:and",
                "conditions": [
                    {
                        "type": "origins:equipped_item",
                        "equipment_slot": "mainhand",
                        "item_condition": {
                            "type": "origins:ingredient",
                            "ingredient": {
                                "item": "born_in_chaos_v1:dark_metal_ingot"
                            }
                        }
                    },
                    {
                        "type": "origins:has_power",
                        "power": "mystbound-origins:warforged-origin/eat-metal/dark-metal",
                        "inverted": true
                    }
                ]
            },
            "cooldown": 20,
            "key": {
                "key": "key.origins.primary_active"
            },
            "hidden": true
    },
    "depth": {
            "type": "origins:active_self",
            "entity_action": {
                "type": "origins:and",
                "actions": [
                    {
                        "type": "origins:equipped_item_action",
                        "equipment_slot": "mainhand",
                        "action": {
                            "type": "origins:consume",
                            "amount": 1
                        }
                    },
                    {
                        "type": "origins:play_sound",
                        "sound": "minecraft:entity.iron_golem.repair",
                        "volume": 1.0,
                        "pitch": 1.0
                    },
                    {
                        "type": "origins:grant_power",
                        "power": "mystbound-origins:warforged-origin/eat-metal/depth",
                        "source": "power"
                    }
                ]
            },
            "condition": {
                "type": "origins:and",
                "conditions": [
                    {
                        "type": "origins:equipped_item",
                        "equipment_slot": "mainhand",
                        "item_condition": {
                            "type": "origins:ingredient",
                            "ingredient": {
                                "item": "seadwellers:depth_ingot"
                            }
                        }
                    },
                    {
                        "type": "origins:has_power",
                        "power": "mystbound-origins:warforged-origin/eat-metal/depth",
                        "inverted": true
                    }
                ]
            },
            "cooldown": 20,
            "key": {
                "key": "key.origins.primary_active"
            },
            "hidden": true
    },
    "dark_steel": {
            "type": "origins:active_self",
            "entity_action": {
                "type": "origins:and",
                "actions": [
                    {
                        "type": "origins:equipped_item_action",
                        "equipment_slot": "mainhand",
                        "action": {
                            "type": "origins:consume",
                            "amount": 1
                        }
                    },
                    {
                        "type": "origins:play_sound",
                        "sound": "minecraft:entity.iron_golem.repair",
                        "volume": 1.0,
                        "pitch": 1.0
                    },
                    {
                        "type": "origins:grant_power",
                        "power": "mystbound-origins:warforged-origin/eat-metal/dark_steel",
                        "source": "power"
                    }
                ]
            },
            "condition": {
                "type": "origins:and",
                "conditions": [
                    {
                        "type": "origins:equipped_item",
                        "equipment_slot": "mainhand",
                        "item_condition": {
                            "type": "origins:ingredient",
                            "ingredient": {
                                "item": "cataclysm:black_steel_ingot"
                            }
                        }
                    },
                    {
                        "type": "origins:has_power",
                        "power": "mystbound-origins:warforged-origin/eat-metal/dark_steel",
                        "inverted": true
                    }
                ]
            },
            "cooldown": 20,
            "key": {
                "key": "key.origins.primary_active"
            },
            "hidden": true
    },
    "netherite": {
            "type": "origins:active_self",
            "entity_action": {
                "type": "origins:and",
                "actions": [
                    {
                        "type": "origins:equipped_item_action",
                        "equipment_slot": "mainhand",
                        "action": {
                            "type": "origins:consume",
                            "amount": 1
                        }
                    },
                    {
                        "type": "origins:play_sound",
                        "sound": "minecraft:entity.iron_golem.repair",
                        "volume": 1.0,
                        "pitch": 1.0
                    },
                    {
                        "type": "origins:grant_power",
                        "power": "mystbound-origins:warforged-origin/eat-metal/netherite",
                        "source": "power"
                    }
                ]
            },
            "condition": {
                "type": "origins:and",
                "conditions": [
                    {
                        "type": "origins:equipped_item",
                        "equipment_slot": "mainhand",
                        "item_condition": {
                            "type": "origins:ingredient",
                            "ingredient": {
                                "item": "minecraft:netherite_ingot"
                            }
                        }
                    },
                    {
                        "type": "origins:has_power",
                        "power": "mystbound-origins:warforged-origin/eat-metal/netherite",
                        "inverted": true
                    }
                ]
            },
            "cooldown": 20,
            "key": {
                "key": "key.origins.primary_active"
            },
            "hidden": true
    }
}
  