{
  "type": "origins:active_self",
  "entity_action": {
      "type": "origins:and",
      "actions": [
      {
        "type": "origins:equipped_item_action",
        "equipment_slot": "mainhand",
        "action": {
            "type": "origins:consume",
            "amount": 1
        }
      },
      {
        "type": "origins:heal",
        "amount": 1
      }
      ]
  },

  "condition": {
      "type": "origins:equipped_item",
      "equipment_slot": "mainhand",
      "item_condition": {
          "type": "origins:ingredient",
          "ingredient": {
              "item": "minecraft:iron_nugget"
          }
      }
  },
  "cooldown": 20,
  "hud_render": {
      "should_render": true,
      "sprite_location": "origins:textures/gui/resource_bar.png",
      "bar_index": 0
  },
  "key": {
      "key": "key.use"
  },
  "hidden": true
}