{
    "name": "Strong",
    "description": "you can mine with your fists at stone pickaxe level and your base damage is increased",
    "type": "origins:multiple",
    "fast-break": {
        "type": "origins:modify_break_speed",
        "block_condition": {
            "type": "origins:and",
            "conditions": [
                {
                    "type": "origins:harvest_level",
                    "comparison": "<=",
                    "compare_to": 1
                }
            ]
        },
        "modifier": {
            "operation": "multiply_base",
            "value": 2 
        },
        "item_condition": {
            "type": "origins:empty"
        }
    },
    "modify-collect": {
        "type": "origins:modify_harvest",
        "block_condition": {
            "type": "origins:and",
            "conditions": [
                {
                    "type": "origins:harvest_level",
                    "comparison": "<=",
                    "compare_to": 1
                }
            ]
        },
        "allow":true,
        "item_condition": {
            "type": "origins:empty"
        },
        "preferred_tool": "minecraft:stone_pickaxe"
    },
    "base-damage": {
        "type": "origins:modify_attribute",
        "attribute": "minecraft:generic.attack_damage",
        "modifier": {
            "operation": "addition",
            "value": 2.5
        }
    }
}