{
  "type": "origins:action_on_hit",
  "bientity_action": {
    "type": "origins:and",
    "actions": [
      {
        "type": "origins:delay",
        "ticks": 1,
        "action": {
          "type": "origins:target_action",
          "action": {
            "type": "origins:add_velocity",
            "y": 0.4
          }
        }
      },
      {
        "type": "origins:delay",
        "ticks": 1,
        "action": {
          "type": "origins:add_velocity",
          "z": 0.2
        }
      },
      {
        "type": "origins:damage",
        "amount": 10,
        "damage_type": "minecraft:mob_attack"
      },
      {
        "type": "origins:delay",
        "ticks": 1,
        "action": {
          "type": "origins:play_sound",
          "sound": "minecraft:entity.iron_golem.attack",
          "volume": 1.0,
          "pitch": 1.0
        }
      }
    ]
  },
  "cooldown": 200,
  "hud_render": {
    "should_render": true,
    "sprite_location": "origins:textures/gui/community/huang/resource_bar_02.png",
    "bar_index": 2
  },
  "name": "YEET",
  "description": "You perform an iron golem throw attack when you hit a mob (Cooldown 10 seconds)"
}
  