{
	"name": "Whirlwind Shriek",
	"description": "You Let out a Shriek powerful enough to push away all living things around you and drain their strength.",
	"type": "origins:active_self",
	"key": {
		"key": "key.origins.secondary_active"
	},
	"entity_action": {
			"type": "origins:and",
			"actions": [
				{
					"type": "origins:execute_command",
					"command": "function mystbound-origins:banshee_shriek"
				},
				{
					"type": "origins:execute_command",
					"command": "effect give @p minecraft:strength"
				},
				{
					"type": "origins:area_of_effect",
					"radius": 8,
					"bientity_action": {
						"type": "origins:add_velocity",
						"z": 2,
						"y": 0.6
					},
					"bientity_condition": {
						"type": "origins:or",
						"conditions": [
							{
								"type": "origins:and",
								"conditions": [
									{
										"type": "origins:undirected",
										"condition": {
											"type": "origins:attacker"
										}
									},
									{
										"type": "origins:target_condition",
										"condition": {
											"type": "origins:entity_type",
											"entity_type": "player"
										}
									}
								]
							},
							{
								"type": "origins:target_condition",
								"condition": {
									"type": "origins:and",
									"conditions": [
										{
											"type": "origins:living"
										}
									]
								}
							}
						]
					}
				},
				{
				"type": "origins:target_action",
					"action": {
						"type": "origins:and",
						"actions": [
							{
								"type": "origins:apply_effect",
								"effects": [
									{
										"effect": "minecraft:nausea",
										"duration": 60,
										"amplifier": 0,
										"is_ambient": true,
										"show_particles": true,
										"show_icon": false
									},
									{
										"effect": "minecraft:weakness",
										"duration": 200,
										"amplifier": 0,
										"is_ambient": true,
										"show_particles": true,
										"show_icon": false
									}
								]
							},
							{
								"type": "origins:damage",
								"amount": 1,
								"damage_type": "minecraft:sonic_boom"
							}
						]
					}	
				}
			]
		},
	"cooldown": 1000,
	"hud_render": {
		"sprite_location": "origins:textures/gui/community/spiderkolo/resource_bar_02.png",
		"bar_index": 19
	}
}