{
   "type": "origins:active_self",
    "loading_priority": 10,
        "entity_action": {
        "type": "origins:and",
        "actions": [
            {
                "type": "origins:execute_command",
                "command": "cast @p blaze_storm 4",
                "permission_level": 4
            },
            {
                "type": "origins:execute_command",
                "command": "effect give @p feathers:endurance 10",
                "permission_level": 4
            }
        ]
    },
    "cooldown":300,
    "hud_render": {
        "should_render":true,
        "sprite_location":"origins:textures/gui/community/huang/resource_bar_02.png",
        "bar_index":15,
        "condition": {
            "type":"origins:power_active",
            "power":"mystbound-origins:kitsune-origin/fey-fire"
        }
    },
    "key": {
        "key": "key.origins.secondary_active"
    },
    "name":"Fey fire",
    "description":"You can shoot a series of small fireballs once in a while"
    
}