{
    "type": "origins:multiple",
    "cold_sweat_heat_dampening": {
        "type": "origins:action_on_callback",
        "entity_action_added": {
            "type": "origins:execute_command",
            "command": "attribute @s cold_sweat:heat_dampening base set 0.25",
            "permission_level": 4
        },
        "entity_action_chosen": {
            "type": "origins:execute_command",
            "command": "attribute @s cold_sweat:heat_dampening base set 0.25",
            "permission_level": 4
        },
        "entity_action_removed": {
            "type": "origins:execute_command",
            "command": "attribute @s cold_sweat:heat_dampening base set 0",
            "permission_level": 4
        },
        "entity_action_respawned": {
            "type": "origins:execute_command",
            "command": "attribute @s cold_sweat:heat_dampening base set 0.25",
            "permission_level": 4
        },
        "execute_chosen_when_orb": true
    },
    "cold_sweat_cold_dampening": {
        "type": "origins:action_on_callback",
        "entity_action_added": {
            "type": "origins:execute_command",
            "command": "attribute @s cold_sweat:cold_dampening base set 0.25",
            "permission_level": 4
        },
        "entity_action_chosen": {
            "type": "origins:execute_command",
            "command": "attribute @s cold_sweat:cold_dampening base set 0.25",
            "permission_level": 4
        },
        "entity_action_removed": {
            "type": "origins:execute_command",
            "command": "attribute @s cold_sweat:cold_dampening base set 0",
            "permission_level": 4
        },
        "entity_action_respawned": {
            "type": "origins:execute_command",
            "command": "attribute @s cold_sweat:cold_dampening base set 0.25",
            "permission_level": 4
        },
        "execute_chosen_when_orb": true
    },
    "name": "Hardy",
    "description": "You overheat and freeze 25% slower than others"
}