{
    "type": "origins:active_self",
    "entity_action": {
      "type": "origins:execute_command",
      "command": "execute as @s run function mystbound-origins:headbut"
    },
    "cooldown": 600, 
    "hud_render": {
      "should_render": true,
      "sprite_location": "origins:textures/gui/community/huang/resource_bar_02.png",
      "bar_index": 4
    },
    "key": {
      "key": "key.origins.attack"
    },
    "name": "Headstrong",
    "description": "every 30 seconds you can headbut an entity, dealing minor damage and heavy knockback"
  }
  