{
    "name": "Natural Sprinter",
    "description": "You gain speed 1 while sprinting, and don't get hungry as fast from sprinting jumping.",
    "type": "origins:multiple",
    "speed":
    {
        "type": "origins:stacking_status_effect",
        "min_stacks": 0,
        "max_stacks": 1,
        "duration_per_stack": 20,
        "effects": [
            {
                "duration": 0,
                "is_ambient": false,
                "show_particles": false,
                "show_icon": true,
                "effect": "speed",
                "amplifier": 1
            }
        ],
        "condition":
        {
            "type": "origins:and",
            "conditions": [
                {
                    "type": "origins:sprinting",
                    "inverted": false
                },
                {
                    "type": "origins:fluid_height",
                    "inverted": true,
                    "fluid": "minecraft:water",
                    "comparison": ">",
                    "compare_to": 0.0
                }
            ]
        },
        "exhaustion":
        {
            "type": "origins:modify_exhaustion",
            "modifier":
            {
                "operation": "multiply_total",
                "value": -0.50
            },
            "condition":
            {
                "type": "origins:sprinting",
                "inverted": false
            }
        }
    }
}