{
    "type": "origins:multiple",
    "holy_resist": {
        "type": "origins:attribute",
            "modifier": {
                "attribute": "irons_spellbooks:holy_magic_resist",
                "operation": "addition",
                "value": 0.5
            }
    },
    "dark_weak": {
        "type": "origins:attribute",
            "modifier": {
                "attribute": "irons_spellbooks:dark_magic_resist",
                "operation": "addition",
                "value": -0.5
            }
    },
    "name": "Pure",
    "description": "Pure enough so that the sun will do you no harm, but it makes you the perfect target for dark magic. You are resistant to holy magic and weak to dark magic"
}