{
  "parent": "cold_sweat:root",
  "display": {
    "icon": {
      "item": "minecraft:dead_bush"
    },
    "title": {
      "translate": "advancements.cold_sweat.extreme_temps.title"
    },
    "description": {
      "translate": "advancements.cold_sweat.extreme_temps.description"
    },
    "frame": "task",
    "show_toast": false,
    "announce_to_chat": false,
    "hidden": false
  },
  "criteria": {
    "requirement": {
      "trigger": "cold_sweat:temperature",
      "conditions": {
        "temperature": [
          {
            "type": "world",
            "range": {
              "below": "min_habitable",
              "above": "max_habitable"
            }
          }
        ]
      }
    }
  }
}