{
    "type": "origins:multiple",
    "blood_resist": {
        "type": "origins:attribute",
            "modifier": {
                "attribute": "irons_spellbooks:blood_magic_resist",
                "operation": "addition",
                "value": 0.5
            }
    },
    "evocation_weak": {
        "type": "origins:attribute",
            "modifier": {
                "attribute": "irons_spellbooks:evocation_magic_resist",
                "operation": "addition",
                "value": -0.5
            }
    },
    "name": "Stout and Solid",
    "description": "Your blood cannot be used against you, but gnashing teeth shall always be your weakness. You are resistant to blood magic and weak to evocation magic."
}