{
  "type": "origins:modify_damage_dealt",
  "name": "Backstab",
  "description": "Deal +2 flat damage when hitting a target from behind.",
  "modifier": {
    "name": "Backstab bonus",
    "operation": "addition",
    "value": 4.0
  },
   "bientity_condition": {
    "type": "origins:and",
    "conditions": [
      {
        "type": "origins:relative_rotation",
        "actor_rotation": "head",
        "target_rotation": "body",
        "comparison": ">=",
        "compare_to": 0.3
      },
      {
        "type": "origins:invert",
        "condition": {
          "type": "origins:can_see"
        }
      }
    ]
  }
}
