{
  "type": "origins:action_on_hit",
  "damage_condition": {
		"type": "origins:projectile",
		"inverted": true
	},
  "name": "Bleeding Strike",
  "description": "Inflicts bleeding III for a short time when you hit something, even with magic.",
  "bientity_action": {
    "type": "origins:target_action",
    "action": {
      "type": "origins:apply_effect",
      "effect": {
        "effect": "majruszsdifficulty:bleeding",
        "duration": 60,
        "amplifier": 2,
        "is_ambient": false,
        "show_particles": true,
        "show_icon": true
      }
    }
  },
  "cooldown": 10,
  "hud_render": { "should_render": false }
}
