{
  "type": "origins:active_self",
  "key": {
    "key": "key.origins.primary_active"
  },
  "entity_action": {
    "type": "origins:and",
    "actions": [
      {
        "type": "origins:execute_command",
        "command": "effect give @p feathers:endurance 60",
        "permission_level": 4
      },
      {
        "type": "origins:execute_command",
        "command": "effect give @p feathers:energized 60",
        "permission_level": 4
      }
    ]
  },
  "cooldown": 4000,
  "hud_render": {
    "should_render": true,
    "sprite_location": "origins:textures/gui/community/spiderkolo/resource_bar_02.png",
    "bar_index": 15
  },
  "name": "Energy Burst",
  "description": "Select to gain a burst of energy"
}