{
  "display": {
    "icon": {
      "item": "dungeonnowloading:dnl_logo"
    },
    "title": {
      "translate": "advancements.dungeonnowloading.root.title"
    },
    "description": {
      "translate": "advancements.dungeonnowloading.root.description"
    },
    "background": "minecraft:textures/block/mossy_cobblestone.png",
    "show_toast": false,
    "announce_to_chat": false,
    "hidden": false
  },
  "criteria": {
    "obtain_crafting_table": {
      "trigger": "minecraft:inventory_changed",
      "conditions": {
        "items": [
          {
            "items": [
              "minecraft:crafting_table"
            ]
          }
        ]
      }
    }
  },
  "requirements": [
    [
      "obtain_crafting_table"
    ]
  ]
}