{
    "powers":[
        "mystbound-origins:banshee-origin/whirlwind-shriek",
        "mystbound-origins:banshee-origin/wailing",
        "mystbound-origins:banshee-origin/raw-carnivore",
        "mystbound-origins:banshee-origin/immaterial",
        "mystbound-origins:extras/a-monster",
        "mystbound-origins:gorgon-origin/silverweapon",
        "mystbound-origins:banshee-origin/ephemeral-attune",
        "mystbound-origins:extras/man-eater",
        "mystbound-origins:diets/raw-carnivore"
    ],
    "icon":"minecraft:ender_eye",
        "loading_priority":1,
        "impact":3,
        "name":"Banshee",
        "description": "You are a banshee"
}