{
    "powers":[
        "mystbound-origins:carnivore-origin/energy-burst",
        "mystbound-origins:extras/predator-smell",
        "mystbound-origins:extras/cold_immune",
        "mystbound-origins:diets/carnivore",
        "mystbound-origins:carnivore-origin/thick-fur",
        "mystbound-origins:carnivore-origin/coldbound",
        "mystbound-origins:carnivore-origin/soft_step",
        "mystbound-origins:carnivore-origin/bleeding_strike",
        "mystbound-origins:carnivore-origin/swift_sneak",
        "mystbound-origins:carnivore-origin/backstab"
    ],
    "icon":"minecraft:beef",
        "loading_priority":1,
        "impact":2,
        "name":"Carnivore Beastfolk",
        "description": "You are a carnivorous beastfolk"
}