{
    "powers": [
	  "mystbound-origins:harpy-origin/glide",
	  "mystbound-origins:harpy-origin/exhaustflying",
      "origins:lay_eggs",
	  "mystbound-origins:diets/carnivore",
      "mystbound-origins:harpy-origin/nochestplateforyou",
      "origins:claustrophobia",
      "origins:more_kinetic_damage",
	  "mystbound-origins:harpy-origin/fallfromsky",
      "mystbound-origin:harpy-origin/magics"
    ],
	"icon": "minecraft:feather",
    "impact": 2,
	"name": "Harpy",
	"description": "Desendants of the great hawks of the past. They fly around on the winds with ease."
}