{
    "powers":[
        "mystbound-origins:hobbit-origin/big-feet",
        "mystbound-origins:hobbit-origin/burglar",
        "mystbound-origins:hobbit-origin/green-thumb",
        "mystbound-origins:hobbit-origin/hungry-hobbit",
        "mystbound-origins:hobbit-origin/light",
        "mystbound-origins:hobbit-origin/small",
        "mystbound-origins:hobbit-origin/speedy"
    ],
    "icon":"minecraft:fern",
        "loading_priority":1,
        "impact":1,
        "name":"Hobbit",
        "description": "You are a hobbitses"
}