{
    "powers":[
        "mystbound-origins:extras/a-monster",
        "mystbound-origins:gorgon-origin/silverweapon",
        "mystbound-origins:kitsune-origin/fey-fire",
        "mystbound-origins:kitsune-origin/cha-trickster",
        "mystbound-origins:kitsune-origin/natural-prey",
        "mystbound-origins:summoned-origin/magic-user",
        "mystbound-origins:kitsune-origin/fox-life",
        "mystbound-origins:extras/natural-prey",
        "mystbound-origins:kitsune-origin/thick-fur"


    ],
    "icon":"butcher:snowyfoxhead",
        "loading_priority":1,
        "impact":2,
        "name":"Kitsune",
        "description": "You are a Kitsune"
}