{
	"powers": [
		"mystbound-origins:pixie-origin/flight",
		"mystbound-origins:pixie-origin/wings",
		"mystbound-origins:pixie-origin/pixie_properties",
		"mystbound-origins:pixie-origin/feather_footed",
		"mystbound-origins:pixie-origin/magical",
		"mystbound-origins:pixie-origin/mischief_maketh_man",
		"mystbound-origins:pixie-origin/iron",
		"mystbound-origins:pixie-origin/ironweapon",
        "mystbound-origins:diets/herbivore",
		"mystbound-origins:extras/small_prey",
		"mystbound-origins:extras/sour",
		"mystbound-origins:extras/weak",
		"mystbound-origins:pixie-origin/soggy-wings"
	],
    "icon":"crittersandcompanions:dragonfly_wing",
        "loading_priority":1,
        "impact":2,
        "name":"Pixie",
        "description": "You are a fae pixie"
}