{
	"powers":[
		"mystbound-origins:extras/a-monster",
		"mystbound-origins:diets/raw-carnivore",
		"mystbound-origins:revenant-origin/silverweapon",
		"mystbound-origins:revenant-origin/sinking",
		"mystbound-origins:revenant-origin/smitedamage",
		"mystbound-origins:revenant-origin/trading",
		"mystbound-origins:revenant-origin/undeadinvite",
		"mystbound-origins:revenant-origin/unholy",
		"mystbound-origins:revenant-origin/undeadteam",
		"mystbound-origins:revenant-origin/night-vision", 
		"mystbound-origins:revenant-origin/silver",
		"mystbound-origins:revenant-origin/the-damned",
		"mystbound-origins:revenant-origin/dead-body",
		"mystbound-origins:revenant-origin/undead-constitution",
		"mystbound-origins:banshee-origin/raw-carnivore",
		"mystbound-origins:revenant-origin/burninsun",
		"mystbound-origins:revenant-origin/hat",
		"mystbound-origins:extras/man-eater"
		],
	"icon":"minecraft:zombie_head",
	"loading_priority":1,
	"impact":2,
	"name":"Revenant",
	"description":"An undead that retained their wits and gained an otherworldly resilience"
}