{
	"powers":[
		"mystbound-origins:extras/a-monster",
		"mystbound-origins:siren-origin/amphibious",
		"mystbound-origins:siren-origin/siren_song",
		"mystbound-origins:siren-origin/holy_water",
		"mystbound-origins:siren-origin/out_of_your_depth",
		"mystbound-origins:siren-origin/water_vision",
        "mystbound-origins:siren-origin/pescatarian-maneater",
		"origins:aquatic",
		"origins:like_water",
		"mystbound-origins:siren-origin/tail",
		"mystbound-origins:siren-origin/aquaticbound",
		"mystbound-origins:siren-origin/coldwater-comforts",
		"mystbound-origins:siren-origin/seduce",
		"mystbound-origins:diets/pescatarian-maneater",
		"mystbound-origins:extras/man-eater"
		],
	"icon":"minecraft:echo_shard",
	"loading_priority":1,
	"impact":2,
	"name":"Siren",
	"description":"The alluring muse of the sea and monsterious man eater."
}