{
    "powers":[
        "mystbound-origins:warforged-origin/conductive",
        "mystbound-origins:warforged-origin/construct",
        "mystbound-origins:warforged-origin/heat-resistance",
        "mystbound-origins:warforged-origin/heavy",
        "mystbound-origins:warforged-origin/huge-frame",
        "mystbound-origins:warforged-origin/inorganic",
        "mystbound-origins:warforged-origin/inorganic2",
        "mystbound-origins:warforged-origin/iron-shell",
        "mystbound-origins:warforged-origin/lava-fueled",
        "mystbound-origins:warforged-origin/long-arms",
        "mystbound-origins:warforged-origin/overheated",
        "mystbound-origins:warforged-origin/right-to-repair",
        "mystbound-origins:warforged-origin/rust",
        "mystbound-origins:warforged-origin/strong",
        "mystbound-origins:warforged-origin/villagerdiscountbetter",
        "mystbound-origins:warforged-origin/yeet"
    ],
    "icon":"minecraft:blast_furnace",
        "loading_priority":1,
        "impact":3,
        "name":"Warforged",
        "description": "Congrats you a Iron Golem"
}