{
    "type": "origins:active_self",
	"hidden": true,
    "loading_priority": 10,
    "entity_action": {
        "type": "origins:and",
        "actions": [
            {
                "type": "origins:add_velocity",
                "z": 1,
                "space": "local"
            },
            {
                "type": "origins:execute_command",
                "command": "playsound minecraft:entity.ender_dragon.flap master @s ~ ~ ~ 1 1",
                "permission_level": 4
            },
			{
				"type": "origins:execute_command",
				"command": "particle minecraft:flame ~ ~ ~ 0.5 0 0.5 0.2 20 normal",
				"permission_level": 4
			}
        ]
    },
    "condition": {
		"type": "origins:fall_flying",
		"inverted": false
    },
    "cooldown": 100,
    "hud_render": {
        "should_render": true,
        "bar_index": 23,
        "sprite_location": "origins:textures/gui/community/spiderkolo/resource_bar_03.png"
    },
		"key": {
		"key": "key.origins.primary_active"
	},
    "name":"Powerful flap",
    "description":"You can boost your flight midair to keep you aloft"
}