{
    "type": "origins:multiple",
    "fire_resist": {
        "type": "origins:attribute",
            "modifier": {
                "attribute": "irons_spellbooks:fire_magic_resist",
                "operation": "addition",
                "value": 0.5
            }
    },
    "ice_weak": {
        "type": "origins:attribute",
            "modifier": {
                "attribute": "irons_spellbooks:ice_magic_resist",
                "operation": "addition",
                "value": -0.5
            }
    },
    "name": "Fire Hearted",
    "description": "Fires do no harm to you, but the cold saps your strength. You are resistant to fire magic and weak to cold magic"
}