{
  "type": "origins:action_on_hit",
  "damage_condition": {
		"type": "origins:projectile",
		"inverted": true
	},
  "name": "Fire Rending",
  "description": "Your strikes, mundane and magical will prevent that target from having fire resistance",
  "bientity_action": {
    "type": "origins:target_action",
    "action": {
      "type": "origins:apply_effect",
      "effect": {
        "effect": "netherexp:fire_resistance_immunity",
        "duration": 60,
        "is_ambient": false,
        "show_particles": true,
        "show_icon": true
      }
    }
  },
  "cooldown": 10,
  "hud_render": { "should_render": false }
}
