{
	"name": "Free Fall",
    "description": "Getting hit with a projectile will cause you to fall from the sky! You won't be able to fly again until 30 seconds pass.",
	"type": "origins:multiple",
	
	"removefly": {
		"type": "origins:self_action_when_hit",
		"entity_action": {
			"type": "origins:revoke_power",
			"power": "birdorigins:glide",
			"source": "birdorigins:harpy"
		},
		"hud_render": {
			"sprite_location": "origins:textures/gui/resource_bar.png",
			"bar_index": 3
		},
		"damage_condition": {
			"type": "origins:projectile"
		},
		"cooldown": 600
	},
	
	"getfly": {
			"type": "origins:self_action_when_hit", 
			"damage_condition": {
			"type": "origins:projectile"
		},
		"entity_action": {
			"type": "origins:delay",
			"ticks": 600,
			"action": {
				"type": "origins:grant_power",
				"power": "birdorigins:glide",
				"source": "birdorigins:harpy"
			}
		},
		"cooldown": 600
	}
}