{
    "parent": "lootr:root",
    "display": {
        "icon": {
            "item": "lootr:lootr_barrel"
        },
        "title": {
            "translate": "lootr.advancements.1barrel.title"
        },
        "description": {
            "translate": "lootr.advancements.1barrel.description"
        },
        "frame": "task",
        "show_toast": true,
        "announce_to_chat": false,
        "hidden": false
    },
    "criteria": {
        "opened_barrel": {
            "trigger": "lootr:barrel_opened",
            "conditions": {}
        }
    },
    "requirements": [
        [
            "opened_barrel"
        ]
    ]
}