{
    "parent": "lootr:root",
    "display": {
        "icon": {
            "item": "lootr:lootr_chest"
        },
        "title": {
            "translate": "lootr.advancements.1chest.title"
        },
        "description": {
            "translate": "lootr.advancements.1chest.description"
        },
        "frame": "task",
        "show_toast": true,
        "announce_to_chat": false,
        "hidden": false
    },
    "criteria": {
        "opened_chest": {
            "trigger": "lootr:chest_opened",
            "conditions": {}
        }
    },
    "requirements": [
        [
            "opened_chest"
        ]
    ]
}