{
    "hidden": true,
    "type": "origins:multiple",
    "thaw": {
        "type": "origins:resource",
        "min": 0,
        "max": 19,
        "hud_render": {
            "should_render": false
        },
        "max_action": {
            "type": "origins:revoke_power",
            "power": "mystbound-origins:siren-origin/captivated",
            "source": "mystbound-origins:siren-origin/siren_song_active"
        }
    },
    "failsafe": {
        "type": "origins:action_over_time",
        "condition": {
            "type": "origins:resource",
            "resource": "*:*_thaw",
            "comparison": ">=",
            "compare_to": 19
        },
        "interval": 100,
        "entity_action": {
            "type": "origins:revoke_power",
            "power": "mystbound-origins:siren-origin/captivated",
            "source": "mystbound-origins:siren-origin/siren_song_active"
        }
    },
    "timer": {
        "type": "origins:action_over_time",
        "entity_action": {
            "type": "origins:and",
            "actions": [
                {
                    "type": "origins:change_resource",
                    "resource": "*:*_thaw",
                    "change": 1
                },
                {
                    "type": "origins:execute_command",
                    "command": "particle minecraft:heart ^ ^1 ^ 0.3 0.3 0.3 1 10 force"
                }
            ]
        },
        "interval": 20
    }
}