{
	"hidden": true,
	"type": "origins:action_over_time",
	"condition": {
		"type": "origins:submerged_in",
		"fluid": "minecraft:water"
	},
	"entity_action": {
		"type": "origins:apply_effect",
		"effect": {
			"effect": "minecraft:night_vision",
			"is_ambient": true,
			"show_particles": false,
			"show_icon": false,
			"amplifier": 0,
			"duration": 250
		}
	},
	"falling_action": {
		"type": "origins:if_else",
		"condition": {
			"type": "origins:status_effect",
			"effect": "minecraft:night_vision",
			"max_duration": 250
		},
		"if_action": {
			"type": "origins:clear_effect",
			"effect": "minecraft:night_vision"
		}
	},
	"interval": 20
}