{
	"format_version": "1.12.0",
	"minecraft:geometry": [
		{
			"description": {
				"identifier": "geometry.unknown",
				"texture_width": 128,
				"texture_height": 128,
				"visible_bounds_width": 4,
				"visible_bounds_height": 3.5,
				"visible_bounds_offset": [0, 1.25, 0]
			},
			"bones": [
				{
					"name": "body",
					"pivot": [0, 0, 0]
				},
				{
					"name": "body_piv",
					"parent": "body",
					"pivot": [0, 11.85982, 0],
					"cubes": [
						{
							"origin": [-3.45983, 8.07751, -2.86786],
							"size": [6.91966, 8.51358, 5.73572],
							"uv": {
								"north": {"uv": [32, 16], "uv_size": [7, 9]},
								"east": {"uv": [28, 43], "uv_size": [6, 9]},
								"south": {"uv": [32, 25], "uv_size": [7, 9]},
								"west": {"uv": [45, 32], "uv_size": [6, 9]},
								"up": {"uv": [51, 32], "uv_size": [7, 6]},
								"down": {"uv": [40, 57], "uv_size": [7, -6]}
							}
						},
						{
							"origin": [-3.58282, 8.4477, 2.44369],
							"size": [7.16564, 8.48278, 7.58082],
							"inflate": 0.05,
							"pivot": [0, 12.79409, 6.2341],
							"rotation": [5, 0, 0],
							"uv": {
								"north": {"uv": [14, 38], "uv_size": [7, 8]},
								"east": {"uv": [24, 10], "uv_size": [8, 8]},
								"south": {"uv": [38, 34], "uv_size": [7, 8]},
								"west": {"uv": [24, 18], "uv_size": [8, 8]},
								"up": {"uv": [39, 16], "uv_size": [7, 8]},
								"down": {"uv": [39, 32], "uv_size": [7, -8]}
							}
						},
						{
							"origin": [-3.58282, 8.4477, -10.0245],
							"size": [7.16564, 8.48278, 7.58081],
							"inflate": 0.05,
							"pivot": [0, 12.79409, -6.2341],
							"rotation": [-5, 0, 0],
							"uv": {
								"north": {"uv": [40, 0], "uv_size": [7, 8]},
								"east": {"uv": [24, 26], "uv_size": [8, 8]},
								"south": {"uv": [40, 8], "uv_size": [7, 8]},
								"west": {"uv": [0, 30], "uv_size": [8, 8]},
								"up": {"uv": [38, 42], "uv_size": [7, 8]},
								"down": {"uv": [21, 51], "uv_size": [7, -8]}
							}
						}
					]
				},
				{
					"name": "wool_body",
					"parent": "body_piv",
					"pivot": [0, 12.79409, -6.2341],
					"cubes": [
						{
							"origin": [-4.00282, 7.9577, -10.3045],
							"size": [8.00564, 9.60278, 8.14081],
							"inflate": 0.05,
							"pivot": [0, 12.79409, -6.2341],
							"rotation": [-5, 0, 0],
							"uv": {
								"north": {"uv": [0, 0], "uv_size": [8, 10]},
								"east": {"uv": [8, 0], "uv_size": [8, 10]},
								"south": {"uv": [0, 10], "uv_size": [8, 10]},
								"west": {"uv": [8, 10], "uv_size": [8, 10]},
								"up": {"uv": [8, 30], "uv_size": [8, 8]},
								"down": {"uv": [16, 38], "uv_size": [8, -8]}
							}
						},
						{
							"origin": [-3.87983, 7.58751, -2.69786],
							"size": [7.75966, 9.56358, 5.39572],
							"uv": {
								"north": {"uv": [16, 0], "uv_size": [8, 10]},
								"east": {"uv": [45, 41], "uv_size": [5, 10]},
								"south": {"uv": [16, 10], "uv_size": [8, 10]},
								"west": {"uv": [14, 46], "uv_size": [5, 10]},
								"up": {"uv": [52, 14], "uv_size": [8, 5]},
								"down": {"uv": [52, 24], "uv_size": [8, -5]}
							}
						},
						{
							"origin": [-4.00282, 7.9577, 2.16369],
							"size": [8.00564, 9.60278, 8.14081],
							"inflate": 0.05,
							"pivot": [0, 12.79409, 6.2341],
							"rotation": [5, 0, 0],
							"uv": {
								"north": {"uv": [0, 20], "uv_size": [8, 10]},
								"east": {"uv": [8, 20], "uv_size": [8, 10]},
								"south": {"uv": [16, 20], "uv_size": [8, 10]},
								"west": {"uv": [24, 0], "uv_size": [8, 10]},
								"up": {"uv": [32, 0], "uv_size": [8, 8]},
								"down": {"uv": [32, 16], "uv_size": [8, -8]}
							}
						}
					]
				},
				{
					"name": "mane",
					"parent": "body_piv",
					"pivot": [0, 10.78426, -7.41375],
					"cubes": [
						{
							"origin": [0, 1.54287, -12.20416],
							"size": [0, 13.48278, 9.58081],
							"inflate": 0.05,
							"uv": {
								"north": {"uv": [95, 0], "uv_size": [7, 8]},
								"east": {"uv": [94, 0], "uv_size": [-8, 8]},
								"south": {"uv": [95, 0], "uv_size": [7, 8]},
								"west": {"uv": [86, 0], "uv_size": [8, 8]},
								"up": {"uv": [38, 42], "uv_size": [7, 8]},
								"down": {"uv": [95, 8], "uv_size": [7, -8]}
							}
						}
					]
				},
				{
					"name": "neck",
					"parent": "body_piv",
					"pivot": [0, 14.003, -9.08039],
					"rotation": [12.5, 0, 0],
					"cubes": [
						{
							"origin": [-1.73299, 15.73388, -15.9397],
							"size": [3.46598, 4.29474, 8.19385],
							"inflate": -0.01,
							"pivot": [0, 17.39767, -16.78465],
							"rotation": [-20, 0, 0],
							"uv": {
								"north": {"uv": [12, 65], "uv_size": [3, 4]},
								"east": {"uv": [55, 6], "uv_size": [8, 4]},
								"south": {"uv": [65, 27], "uv_size": [3, 4]},
								"west": {"uv": [55, 10], "uv_size": [8, 4]},
								"up": {"uv": [16, 56], "uv_size": [3, 8]},
								"down": {"uv": [37, 66], "uv_size": [3, -8]}
							}
						},
						{
							"origin": [-1.73607, 13.23731, -16.56876],
							"size": [3.47214, 3.61054, 8.29984],
							"inflate": -0.02,
							"pivot": [0, 14.07384, -13.74161],
							"rotation": [-40, 0, 0],
							"uv": {
								"north": {"uv": [33, 65], "uv_size": [3, 4]},
								"east": {"uv": [56, 56], "uv_size": [8, 4]},
								"south": {"uv": [56, 65], "uv_size": [3, 4]},
								"west": {"uv": [25, 57], "uv_size": [8, 4]},
								"up": {"uv": [4, 59], "uv_size": [3, 8]},
								"down": {"uv": [7, 67], "uv_size": [3, -8]}
							}
						}
					]
				},
				{
					"name": "wool_neck",
					"parent": "neck",
					"pivot": [0, 17.39767, -16.78465],
					"cubes": [
						{
							"origin": [-2.78299, 14.68388, -15.9397],
							"size": [5.56598, 5.76474, 8.19385],
							"inflate": -0.01,
							"pivot": [0, 17.39767, -16.78465],
							"rotation": [-20, 0, 0],
							"uv": {
								"north": {"uv": [53, 0], "uv_size": [6, 6]},
								"east": {"uv": [6, 47], "uv_size": [8, 6]},
								"south": {"uv": [6, 53], "uv_size": [6, 6]},
								"west": {"uv": [47, 8], "uv_size": [8, 6]},
								"up": {"uv": [34, 50], "uv_size": [6, 8]},
								"down": {"uv": [50, 49], "uv_size": [6, -8]}
							}
						},
						{
							"origin": [-2.78607, 12.39731, -16.48126],
							"size": [5.57214, 5.01054, 8.21234],
							"inflate": -0.02,
							"pivot": [0, 14.07384, -13.74161],
							"rotation": [-40, 0, 0],
							"uv": {
								"north": {"uv": [40, 57], "uv_size": [6, 5]},
								"east": {"uv": [52, 24], "uv_size": [8, 5]},
								"south": {"uv": [46, 57], "uv_size": [6, 5]},
								"west": {"uv": [25, 52], "uv_size": [8, 5]},
								"up": {"uv": [50, 49], "uv_size": [6, 8]},
								"down": {"uv": [19, 59], "uv_size": [6, -8]}
							}
						}
					]
				},
				{
					"name": "head",
					"parent": "neck",
					"pivot": [0, 18.08916, -14.80303],
					"rotation": [22.5, 0, 0],
					"cubes": [
						{
							"origin": [-2.07757, 17.88582, -19.4054],
							"size": [4.15514, 1.72598, 4.84467],
							"uv": {
								"north": {"uv": [60, 54], "uv_size": [4, 2]},
								"east": {"uv": [47, 14], "uv_size": [5, 2]},
								"south": {"uv": [68, 47], "uv_size": [4, 2]},
								"west": {"uv": [68, 26], "uv_size": [5, 2]},
								"up": {"uv": [59, 0], "uv_size": [4, 5]},
								"down": {"uv": [60, 27], "uv_size": [4, -5]}
							}
						},
						{
							"origin": [-2.07757, 16.00997, -19.4054],
							"size": [4.15514, 1.87585, 2.28767],
							"uv": {
								"north": {"uv": [48, 68], "uv_size": [4, 2]},
								"east": {"uv": [33, 71], "uv_size": [2, 2]},
								"south": {"uv": [68, 49], "uv_size": [4, 2]},
								"west": {"uv": [45, 71], "uv_size": [2, 2]},
								"up": {"uv": [68, 51], "uv_size": [4, 2]},
								"down": {"uv": [68, 55], "uv_size": [4, -2]}
							}
						},
						{
							"origin": [-2.24441, 15.60681, -18.01761],
							"size": [4.48882, 2.43815, 3.37479],
							"pivot": [0, 16.53929, -15.82947],
							"rotation": [-7.5, 0, 0],
							"uv": {
								"north": {"uv": [68, 55], "uv_size": [4, 2]},
								"east": {"uv": [68, 59], "uv_size": [3, 2]},
								"south": {"uv": [68, 57], "uv_size": [4, 2]},
								"west": {"uv": [68, 61], "uv_size": [3, 2]},
								"up": {"uv": [51, 38], "uv_size": [4, 3]},
								"down": {"uv": [52, 32], "uv_size": [4, -3]}
							}
						}
					]
				},
				{
					"name": "horns",
					"parent": "head",
					"pivot": [0, 18.08916, -14.80303]
				},
				{
					"name": "gulf_coast_horns",
					"parent": "horns",
					"pivot": [0, -8.27486, -6.66823],
					"cubes": [
						{
							"origin": [1.4263, 18.95593, -15.10197],
							"size": [2.1, 2.1, 1.69467],
							"pivot": [3.69163, 18.75598, -15.52006],
							"rotation": [47.10179, 2.74822, -41.72338],
							"uv": {
								"north": {"uv": [72, 72], "uv_size": [2, 2]},
								"east": {"uv": [0, 73], "uv_size": [2, 2]},
								"south": {"uv": [2, 73], "uv_size": [2, 2]},
								"west": {"uv": [73, 12], "uv_size": [2, 2]},
								"up": {"uv": [73, 14], "uv_size": [2, 2]},
								"down": {"uv": [73, 18], "uv_size": [2, -2]}
							}
						},
						{
							"origin": [2.1263, 17.55593, -16.85197],
							"size": [1.4, 1.4, 3.44467],
							"pivot": [3.69163, 18.75598, -15.52006],
							"rotation": [47.10179, 2.74822, -41.72338],
							"uv": {
								"north": {"uv": [74, 56], "uv_size": [1, 1]},
								"east": {"uv": [25, 51], "uv_size": [3, 1]},
								"south": {"uv": [57, 74], "uv_size": [1, 1]},
								"west": {"uv": [74, 11], "uv_size": [3, 1]},
								"up": {"uv": [55, 38], "uv_size": [1, 3]},
								"down": {"uv": [62, 36], "uv_size": [1, -3]}
							}
						},
						{
							"origin": [-3.5263, 18.95593, -15.10197],
							"size": [2.1, 2.1, 1.69467],
							"pivot": [-3.69163, 18.75598, -15.52006],
							"rotation": [47.10179, -2.74822, 41.72338],
							"uv": {
								"north": {"uv": [73, 18], "uv_size": [2, 2]},
								"east": {"uv": [73, 20], "uv_size": [2, 2]},
								"south": {"uv": [73, 22], "uv_size": [2, 2]},
								"west": {"uv": [73, 24], "uv_size": [2, 2]},
								"up": {"uv": [73, 26], "uv_size": [2, 2]},
								"down": {"uv": [31, 75], "uv_size": [2, -2]}
							}
						},
						{
							"origin": [-3.5263, 17.55593, -16.85197],
							"size": [1.4, 1.4, 3.44467],
							"pivot": [-3.69163, 18.75598, -15.52006],
							"rotation": [47.10179, -2.74822, 41.72338],
							"uv": {
								"north": {"uv": [58, 74], "uv_size": [1, 1]},
								"east": {"uv": [18, 74], "uv_size": [3, 1]},
								"south": {"uv": [59, 74], "uv_size": [1, 1]},
								"west": {"uv": [21, 74], "uv_size": [3, 1]},
								"up": {"uv": [3, 64], "uv_size": [1, 3]},
								"down": {"uv": [24, 77], "uv_size": [1, -3]}
							}
						}
					]
				},
				{
					"name": "norfolk_horns",
					"parent": "horns",
					"pivot": [0, -8.27486, -6.66823],
					"cubes": [
						{
							"origin": [1.4263, 18.95593, -15.45197],
							"size": [2.8, 2.1, 2.04467],
							"pivot": [3.69163, 18.75598, -15.52006],
							"rotation": [47.10179, 2.74822, -41.72338],
							"uv": {
								"north": {"uv": [33, 69], "uv_size": [3, 2]},
								"east": {"uv": [73, 31], "uv_size": [2, 2]},
								"south": {"uv": [69, 43], "uv_size": [3, 2]},
								"west": {"uv": [33, 73], "uv_size": [2, 2]},
								"up": {"uv": [69, 45], "uv_size": [3, 2]},
								"down": {"uv": [56, 71], "uv_size": [3, -2]}
							}
						},
						{
							"origin": [2.8263, 17.55593, -17.55197],
							"size": [1.4, 1.4, 4.14467],
							"pivot": [3.69163, 18.75598, -15.52006],
							"rotation": [47.10179, 2.74822, -41.72338],
							"uv": {
								"north": {"uv": [60, 74], "uv_size": [1, 1]},
								"east": {"uv": [72, 70], "uv_size": [4, 1]},
								"south": {"uv": [61, 74], "uv_size": [1, 1]},
								"west": {"uv": [73, 35], "uv_size": [4, 1]},
								"up": {"uv": [4, 73], "uv_size": [1, 4]},
								"down": {"uv": [73, 43], "uv_size": [1, -4]}
							}
						},
						{
							"origin": [2.8263, 18.95593, -17.55197],
							"size": [1.4, 2.1, 1.34467],
							"pivot": [3.69163, 18.75598, -15.52006],
							"rotation": [47.10179, 2.74822, -41.72338],
							"uv": {
								"north": {"uv": [37, 74], "uv_size": [1, 2]},
								"east": {"uv": [74, 37], "uv_size": [1, 2]},
								"south": {"uv": [38, 74], "uv_size": [1, 2]},
								"west": {"uv": [39, 74], "uv_size": [1, 2]},
								"up": {"uv": [64, 74], "uv_size": [1, 1]},
								"down": {"uv": [65, 75], "uv_size": [1, -1]}
							}
						},
						{
							"origin": [4.2263, 19.65593, -17.55197],
							"size": [1.4, 1.4, 1.34467],
							"pivot": [3.69163, 18.75598, -15.52006],
							"rotation": [47.10179, 2.74822, -41.72338],
							"uv": {
								"north": {"uv": [74, 65], "uv_size": [1, 1]},
								"east": {"uv": [66, 74], "uv_size": [1, 1]},
								"south": {"uv": [74, 66], "uv_size": [1, 1]},
								"west": {"uv": [67, 74], "uv_size": [1, 1]},
								"up": {"uv": [74, 67], "uv_size": [1, 1]},
								"down": {"uv": [68, 75], "uv_size": [1, -1]}
							}
						},
						{
							"origin": [-4.2263, 18.95593, -17.55197],
							"size": [1.4, 2.1, 1.34467],
							"pivot": [-3.69163, 18.75598, -15.52006],
							"rotation": [47.10179, -2.74822, 41.72338],
							"uv": {
								"north": {"uv": [38, 74], "uv_size": [-1, 2]},
								"east": {"uv": [40, 74], "uv_size": [-1, 2]},
								"south": {"uv": [39, 74], "uv_size": [-1, 2]},
								"west": {"uv": [75, 37], "uv_size": [-1, 2]},
								"up": {"uv": [65, 74], "uv_size": [-1, 1]},
								"down": {"uv": [66, 75], "uv_size": [-1, -1]}
							}
						},
						{
							"origin": [-5.6263, 19.65593, -17.55197],
							"size": [1.4, 1.4, 1.34467],
							"pivot": [-3.69163, 18.75598, -15.52006],
							"rotation": [47.10179, -2.74822, 41.72338],
							"uv": {
								"north": {"uv": [75, 65], "uv_size": [-1, 1]},
								"east": {"uv": [68, 74], "uv_size": [-1, 1]},
								"south": {"uv": [75, 66], "uv_size": [-1, 1]},
								"west": {"uv": [67, 74], "uv_size": [-1, 1]},
								"up": {"uv": [75, 67], "uv_size": [-1, 1]},
								"down": {"uv": [69, 75], "uv_size": [-1, -1]}
							}
						},
						{
							"origin": [-4.2263, 17.55593, -17.55197],
							"size": [1.4, 1.4, 4.14467],
							"pivot": [-3.69163, 18.75598, -15.52006],
							"rotation": [47.10179, -2.74822, 41.72338],
							"uv": {
								"north": {"uv": [61, 74], "uv_size": [-1, 1]},
								"east": {"uv": [77, 35], "uv_size": [-4, 1]},
								"south": {"uv": [62, 74], "uv_size": [-1, 1]},
								"west": {"uv": [76, 70], "uv_size": [-4, 1]},
								"up": {"uv": [5, 73], "uv_size": [-1, 4]},
								"down": {"uv": [74, 43], "uv_size": [-1, -4]}
							}
						},
						{
							"origin": [-4.2263, 18.95593, -15.45197],
							"size": [2.8, 2.1, 2.04467],
							"pivot": [-3.69163, 18.75598, -15.52006],
							"rotation": [47.10179, -2.74822, 41.72338],
							"uv": {
								"north": {"uv": [36, 69], "uv_size": [-3, 2]},
								"east": {"uv": [35, 73], "uv_size": [-2, 2]},
								"south": {"uv": [72, 43], "uv_size": [-3, 2]},
								"west": {"uv": [75, 31], "uv_size": [-2, 2]},
								"up": {"uv": [72, 45], "uv_size": [-3, 2]},
								"down": {"uv": [59, 71], "uv_size": [-3, -2]}
							}
						}
					]
				},
				{
					"name": "dorset_horns",
					"parent": "horns",
					"pivot": [0, -8.27486, -6.66823],
					"cubes": [
						{
							"origin": [1.4263, 18.95593, -15.45197],
							"size": [2.8, 2.1, 2.04467],
							"pivot": [3.69163, 18.75598, -15.52006],
							"rotation": [47.10179, 2.74822, -41.72338],
							"uv": {
								"north": {"uv": [68, 63], "uv_size": [3, 2]},
								"east": {"uv": [72, 55], "uv_size": [2, 2]},
								"south": {"uv": [0, 69], "uv_size": [3, 2]},
								"west": {"uv": [56, 72], "uv_size": [2, 2]},
								"up": {"uv": [12, 69], "uv_size": [3, 2]},
								"down": {"uv": [15, 71], "uv_size": [3, -2]}
							}
						},
						{
							"origin": [2.8263, 17.55593, -17.55197],
							"size": [1.4, 1.4, 4.14467],
							"pivot": [3.69163, 18.75598, -15.52006],
							"rotation": [47.10179, 2.74822, -41.72338],
							"uv": {
								"north": {"uv": [63, 43], "uv_size": [1, 1]},
								"east": {"uv": [59, 5], "uv_size": [4, 1]},
								"south": {"uv": [36, 65], "uv_size": [1, 1]},
								"west": {"uv": [72, 57], "uv_size": [4, 1]},
								"up": {"uv": [15, 65], "uv_size": [1, 4]},
								"down": {"uv": [29, 76], "uv_size": [1, -4]}
							}
						},
						{
							"origin": [4.2263, 17.55593, -17.55197],
							"size": [1.4, 1.4, 1.34467],
							"pivot": [3.69163, 18.75598, -15.52006],
							"rotation": [47.10179, 2.74822, -41.72338],
							"uv": {
								"north": {"uv": [67, 26], "uv_size": [1, 1]},
								"east": {"uv": [5, 71], "uv_size": [1, 1]},
								"south": {"uv": [35, 71], "uv_size": [1, 1]},
								"west": {"uv": [47, 71], "uv_size": [1, 1]},
								"up": {"uv": [49, 74], "uv_size": [1, 1]},
								"down": {"uv": [74, 50], "uv_size": [1, -1]}
							}
						},
						{
							"origin": [-4.2263, 18.95593, -15.45197],
							"size": [2.8, 2.1, 2.04467],
							"pivot": [-3.69163, 18.75598, -15.52006],
							"rotation": [47.10179, -2.74822, 41.72338],
							"uv": {
								"north": {"uv": [18, 69], "uv_size": [3, 2]},
								"east": {"uv": [72, 67], "uv_size": [2, 2]},
								"south": {"uv": [21, 69], "uv_size": [3, 2]},
								"west": {"uv": [68, 72], "uv_size": [2, 2]},
								"up": {"uv": [24, 69], "uv_size": [3, 2]},
								"down": {"uv": [27, 71], "uv_size": [3, -2]}
							}
						},
						{
							"origin": [-4.2263, 17.55593, -17.55197],
							"size": [1.4, 1.4, 4.14467],
							"pivot": [-3.69163, 18.75598, -15.52006],
							"rotation": [47.10179, -2.74822, 41.72338],
							"uv": {
								"north": {"uv": [74, 52], "uv_size": [1, 1]},
								"east": {"uv": [72, 58], "uv_size": [4, 1]},
								"south": {"uv": [53, 74], "uv_size": [1, 1]},
								"west": {"uv": [72, 69], "uv_size": [4, 1]},
								"up": {"uv": [70, 72], "uv_size": [1, 4]},
								"down": {"uv": [71, 76], "uv_size": [1, -4]}
							}
						},
						{
							"origin": [-5.6263, 17.55593, -17.55197],
							"size": [1.4, 1.4, 1.34467],
							"pivot": [-3.69163, 18.75598, -15.52006],
							"rotation": [47.10179, -2.74822, 41.72338],
							"uv": {
								"north": {"uv": [74, 53], "uv_size": [1, 1]},
								"east": {"uv": [54, 74], "uv_size": [1, 1]},
								"south": {"uv": [74, 54], "uv_size": [1, 1]},
								"west": {"uv": [55, 74], "uv_size": [1, 1]},
								"up": {"uv": [74, 55], "uv_size": [1, 1]},
								"down": {"uv": [56, 75], "uv_size": [1, -1]}
							}
						}
					]
				},
				{
					"name": "jacob_horns",
					"parent": "horns",
					"pivot": [0, -8.27486, -6.66823],
					"cubes": [
						{
							"origin": [-4.2263, 16.85593, -19.16197],
							"size": [1.4, 2.1, 1.34467],
							"pivot": [-3.69163, 16.65598, -15.73006],
							"rotation": [47.10179, -2.74822, 41.72338],
							"uv": {
								"north": {"uv": [74, 45], "uv_size": [1, 2]},
								"east": {"uv": [47, 74], "uv_size": [1, 2]},
								"south": {"uv": [74, 47], "uv_size": [1, 2]},
								"west": {"uv": [48, 74], "uv_size": [1, 2]},
								"up": {"uv": [75, 5], "uv_size": [1, 1]},
								"down": {"uv": [75, 7], "uv_size": [1, -1]}
							}
						},
						{
							"origin": [-4.2263, 15.45593, -19.16197],
							"size": [1.4, 1.4, 5.54467],
							"pivot": [-3.69163, 16.65598, -15.73006],
							"rotation": [47.10179, -2.74822, 41.72338],
							"uv": {
								"north": {"uv": [75, 3], "uv_size": [1, 1]},
								"east": {"uv": [12, 71], "uv_size": [6, 1]},
								"south": {"uv": [75, 4], "uv_size": [1, 1]},
								"west": {"uv": [18, 71], "uv_size": [6, 1]},
								"up": {"uv": [30, 69], "uv_size": [1, 6]},
								"down": {"uv": [51, 76], "uv_size": [1, -6]}
							}
						},
						{
							"origin": [-4.2263, 16.85593, -15.66197],
							"size": [2.8, 2.1, 2.04467],
							"pivot": [-3.69163, 16.65598, -15.73006],
							"rotation": [47.10179, -2.74822, 41.72338],
							"uv": {
								"north": {"uv": [70, 35], "uv_size": [3, 2]},
								"east": {"uv": [8, 74], "uv_size": [2, 2]},
								"south": {"uv": [36, 70], "uv_size": [3, 2]},
								"west": {"uv": [74, 9], "uv_size": [2, 2]},
								"up": {"uv": [48, 70], "uv_size": [3, 2]},
								"down": {"uv": [0, 73], "uv_size": [3, -2]}
							}
						},
						{
							"origin": [1.4263, 16.85593, -15.66197],
							"size": [2.8, 2.1, 2.04467],
							"pivot": [3.69163, 16.65598, -15.73006],
							"rotation": [47.10179, 2.74822, -41.72338],
							"uv": {
								"north": {"uv": [70, 12], "uv_size": [3, 2]},
								"east": {"uv": [6, 74], "uv_size": [2, 2]},
								"south": {"uv": [70, 14], "uv_size": [3, 2]},
								"west": {"uv": [74, 7], "uv_size": [2, 2]},
								"up": {"uv": [70, 16], "uv_size": [3, 2]},
								"down": {"uv": [70, 33], "uv_size": [3, -2]}
							}
						},
						{
							"origin": [2.8263, 15.45593, -19.16197],
							"size": [1.4, 1.4, 5.54467],
							"pivot": [3.69163, 16.65598, -15.73006],
							"rotation": [47.10179, 2.74822, -41.72338],
							"uv": {
								"north": {"uv": [0, 75], "uv_size": [1, 1]},
								"east": {"uv": [70, 33], "uv_size": [6, 1]},
								"south": {"uv": [1, 75], "uv_size": [1, 1]},
								"west": {"uv": [70, 34], "uv_size": [6, 1]},
								"up": {"uv": [33, 52], "uv_size": [1, 6]},
								"down": {"uv": [63, 71], "uv_size": [1, -6]}
							}
						},
						{
							"origin": [2.8263, 16.85593, -19.16197],
							"size": [1.4, 2.1, 1.34467],
							"pivot": [3.69163, 16.65598, -15.73006],
							"rotation": [47.10179, 2.74822, -41.72338],
							"uv": {
								"north": {"uv": [42, 74], "uv_size": [1, 2]},
								"east": {"uv": [43, 74], "uv_size": [1, 2]},
								"south": {"uv": [74, 43], "uv_size": [1, 2]},
								"west": {"uv": [44, 74], "uv_size": [1, 2]},
								"up": {"uv": [2, 75], "uv_size": [1, 1]},
								"down": {"uv": [3, 76], "uv_size": [1, -1]}
							}
						},
						{
							"origin": [-9.48702, 21.50354, -14.14606],
							"size": [5.6, 1.12, 1.06467],
							"pivot": [-4.41202, 22.06354, -13.61373],
							"rotation": [14.05391, 33.00258, 17.50332],
							"uv": {
								"north": {"uv": [24, 71], "uv_size": [6, 1]},
								"east": {"uv": [75, 12], "uv_size": [1, 1]},
								"south": {"uv": [71, 28], "uv_size": [6, 1]},
								"west": {"uv": [75, 13], "uv_size": [1, 1]},
								"up": {"uv": [71, 29], "uv_size": [6, 1]},
								"down": {"uv": [71, 31], "uv_size": [6, -1]}
							}
						},
						{
							"origin": [-4.58702, 21.01354, -14.49606],
							"size": [5.6, 1.82, 1.76467],
							"pivot": [-4.41202, 21.92354, -13.61373],
							"rotation": [25.98848, 25.16848, 41.71883],
							"uv": {
								"north": {"uv": [68, 4], "uv_size": [6, 2]},
								"east": {"uv": [14, 74], "uv_size": [2, 2]},
								"south": {"uv": [68, 6], "uv_size": [6, 2]},
								"west": {"uv": [16, 74], "uv_size": [2, 2]},
								"up": {"uv": [68, 8], "uv_size": [6, 2]},
								"down": {"uv": [68, 12], "uv_size": [6, -2]}
							}
						},
						{
							"origin": [3.88702, 21.50354, -14.14606],
							"size": [5.6, 1.12, 1.06467],
							"pivot": [4.41202, 22.06354, -13.61373],
							"rotation": [14.05391, -33.00258, -17.50332],
							"uv": {
								"north": {"uv": [30, 71], "uv_size": [-6, 1]},
								"east": {"uv": [76, 13], "uv_size": [-1, 1]},
								"south": {"uv": [77, 28], "uv_size": [-6, 1]},
								"west": {"uv": [76, 12], "uv_size": [-1, 1]},
								"up": {"uv": [77, 29], "uv_size": [-6, 1]},
								"down": {"uv": [77, 31], "uv_size": [-6, -1]}
							}
						},
						{
							"origin": [-1.01298, 21.01354, -14.49606],
							"size": [5.6, 1.82, 1.76467],
							"pivot": [4.41202, 21.92354, -13.61373],
							"rotation": [25.98848, -25.16848, -41.71883],
							"uv": {
								"north": {"uv": [74, 4], "uv_size": [-6, 2]},
								"east": {"uv": [18, 74], "uv_size": [-2, 2]},
								"south": {"uv": [74, 6], "uv_size": [-6, 2]},
								"west": {"uv": [16, 74], "uv_size": [-2, 2]},
								"up": {"uv": [74, 8], "uv_size": [-6, 2]},
								"down": {"uv": [74, 12], "uv_size": [-6, -2]}
							}
						}
					]
				},
				{
					"name": "racka_horns",
					"parent": "horns",
					"pivot": [0, 18.42354, -13.61373],
					"rotation": [-5, 0, 0],
					"cubes": [
						{
							"origin": [-4.58702, 21.01354, -14.49606],
							"size": [5.6, 1.82, 1.76467],
							"pivot": [-4.41202, 21.92354, -13.61373],
							"rotation": [25.98848, 25.16848, 41.71883],
							"uv": {
								"north": {"uv": [67, 20], "uv_size": [6, 2]},
								"east": {"uv": [62, 72], "uv_size": [2, 2]},
								"south": {"uv": [67, 22], "uv_size": [6, 2]},
								"west": {"uv": [64, 72], "uv_size": [2, 2]},
								"up": {"uv": [67, 24], "uv_size": [6, 2]},
								"down": {"uv": [25, 69], "uv_size": [6, -2]}
							}
						},
						{
							"origin": [-1.01298, 21.01354, -14.49606],
							"size": [5.6, 1.82, 1.76467],
							"pivot": [4.41202, 21.92354, -13.61373],
							"rotation": [25.98848, -25.16848, -41.71883],
							"uv": {
								"north": {"uv": [73, 20], "uv_size": [-6, 2]},
								"east": {"uv": [66, 72], "uv_size": [-2, 2]},
								"south": {"uv": [73, 22], "uv_size": [-6, 2]},
								"west": {"uv": [64, 72], "uv_size": [-2, 2]},
								"up": {"uv": [73, 24], "uv_size": [-6, 2]},
								"down": {"uv": [31, 69], "uv_size": [-6, -2]}
							}
						},
						{
							"origin": [-9.48702, 21.36354, -14.14606],
							"size": [4.9, 1.12, 1.06467],
							"pivot": [-4.41202, 21.92354, -13.61373],
							"rotation": [25.98848, 25.16848, 41.71883],
							"uv": {
								"north": {"uv": [71, 63], "uv_size": [5, 1]},
								"east": {"uv": [74, 51], "uv_size": [1, 1]},
								"south": {"uv": [64, 71], "uv_size": [5, 1]},
								"west": {"uv": [52, 74], "uv_size": [1, 1]},
								"up": {"uv": [71, 64], "uv_size": [5, 1]},
								"down": {"uv": [69, 72], "uv_size": [5, -1]}
							}
						},
						{
							"origin": [4.58702, 21.36354, -14.14606],
							"size": [4.9, 1.12, 1.06467],
							"pivot": [4.41202, 21.92354, -13.61373],
							"rotation": [25.98848, -25.16848, -41.71883],
							"uv": {
								"north": {"uv": [40, 50], "uv_size": [5, 1]},
								"east": {"uv": [50, 74], "uv_size": [1, 1]},
								"south": {"uv": [71, 60], "uv_size": [5, 1]},
								"west": {"uv": [74, 50], "uv_size": [1, 1]},
								"up": {"uv": [71, 61], "uv_size": [5, 1]},
								"down": {"uv": [71, 63], "uv_size": [5, -1]}
							}
						}
					]
				},
				{
					"name": "right_ear",
					"parent": "head",
					"pivot": [-1.63809, 18.69137, -15.68455],
					"rotation": [7.5, 0, -82.5],
					"cubes": [
						{
							"origin": [-2.46912, 18.9118, -16.10006],
							"size": [1.66205, 2.49308, 0.83102],
							"uv": {
								"north": {"uv": [72, 65], "uv_size": [2, 2]},
								"east": {"uv": [25, 74], "uv_size": [1, 2]},
								"south": {"uv": [66, 72], "uv_size": [2, 2]},
								"west": {"uv": [26, 74], "uv_size": [1, 2]},
								"up": {"uv": [27, 74], "uv_size": [2, 1]},
								"down": {"uv": [35, 75], "uv_size": [2, -1]}
							}
						}
					]
				},
				{
					"name": "left_ear",
					"parent": "head",
					"pivot": [1.63809, 18.69137, -15.68455],
					"rotation": [7.5, 0, 82.5],
					"cubes": [
						{
							"origin": [0.80706, 18.9118, -16.10006],
							"size": [1.66206, 2.49308, 0.83102],
							"uv": {
								"north": {"uv": [5, 72], "uv_size": [2, 2]},
								"east": {"uv": [65, 31], "uv_size": [1, 2]},
								"south": {"uv": [7, 72], "uv_size": [2, 2]},
								"west": {"uv": [39, 66], "uv_size": [1, 2]},
								"up": {"uv": [12, 55], "uv_size": [2, 1]},
								"down": {"uv": [56, 32], "uv_size": [2, -1]}
							}
						}
					]
				},
				{
					"name": "mouth",
					"parent": "head",
					"pivot": [0, 17.82773, -19.83598],
					"rotation": [-7.5, 0, 0],
					"cubes": [
						{
							"origin": [-1.91775, 15.95195, -22.20522],
							"size": [3.8355, 3.4883, 3.79683],
							"pivot": [0, 17.12523, -20.34538],
							"rotation": [10, 0, 0],
							"uv": {
								"north": {"uv": [66, 12], "uv_size": [4, 3]},
								"east": {"uv": [66, 15], "uv_size": [4, 3]},
								"south": {"uv": [66, 31], "uv_size": [4, 3]},
								"west": {"uv": [66, 34], "uv_size": [4, 3]},
								"up": {"uv": [63, 18], "uv_size": [4, 4]},
								"down": {"uv": [63, 43], "uv_size": [4, -4]}
							}
						}
					]
				},
				{
					"name": "tail",
					"parent": "body_piv",
					"pivot": [0, 16.63572, 9.81701],
					"cubes": [
						{
							"origin": [-1.15853, 12.18549, 9.65942],
							"size": [2.31706, 4.78081, 2.24304],
							"inflate": 0.05,
							"uv": {
								"north": {"uv": [19, 46], "uv_size": [2, 5]},
								"east": {"uv": [6, 67], "uv_size": [2, 5]},
								"south": {"uv": [8, 67], "uv_size": [2, 5]},
								"west": {"uv": [31, 68], "uv_size": [2, 5]},
								"up": {"uv": [9, 72], "uv_size": [2, 2]},
								"down": {"uv": [11, 74], "uv_size": [2, -2]}
							}
						}
					]
				},
				{
					"name": "back_right_leg",
					"parent": "body_piv",
					"pivot": [-2.42188, 13.82324, 5.87367],
					"cubes": [
						{
							"origin": [-3.93871, 8.08059, 3.10889],
							"size": [3.03366, 7.81546, 5.87554],
							"inflate": 0.01,
							"uv": {
								"north": {"uv": [19, 59], "uv_size": [3, 8]},
								"east": {"uv": [46, 16], "uv_size": [6, 8]},
								"south": {"uv": [22, 59], "uv_size": [3, 8]},
								"west": {"uv": [46, 24], "uv_size": [6, 8]},
								"up": {"uv": [47, 51], "uv_size": [3, 6]},
								"down": {"uv": [25, 67], "uv_size": [3, -6]}
							}
						}
					]
				},
				{
					"name": "right_thigh_wool",
					"parent": "back_right_leg",
					"pivot": [0, 11.05537, 14.17725],
					"cubes": [
						{
							"origin": [-4.33871, 7.58059, 2.60889],
							"size": [3.93366, 8.81546, 7.17554],
							"inflate": 0.01,
							"uv": {
								"north": {"uv": [56, 38], "uv_size": [4, 9]},
								"east": {"uv": [0, 38], "uv_size": [7, 9]},
								"south": {"uv": [56, 47], "uv_size": [4, 9]},
								"west": {"uv": [7, 38], "uv_size": [7, 9]},
								"up": {"uv": [58, 29], "uv_size": [4, 7]},
								"down": {"uv": [33, 65], "uv_size": [4, -7]}
							}
						}
					]
				},
				{
					"name": "back_left_calf",
					"parent": "back_right_leg",
					"pivot": [-2.42188, 10.41965, 7.77657],
					"cubes": [
						{
							"origin": [-3.80581, 6.21965, 5.8817],
							"size": [2.76786, 4.84376, 3.80581],
							"uv": {
								"north": {"uv": [16, 64], "uv_size": [3, 5]},
								"east": {"uv": [56, 60], "uv_size": [4, 5]},
								"south": {"uv": [64, 22], "uv_size": [3, 5]},
								"west": {"uv": [60, 60], "uv_size": [4, 5]},
								"up": {"uv": [66, 65], "uv_size": [3, 4]},
								"down": {"uv": [3, 71], "uv_size": [3, -4]}
							}
						},
						{
							"origin": [-3.45983, 0.68393, 7.26564],
							"size": [2.0759, 5.53572, 2.42187],
							"uv": {
								"north": {"uv": [59, 65], "uv_size": [2, 6]},
								"east": {"uv": [61, 65], "uv_size": [2, 6]},
								"south": {"uv": [66, 0], "uv_size": [2, 6]},
								"west": {"uv": [66, 6], "uv_size": [2, 6]},
								"up": {"uv": [53, 6], "uv_size": [2, 2]},
								"down": {"uv": [12, 55], "uv_size": [2, -2]}
							}
						}
					]
				},
				{
					"name": "back_left_hoof",
					"parent": "back_left_calf",
					"pivot": [-2.42188, 1.79911, 7.53439],
					"cubes": [
						{
							"origin": [-3.52595, 0.00308, 6.43836],
							"size": [2.20813, 1.50812, 2.20813],
							"inflate": 0.01,
							"uv": {
								"north": {"uv": [4, 55], "uv_size": [2, 2]},
								"east": {"uv": [56, 29], "uv_size": [2, 2]},
								"south": {"uv": [4, 57], "uv_size": [2, 2]},
								"west": {"uv": [58, 36], "uv_size": [2, 2]},
								"up": {"uv": [60, 27], "uv_size": [2, 2]},
								"down": {"uv": [3, 73], "uv_size": [2, -2]}
							}
						}
					]
				},
				{
					"name": "back_left_leg",
					"parent": "body_piv",
					"pivot": [2.42188, 13.82324, 5.87367],
					"cubes": [
						{
							"origin": [0.90505, 8.08059, 3.10889],
							"size": [3.03366, 7.81546, 5.87554],
							"inflate": 0.01,
							"uv": {
								"north": {"uv": [60, 14], "uv_size": [3, 8]},
								"east": {"uv": [0, 47], "uv_size": [6, 8]},
								"south": {"uv": [60, 36], "uv_size": [3, 8]},
								"west": {"uv": [47, 0], "uv_size": [6, 8]},
								"up": {"uv": [63, 12], "uv_size": [3, 6]},
								"down": {"uv": [63, 39], "uv_size": [3, -6]}
							}
						}
					]
				},
				{
					"name": "left_thigh_wool",
					"parent": "back_left_leg",
					"pivot": [0, 11.05537, 14.17725],
					"cubes": [
						{
							"origin": [0.40505, 7.58059, 2.60889],
							"size": [3.93366, 8.81546, 7.17554],
							"inflate": 0.01,
							"uv": {
								"north": {"uv": [0, 55], "uv_size": [4, 9]},
								"east": {"uv": [24, 34], "uv_size": [7, 9]},
								"south": {"uv": [12, 56], "uv_size": [4, 9]},
								"west": {"uv": [31, 34], "uv_size": [7, 9]},
								"up": {"uv": [34, 43], "uv_size": [4, 7]},
								"down": {"uv": [52, 64], "uv_size": [4, -7]}
							}
						}
					]
				},
				{
					"name": "back_right_calf",
					"parent": "back_left_leg",
					"pivot": [2.42188, 10.41965, 7.77657],
					"cubes": [
						{
							"origin": [1.03795, 6.21965, 5.8817],
							"size": [2.76786, 4.84376, 3.80581],
							"uv": {
								"north": {"uv": [21, 38], "uv_size": [3, 5]},
								"east": {"uv": [60, 44], "uv_size": [4, 5]},
								"south": {"uv": [0, 64], "uv_size": [3, 5]},
								"west": {"uv": [60, 49], "uv_size": [4, 5]},
								"up": {"uv": [36, 66], "uv_size": [3, 4]},
								"down": {"uv": [66, 47], "uv_size": [3, -4]}
							}
						},
						{
							"origin": [1.38393, 0.68393, 7.26564],
							"size": [2.0759, 5.53572, 2.42187],
							"uv": {
								"north": {"uv": [10, 66], "uv_size": [2, 6]},
								"east": {"uv": [66, 47], "uv_size": [2, 6]},
								"south": {"uv": [66, 53], "uv_size": [2, 6]},
								"west": {"uv": [66, 59], "uv_size": [2, 6]},
								"up": {"uv": [47, 72], "uv_size": [2, 2]},
								"down": {"uv": [72, 49], "uv_size": [2, -2]}
							}
						}
					]
				},
				{
					"name": "back_right_hoof",
					"parent": "back_right_calf",
					"pivot": [2.42188, 1.79911, 7.53439],
					"cubes": [
						{
							"origin": [1.31782, 0.00308, 6.43836],
							"size": [2.20812, 1.50812, 2.20813],
							"inflate": 0.01,
							"uv": {
								"north": {"uv": [49, 72], "uv_size": [2, 2]},
								"east": {"uv": [72, 49], "uv_size": [2, 2]},
								"south": {"uv": [72, 51], "uv_size": [2, 2]},
								"west": {"uv": [52, 72], "uv_size": [2, 2]},
								"up": {"uv": [72, 53], "uv_size": [2, 2]},
								"down": {"uv": [54, 74], "uv_size": [2, -2]}
							}
						}
					]
				},
				{
					"name": "front_right_leg",
					"parent": "body",
					"pivot": [-2.07589, 9.67947, -7.43863],
					"cubes": [
						{
							"origin": [-3.45983, 5.52768, -8.99555],
							"size": [2.76787, 5.53573, 3.11385],
							"uv": {
								"north": {"uv": [28, 61], "uv_size": [3, 6]},
								"east": {"uv": [62, 27], "uv_size": [3, 6]},
								"south": {"uv": [40, 62], "uv_size": [3, 6]},
								"west": {"uv": [43, 62], "uv_size": [3, 6]},
								"up": {"uv": [68, 28], "uv_size": [3, 3]},
								"down": {"uv": [39, 71], "uv_size": [3, -3]}
							}
						}
					]
				},
				{
					"name": "front_right_calf",
					"parent": "front_right_leg",
					"pivot": [-2.07589, 6.57367, -7.43863],
					"cubes": [
						{
							"origin": [-3.11384, 0.68393, -8.64956],
							"size": [2.07589, 6.92769, 2.42188],
							"uv": {
								"north": {"uv": [10, 59], "uv_size": [2, 7]},
								"east": {"uv": [31, 61], "uv_size": [2, 7]},
								"south": {"uv": [64, 43], "uv_size": [2, 7]},
								"west": {"uv": [64, 50], "uv_size": [2, 7]},
								"up": {"uv": [13, 72], "uv_size": [2, 2]},
								"down": {"uv": [15, 74], "uv_size": [2, -2]}
							}
						}
					]
				},
				{
					"name": "front_right_hoof",
					"parent": "front_right_calf",
					"pivot": [-2.07589, 1.79911, -7.68081],
					"cubes": [
						{
							"origin": [-3.17996, 0.00308, -9.47684],
							"size": [2.20813, 1.50812, 2.20813],
							"inflate": 0.01,
							"uv": {
								"north": {"uv": [17, 72], "uv_size": [2, 2]},
								"east": {"uv": [19, 72], "uv_size": [2, 2]},
								"south": {"uv": [21, 72], "uv_size": [2, 2]},
								"west": {"uv": [23, 72], "uv_size": [2, 2]},
								"up": {"uv": [25, 72], "uv_size": [2, 2]},
								"down": {"uv": [27, 74], "uv_size": [2, -2]}
							}
						}
					]
				},
				{
					"name": "front_left_leg",
					"parent": "body",
					"pivot": [2.07589, 9.67947, -7.43863],
					"cubes": [
						{
							"origin": [0.69196, 5.52768, -8.99555],
							"size": [2.76787, 5.53573, 3.11385],
							"uv": {
								"north": {"uv": [46, 62], "uv_size": [3, 6]},
								"east": {"uv": [49, 62], "uv_size": [3, 6]},
								"south": {"uv": [63, 0], "uv_size": [3, 6]},
								"west": {"uv": [63, 6], "uv_size": [3, 6]},
								"up": {"uv": [42, 68], "uv_size": [3, 3]},
								"down": {"uv": [45, 71], "uv_size": [3, -3]}
							}
						}
					]
				},
				{
					"name": "front_left_calf",
					"parent": "front_left_leg",
					"pivot": [2.07589, 6.57367, -7.43863],
					"cubes": [
						{
							"origin": [1.03795, 0.68393, -8.64956],
							"size": [2.07589, 6.92769, 2.42188],
							"uv": {
								"north": {"uv": [52, 64], "uv_size": [2, 7]},
								"east": {"uv": [54, 64], "uv_size": [2, 7]},
								"south": {"uv": [64, 57], "uv_size": [2, 7]},
								"west": {"uv": [64, 64], "uv_size": [2, 7]},
								"up": {"uv": [35, 72], "uv_size": [2, 2]},
								"down": {"uv": [37, 74], "uv_size": [2, -2]}
							}
						}
					]
				},
				{
					"name": "front_left_hoof",
					"parent": "front_left_calf",
					"pivot": [2.07589, 1.79911, -7.68081],
					"cubes": [
						{
							"origin": [0.97183, 0.00308, -9.47684],
							"size": [2.20813, 1.50812, 2.20813],
							"inflate": 0.01,
							"uv": {
								"north": {"uv": [72, 37], "uv_size": [2, 2]},
								"east": {"uv": [39, 72], "uv_size": [2, 2]},
								"south": {"uv": [41, 72], "uv_size": [2, 2]},
								"west": {"uv": [43, 72], "uv_size": [2, 2]},
								"up": {"uv": [72, 43], "uv_size": [2, 2]},
								"down": {"uv": [72, 47], "uv_size": [2, -2]}
							}
						}
					]
				}
			]
		}
	]
}