{
    "type": "origins:multiple",
    "no-breath": {
        "type": "origins:action_over_time",
        "entity_action": {
            "type": "origins:gain_air",
            "value": 40
        },
        "interval": 10
    },
    "no-sleep": {
        "type": "origins:prevent_sleep",
        "message": "The undead may not rest."
    },
    "poison-immune": {
        "type": "origins:effect_immunity",
        "effects": [
            "minecraft:poison"
        ]
    },
    "cold_sweat_cold_dampening": {
        "type": "origins:action_on_callback",
        "entity_action_added": {
            "type": "origins:execute_command",
            "command": "attribute @s cold_sweat:cold_dampening base set 0.2",
            "permission_level": 4
        },
        "entity_action_chosen": {
            "type": "origins:execute_command",
            "command": "attribute @s cold_sweat:cold_dampening base set 0.2",
            "permission_level": 4
        },
        "entity_action_removed": {
            "type": "origins:execute_command",
            "command": "attribute @s cold_sweat:cold_dampening base set 0",
            "permission_level": 4
        },
        "entity_action_respawned": {
            "type": "origins:execute_command",
            "command": "attribute @s cold_sweat:cold_dampening base set 0.2",
            "permission_level": 4
        },
        "execute_chosen_when_orb": true
    },
    "name": "Dead Body",
    "description": "You are a corpse. You have no need for air or sleep. Poison does not effect you. You are resistant to cold environments."
}