{
	"type": "origins:multiple",
	"painfulhelm": {
		"type": "origins:stacking_status_effect",
		"min_stacks": -20,
		"max_stacks": 361,
		"duration_per_stack": 10,
		"effects": [
			{
				"effect": "minecraft:weakness",
				"is_ambient": true,
				"show_particles": false,
				"show_icon": true
			},
			{
				"effect": "minecraft:slowness",
				"is_ambient": true,
				"show_particles": false,
				"show_icon": true
			}
		],
		"condition": {
			"type": "origins:equipped_item",
			"equipment_slot": "head",
			"item_condition": {
				"type": "origins:ingredient",
				"ingredient": {
					"item": "minecraft:iron_helmet"
				}
			}
		}
	},
	"painfulchestplate": {
		"type": "origins:stacking_status_effect",
		"min_stacks": -20,
		"max_stacks": 361,
		"duration_per_stack": 10,
		"effects": [
			{
				"effect": "minecraft:weakness",
				"is_ambient": true,
				"show_particles": false,
				"show_icon": true
			},
			{
				"effect": "minecraft:slowness",
				"is_ambient": true,
				"show_particles": false,
				"show_icon": true
			}
		],
		"condition": {
			"type": "origins:equipped_item",
			"equipment_slot": "chest",
			"item_condition": {
				"type": "origins:ingredient",
				"ingredient": {
					"item": "minecraft:iron_chestplate"
				}
			}
		}
	},
	"painfulleggings": {
		"type": "origins:stacking_status_effect",
		"min_stacks": -20,
		"max_stacks": 361,
		"duration_per_stack": 10,
		"effects": [
			{
				"effect": "minecraft:weakness",
				"is_ambient": true,
				"show_particles": false,
				"show_icon": true
			},
			{
				"effect": "minecraft:slowness",
				"is_ambient": true,
				"show_particles": false,
				"show_icon": true
			}
		],
		"condition": {
			"type": "origins:equipped_item",
			"equipment_slot": "legs",
			"item_condition": {
				"type": "origins:ingredient",
				"ingredient": {
					"item": "minecraft:iron_leggings"
				}
			}
		}
	},
	"painfulboots": {
		"type": "origins:stacking_status_effect",
		"min_stacks": -20,
		"max_stacks": 361,
		"duration_per_stack": 10,
		"effects": [
			{
				"effect": "minecraft:weakness",
				"is_ambient": true,
				"show_particles": false,
				"show_icon": true
			},
			{
				"effect": "minecraft:slowness",
				"is_ambient": true,
				"show_particles": false,
				"show_icon": true
			}
		],
		"condition": {
			"type": "origins:equipped_item",
			"equipment_slot": "feet",
			"item_condition": {
				"type": "origins:ingredient",
				"ingredient": {
					"item": "minecraft:iron_boots"
				}
			}
		}
	},
	"name": "Silver",
	"description": "Anything similar to silver burns to touch.",
	"hidden": true
}