{
    "replace": false,
    "values": [
      "minecraft:stone_axe",
      "minecraft:iron_axe",
      "minecraft:golden_axe",
      "minecraft:diamond_axe",
      "minecraft:netherite_axe",
      "minecraft:wooden_axe",
      {
        "required": false,
        "id": "alloyed:steel_axe"
    },
{
        "required": false,
        "id": "hexerei:warhammer"
    },
{
        "required": false,
        "id": "naturesaura:sky_axe"
    },
{
        "required": false,
        "id": "naturesaura:infused_iron_axe"
    },
{
        "required": false,
        "id": "undergarden:forgotten_axe"
    },
{
        "required": false,
        "id": "undergarden:forgotten_battleaxe"
    },
{
        "required": false,
        "id": "undergarden:utherium_axe"
    },
{
        "required": false,
        "id": "undergarden:froststeel_axe"
    },
{
        "required": false,
        "id": "undergarden:cloggrum_axe"
    },
{
        "required": false,
        "id": "undergarden:cloggrum_battleaxe"
    }
    ]
  }