{
  "replace": false,
  "values": [
    "minecraft:honeycomb",
    "minecraft:enchanted_golden_apple",
    "minecraft:golden_apple",
    "minecraft:bone",
    "minecraft:phantom_membrane",
    "minecraft:coal",
    "minecraft:charcoal",
    "minecraft:lava_bucket",
    {
      "required": false,
      "id": "farmersdelight:milk_bottle"
    },
    {
      "required": false,
      "id": "farmersdelight:hot_cocoa"
    },
    {
      "required": false,
      "id": "farmersdelight:apple_cider"
    },
    {
      "required": false,
      "id": "farmersdelight:melon_juice"
    },
    {
      "required": false,
      "id": "farmersdelight:chocolate_pie"
    },
    {
      "required": false,
      "id": "alexsmobs:rainbow_jelly"
    },
    {
      "required": false,
      "id": "occultism:datura"
    },
    { "id": "quarkdelight:cloud_latte", "required": false },
    { "id": "endersdelight:crawling_sandwich", "required": false },
    { "id": "endersdelight:endermite_stew_wood", "required": false },
    { "id": "endersdelight:endermite_stew", "required": false },
    { "id": "endersdelight:pearl_pasta_wood", "required": false },
    { "id": "endersdelight:pearl_pasta", "required": false },
    { "id": "endersdelight:ender_paella_wood", "required": false },
    { "id": "endersdelight:ender_paella", "required": false },
    { "id": "endersdelight:stuffed_shulker_bowl", "required": false },
    { "id": "quarkdelight:cavern_explorer_stew", "required": false },
    { "id": "quarkdelight:miso_with_bamboo_sprouts", "required": false },
    { "id": "quarkdelight:bucket_of_sweet_gelatine", "required": false },
    { "id": "aquaculturedelight:halaszle", "required": false },
    { "id": "arsnouveaudelight:source_berry_sandwich", "required": false },
    { "id": "netherexp:glowcheese", "required": false },
    { "id": "mofus_better_end_:meteor_crab_butter", "required": false },
    { "id": "mofus_better_end_:blue_cheese", "required": false },
    { "id": "dragnlivestock:cheese", "required": false },
    { "id": "dragnlivestock:sheep_cheese", "required": false },
    { "id": "dragnlivestock:llama_cheese", "required": false },
    { "id": "dragnlivestock:goat_cheese", "required": false },
    { "id": "vinery:aegis_wine", "required": false },
    { "id": "vinery:apple_cider", "required": false },
    { "id": "vinery:apple_juice", "required": false },
    { "id": "vinery:apple_wine", "required": false },
    { "id": "vinery:bolvar_wine", "required": false },
    { "id": "vinery:bottle_mojang_noir", "required": false },
    { "id": "vinery:chenet_wine", "required": false },
    { "id": "vinery:cherry_wine", "required": false },
    { "id": "vinery:chorus_wine", "required": false },
    { "id": "vinery:clark_wine", "required": false },
    { "id": "vinery:creepers_crush", "required": false },
    { "id": "vinery:cristel_wine", "required": false },
    { "id": "vinery:eiswein", "required": false },
    { "id": "vinery:jellie_wine", "required": false },
    { "id": "vinery:glowing_wine", "required": false },
    { "id": "vinery:jo_special_mixture", "required": false },
    { "id": "vinery:kelp_cider", "required": false },
    { "id": "vinery:lilitu_wine", "required": false },
    { "id": "vinery:magnetic_wine", "required": false },
    { "id": "vinery:mead", "required": false },
    { "id": "vinery:mellohi_wine", "required": false },
    { "id": "vinery:noir_wine", "required": false },
    { "id": "vinery:red_wine", "required": false },
    { "id": "vinery:solaris_wine", "required": false },
    { "id": "vinery:stal_wine", "required": false },
    { "id": "vinery:strad_wine", "required": false },
    { "id": "vinery:villagers_fright", "required": false },
    { "id": "brewery:beer_barley", "required": false },
    { "id": "brewery:beer_haley", "required": false },
    { "id": "brewery:beer_hops", "required": false },
    { "id": "brewery:beer_wheat", "required": false },
    { "id": "brewery:whiskey_carrasconlabel", "required": false },
    { "id": "brewery:whiskey_cristelwalker", "required": false },
    { "id": "brewery:whiskey_jojannik", "required": false },
    { "id": "brewery:whiskey_lilitusinglemalt", "required": false },
    { "id": "brewery:whiskey_maggoallan", "required": false },
    { "id": "betterbeekeeping:cool_honey_bottle", "required": false },
    { "id": "betterbeekeeping:warm_honey_bottle", "required": false },
    { "id": "betterbeekeeping:spicy_honey_bottle", "required": false },
    { "id": "betterbeekeeping:lively_honey_bottle", "required": false },
    { "id": "betterbeekeeping:bright_honey_bottle", "required": false },
    { "id": "betterbeekeeping:strange_honey_bottle", "required": false },
    { "id": "fruitsdelight:bayberry_soup", "required": false },
    { "id": "fruitsdelight:bellini_cocktail", "required": false },
    { "id": "fruitsdelight:hawberry_tea", "required": false },
    { "id": "fruitsdelight:lychee_cherry_tea", "required": false },
    { "id": "fruitsdelight:mango_tea", "required": false },
    { "id": "fruitsdelight:mangosteen_tea", "required": false },
    { "id": "fruitsdelight:mango_milkshake", "required": false },
    { "id": "caupona:milk", "required": false },
    { "id": "caupona:water", "required": false },
    { "id": "caupona:scalded_milk", "required": false },
    { "id": "caupona:stock", "required": false },
    { "id": "caupona:any_based", "required": false },
    { "id": "caupona:milk_based", "required": false },
    { "id": "caupona:stock_based", "required": false },
    { "id": "caupona:dilute_soup", "required": false },
    { "id": "caupona:custard", "required": false },
    { "id": "caupona:nail_soup", "required": false }
  ]
}