{
  "replace": false,
  "values": [
    { "id": "minecraft:rotten_flesh", "required": false },
    { "id": "minecraft:cod", "required": false },
    { "id": "minecraft:tropical_fish", "required": false },
    { "id": "minecraft:pufferfish", "required": false },
    { "id": "minecraft:salmon", "required": false },
    { "id": "minecraft:beef", "required": false },
    { "id": "minecraft:porkchop", "required": false },
    { "id": "minecraft:mutton", "required": false },
    { "id": "minecraft:chicken", "required": false },
    { "id": "minecraft:rabbit", "required": false },
    { "id": "minecraft:cooked_chicken", "required": false },
    { "id": "minecraft:cooked_rabbit", "required": false },
    { "id": "minecraft:rabbit_stew", "required": false },
    { "id": "minecraft:cooked_porkchop", "required": false },
    { "id": "minecraft:cooked_cod", "required": false },
    { "id": "minecraft:cooked_beef", "required": false },
    { "id": "minecraft:cooked_mutton", "required": false },
    { "id": "minecraft:cooked_salmon", "required": false },
    { "id": "minecraft:spider_eye", "required": false },
    { "id": "endersdelight:uncanny_cookies", "required": false },
    { "id": "endersdelight:strange_eclair", "required": false },
    { "id": "endersdelight:crispy_skewer", "required": false },
    { "id": "butcher:pork_belly", "required": false },
    { "id": "butcher:pork_loin", "required": false },
    { "id": "butcher:pork_shoulder", "required": false },
    { "id": "butcher:ham", "required": false },
    { "id": "butcher:pork_leg", "required": false },
    { "id": "butcher:rump_steak", "required": false },
    { "id": "butcher:rib_steak", "required": false },
    { "id": "butcher:sirloin_steak", "required": false },
    { "id": "butcher:chuck_steak", "required": false },
    { "id": "butcher:tbonesteak", "required": false },
    { "id": "butcher:cookedmincebeef", "required": false },
    { "id": "butcher:cooked_lamb_rib", "required": false },
    { "id": "butcher:lamb_sirloin", "required": false },
    { "id": "butcher:lamb_shoulder", "required": false },
    { "id": "butcher:leg_of_lamb", "required": false },
    { "id": "butcher:lamb_loin", "required": false },
    { "id": "butcher:cookedmincedlamb", "required": false },
    { "id": "butcher:cooked_villager_meat", "required": false },
    { "id": "butcher:cookedhoglinmeat", "required": false },
    { "id": "butcher:cookedbatmeat", "required": false },
    { "id": "butcher:foxmeat", "required": false },
    { "id": "butcher:llamameat", "required": false },
    { "id": "butcher:pandameat", "required": false },
    { "id": "butcher:bearmeat", "required": false },
    { "id": "butcher:cooked_dragon_meat", "required": false },
    { "id": "butcher:porkscratchings", "required": false },
    { "id": "butcher:camelmeat", "required": false },
    { "id": "butcher:elder_meat", "required": false },
    { "id": "butcher:witchmeat", "required": false },
    { "id": "butcher:creepermeat", "required": false },
    { "id": "butcher:cookedsausages", "required": false },
    { "id": "butcher:creeperleg", "required": false },
    { "id": "butcher:dolphinmeat", "required": false },
    { "id": "butcher:cookedturtlemeat", "required": false },
    { "id": "butcher:cookedspiderleg", "required": false },
    { "id": "butcher:cookedpillagermeat", "required": false },
    { "id": "butcher:cookedendermanmeat", "required": false },
    { "id": "butcher:cookedhumanmeat", "required": false },
    { "id": "butcher:cookedhorsemeat", "required": false },
    { "id": "butcher:cookedlungs", "required": false },
    { "id": "butcher:cookedheart", "required": false },
    { "id": "butcher:cookedstomach", "required": false },
    { "id": "butcher:cookedkidney", "required": false },
    { "id": "butcher:cooked_green_frogs_leg", "required": false },
    { "id": "butcher:cooked_gray_frog_leg", "required": false },
    { "id": "butcher:cooked_orange_frog_leg", "required": false },
    { "id": "butcher:cookedliver", "required": false },
    { "id": "butcher:cookedintestines", "required": false },
    { "id": "netherexp:cooked_hogham", "required": false },
    { "id": "mofus_better_end_:cooked_meteor_crab_meat", "required": false },
    { "id": "mofus_better_end_:sunnysideup_axe_egg", "required": false },
    { "id": "butcher:cookedwolfmeat", "required": false },
    { "id": "fruitsdelight:fig_chicken_stew", "required": false },
    { "id": "fruitsdelight:lychee_chicken", "required": false },
    { "id": "fruitsdelight:orange_chicken", "required": false },
    { "id": "fruitsdelight:orange_marinated_pork", "required": false },
    { "id": "fruitsdelight:pineapple_marinated_pork", "required": false },
    { "id": "cuisinedelight:fried_egg", "required": false },
    { "id": "cuisinedelight:meat_platter", "required": false },
    { "id": "cuisinedelight:fried_meat_and_melon", "required": false },
    { "id": "cuisinedelight:meat_with_seafood", "required": false },
    { "id": "caupona:cream_of_meat_soup", "required": false },
    { "id": "caupona:meat_soup", "required": false },
    { "id": "caupona:poultry_soup", "required": false },
    { "id": "caupona:sauteed_meat", "required": false },
    { "id": "alexsdelight:cooked_bison", "required": false },
    { "id": "alexsdelight:cooked_bunfungus", "required": false },
    { "id": "alexsdelight:cooked_centipede_leg", "required": false },
    { "id": "alexsdelight:cooked_kangaroo_shank", "required": false },
    { "id": "alexsdelight:cooked_loose_moose_rib", "required": false },
    { "id": "alexsdelight:bison_patty", "required": false },
    { "id": "alexsdelight:cooked_bunfungus_drumstick", "required": false },
    { "id": "alexsdelight:cooked_catfish_slice", "required": false },
    { "id": "alexsdelight:kangaroo_stew", "required": false },
    { "id": "caupona:fricassee", "required": false },
    { "id": "caupona:stracciatella", "required": false },
    { "id": "caupona:egg_drop_soup", "required": false },
    { "id": "caupona:egg_tongsui", "required": false },
    { "id": "caupona:sauteed_beef", "required": false },
    { "id": "caupona:seared_fillet", "required": false },
    { "id": "caupona:seared_poultry", "required": false }
  ]
}