{
  "replace": false,
  "values": [
    { "id": "minecraft:rotten_flesh", "required": false },
    { "id": "minecraft:cod", "required": false },
    { "id": "minecraft:tropical_fish", "required": false },
    { "id": "minecraft:pufferfish", "required": false },
    { "id": "minecraft:salmon", "required": false },
    { "id": "minecraft:beef", "required": false },
    { "id": "minecraft:porkchop", "required": false },
    { "id": "minecraft:mutton", "required": false },
    { "id": "minecraft:chicken", "required": false },
    { "id": "minecraft:rabbit", "required": false },
    { "id": "minecraft:spider_eye", "required": false },
    { "id": "butcher:raw_pork_belly", "required": false },
    { "id": "butcher:raw_pork_loin", "required": false },
    { "id": "butcher:raw_pork_shoulder", "required": false },
    { "id": "butcher:raw_pork_ham", "required": false },
    { "id": "butcher:raw_pork_leg", "required": false },
    { "id": "butcher:raw_rump_steak", "required": false },
    { "id": "butcher:raw_ribeye_steak", "required": false },
    { "id": "butcher:raw_sirloin_steak", "required": false },
    { "id": "butcher:raw_chuck_steak", "required": false },
    { "id": "butcher:raw_tbone_steak", "required": false },
    { "id": "butcher:raw_lamb_sirloin", "required": false },
    { "id": "butcher:raw_lamb_shoulder", "required": false },
    { "id": "butcher:raw_leg_of_lamb", "required": false },
    { "id": "butcher:rawlambloin", "required": false },
    { "id": "butcher:rawfoxmeat", "required": false },
    { "id": "butcher:rawllamameat", "required": false },
    { "id": "butcher:rawpandameat", "required": false },
    { "id": "butcher:rawbearmeat", "required": false },
    { "id": "butcher:rawcamelmeat", "required": false },
    { "id": "butcher:rawdragonmeat", "required": false },
    { "id": "butcher:villager_meat", "required": false },
    { "id": "butcher:batmeat", "required": false },
    { "id": "butcher:frogsleg", "required": false },
    { "id": "butcher:gray_frog_leg", "required": false },
    { "id": "butcher:orange_frog_leg", "required": false },
    { "id": "butcher:lambrib", "required": false },
    { "id": "butcher:hoglinmeat", "required": false },
    { "id": "butcher:turtle_meat", "required": false },
    { "id": "butcher:mincedbeef", "required": false },
    { "id": "butcher:mincedlamb", "required": false },
    { "id": "butcher:rawdolphinmeat", "required": false },
    { "id": "butcher:raweldermeat", "required": false },
    { "id": "endersdelight:mite_crust", "required": false },
    { "id": "endersdelight:shulker_mollusk", "required": false },
    { "id": "endersdelight:shulker_filet", "required": false },
    { "id": "butcher:wolfmeat", "required": false },
    { "id": "butcher:rawwitchmeat", "required": false },
    { "id": "butcher:rawcreepermeat", "required": false },
    { "id": "butcher:sausages", "required": false },
    { "id": "butcher:rawcreeperleg", "required": false },
    { "id": "butcher:spiderleg", "required": false },
    { "id": "butcher:pillagermeat", "required": false },
    { "id": "butcher:endermanmeat", "required": false },
    { "id": "butcher:humanmeat", "required": false },
    { "id": "butcher:horsemeat", "required": false },
    { "id": "butcher:lungs", "required": false },
    { "id": "butcher:frog_heart", "required": false },
    { "id": "butcher:heart", "required": false },
    { "id": "butcher:stomach", "required": false },
    { "id": "butcher:kidney", "required": false },
    { "id": "butcher:frogs_leg", "required": false },
    { "id": "butcher:liver", "required": false },
    { "id": "butcher:intestines", "required": false },
    { "id": "netherexp:hogham", "required": false },
    { "id": "mofus_better_end_:meteor_crab_meat", "required": false },
    { "id": "mofus_better_end_:unfertilized_axe_fish_egg", "required": false },
    { "id": "mofus_better_end_:chorus_tree_eggs", "required": false },
    { "id": "mofus_better_end_:end_manta_chop", "required": false },
    { "id": "mofus_better_end_:enderman_heart", "required": false },
    { "id": "butcher:cavespiderleg", "required": false },
    { "id": "butcher:rawevokermeat", "required": false },
    { "id": "butcher:slime_jelly_chunks", "required": false },
    { "id": "butcher:rawguardianmeat", "required": false },
    { "id": "butcher:witherbonemeal", "required": false },
    { "id": "butcher:silverfishchunks", "required": false },
    { "id": "rpg_better_elder_guardian_1201:raw_elder_meat", "required": false },
    { "id": "butcher:shulkermeat", "required": false },
    { "id": "apotheosis:warden_tendril", "required": false },
    { "id": "born_in_chaos_v1:monster_flesh", "required": false },
    { "id": "born_in_chaos_v1:rotten_fish", "required": false },
    { "id": "born_in_chaos_v1:nightmare_stalker_skull", "required": false },
    { "id": "born_in_chaos_v1:lifestealer_skull", "required": false },
    { "id": "butcher:endermanstomach", "required": false },
    { "id": "butcher:endermanintestines", "required": false },
    { "id": "butcher:endermanliver", "required": false },
    { "id": "butcher:endermanlungs", "required": false },
    { "id": "butcher:endermanheart", "required": false },
    { "id": "butcher:endermankidney", "required": false },
    { "id": "netherexp:wraithing_flesh", "required": false },
    { "id": "alexsdelight:raw_bison", "required": false },
    { "id": "alexsdelight:raw_bunfungus", "required": false },
    { "id": "alexsdelight:kangaroo_shank", "required": false },
    { "id": "alexsdelight:loose_moose_rib", "required": false },
    { "id": "alexsdelight:bison_mince", "required": false },
    { "id": "alexsdelight:raw_bunfungus_drumstick", "required": false },
    { "id": "alexsdelight:raw_catfish_slice", "required": false },
    { "id": "caupona:snail", "required": false },
    { "id": "caupona:plump_snail", "required": false }
  ]
}