{
  "replace": false,
  "values": [
    { "id": "minecraft:glow_berries", "required": false },
    { "id": "minecraft:sweet_berries", "required": false },
    { "id": "minecraft:apple", "required": false },
    { "id": "minecraft:melon_slice", "required": false },
    { "id": "minecraft:chorus_fruit", "required": false },
    { "id": "minecraft:carrot", "required": false },
    { "id": "minecraft:golden_carrot", "required": false },
    { "id": "minecraft:potato", "required": false },
    { "id": "minecraft:baked_potato", "required": false },
    { "id": "minecraft:poisonous_potato", "required": false },
    { "id": "minecraft:beetroot", "required": false },
    { "id": "minecraft:beetroot_soup", "required": false },
    { "id": "minecraft:dried_kelp", "required": false },
    { "id": "minecraft:bread", "required": false },
    { "id": "minecraft:cookie", "required": false },
    { "id": "minecraft:pumpkin_pie", "required": false },
    { "id": "minecraft:mushroom_stem", "required": false },
    { "id": "minecraft:suspicious_stew", "required": false },
    { "id": "quarkdelight:bowl_of_exotic_fruits", "required": false },
    { "id": "endersdelight:chorus_pie_slice", "required": false },
    { "id": "endersdelight:twisted_cereal_wood", "required": false },
    { "id": "endersdelight:twisted_cereal", "required": false },
    { "id": "quarkdelight:lush_moss_salad", "required": false },
    { "id": "endersdelight:chorus_stew_wood", "required": false },
    { "id": "endersdelight:chorus_stew", "required": false },
    { "id": "caupona:fig", "required": false },
    { "id": "caupona:walnut", "required": false },
    { "id": "caupona:wolfberries", "required": false },
    { "id": "vinery:apple_mash", "required": false },
    { "id": "vinery:cherry", "required": false },
    { "id": "vinery:red_grape", "required": false },
    { "id": "vinery:jungle_grapes_red", "required": false },
    { "id": "vinery:jungle_grapes_white", "required": false },
    { "id": "vinery:savanna_grapes_red", "required": false },
    { "id": "vinery:savanna_grapes_white", "required": false },
    { "id": "vinery:taiga_grapes_red", "required": false },
    { "id": "vinery:taiga_grapes_white", "required": false },
    { "id": "vinery:white_grape", "required": false },
    { "id": "quark:glow_shroom", "required": false },
    { "id": "quark:ancient_fruit", "required": false },
    { "id": "quark:moss_paste", "required": false },
    { "id": "collectorsreap:portobello", "required": false },
    { "id": "collectorsreap:pomegranate_slice", "required": false },
    { "id": "collectorsreap:pomegranate_seeds", "required": false },
    { "id": "collectorsreap:lime", "required": false },
    { "id": "collectorsreap:lime_slice", "required": false },
    { "id": "bakery:strawberry", "required": false },
    { "id": "netherexp:cerebrage", "required": false },
    { "id": "splunkery:portabella", "required": false },
    { "id": "mofus_better_end_:pink_poison_shroom_slice", "required": false },
    { "id": "mofus_better_end_:float_orb_fruit_slice", "required": false },
    { "id": "mofus_better_end_:crystal_red_berry", "required": false },
    { "id": "mofus_better_end_:cleaned_porcupine_lettuce", "required": false },
    { "id": "mofus_better_end_:rock_blue_berries", "required": false },
    { "id": "mofus_better_end_:red_tooth_mushroom_slice", "required": false },
    { "id": "mofus_better_end_:star_fruit", "required": false },
    { "id": "mofus_better_end_:scale_fruit_item", "required": false },
    { "id": "mofus_better_end_:spiky_hermit_fruit", "required": false },
    { "id": "regions_unexplored:duskmelon_slice", "required": false },
    { "id": "regions_unexplored:meadow_sage", "required": false },
    { "id": "regions_unexplored:salmonberry", "required": false },
    { "id": "regions_unexplored:hanging_earlight_fruit", "required": false },
    { "id": "sweety_archaeology:ancient_berries", "required": false },
    { "id": "collectorsreap:baked_portobello_cap", "required": false },
    { "id": "splunkery:grilled_portabella", "required": false },
    { "id": "mofus_better_end_:cooked_pink_poisons_shroom_slice", "required": false },
    { "id": "mofus_better_end_:cooked_red_tooth_mushroom_slice", "required": false },
    { "id": "fruitsdelight:apple_jello", "required": false },
    { "id": "fruitsdelight:baked_durian", "required": false },
    { "id": "fruitsdelight:baked_pear", "required": false },
    { "id": "fruitsdelight:bayberry", "required": false },
    { "id": "fruitsdelight:bayberry_cookie", "required": false },
    { "id": "fruitsdelight:bayberry_jello", "required": false },
    { "id": "fruitsdelight:blueberry", "required": false },
    { "id": "fruitsdelight:blueberry_custard", "required": false },
    { "id": "fruitsdelight:blueberry_jello", "required": false },
    { "id": "fruitsdelight:blueberry_muffin", "required": false },
    { "id": "fruitsdelight:bowl_of_pineapple_fried_rice", "required": false },
    { "id": "fruitsdelight:chorus_jello", "required": false },
    { "id": "fruitsdelight:cranberry", "required": false },
    { "id": "fruitsdelight:cranberry_cookie", "required": false },
    { "id": "fruitsdelight:cranberry_jello", "required": false },
    { "id": "fruitsdelight:cranberry_muffin", "required": false },
    { "id": "fruitsdelight:dried_persimmon", "required": false },
    { "id": "fruitsdelight:durian_flesh", "required": false },
    { "id": "fruitsdelight:durian_jello", "required": false },
    { "id": "fruitsdelight:durian_pie", "required": false },
    { "id": "fruitsdelight:fig", "required": false },
    { "id": "fruitsdelight:fig_jello", "required": false },
    { "id": "fruitsdelight:fig_pudding_slice", "required": false },
    { "id": "fruitsdelight:fig_tart", "required": false },
    { "id": "fruitsdelight:glowberry_jello", "required": false },
    { "id": "fruitsdelight:hamimelon_jello", "required": false },
    { "id": "fruitsdelight:hamimelon_juice", "required": false },
    { "id": "fruitsdelight:hamimelon_popsicle", "required": false },
    { "id": "fruitsdelight:hamimelon_seeds", "required": false },
    { "id": "fruitsdelight:hamimelon_shaved_ice", "required": false },
    { "id": "fruitsdelight:hamimelon_slice", "required": false },
    { "id": "fruitsdelight:hawberry", "required": false },
    { "id": "fruitsdelight:hawberry_jello", "required": false },
    { "id": "fruitsdelight:hawberry_roll", "required": false },
    { "id": "fruitsdelight:hawberry_sheet", "required": false },
    { "id": "fruitsdelight:hawberry_stick", "required": false },
    { "id": "fruitsdelight:jelly_bread", "required": false },
    { "id": "fruitsdelight:kiwi", "required": false },
    { "id": "fruitsdelight:kiwi_jello", "required": false },
    { "id": "fruitsdelight:kiwi_juice", "required": false },
    { "id": "fruitsdelight:kiwi_popsicle", "required": false },
    { "id": "fruitsdelight:lemon", "required": false },
    { "id": "fruitsdelight:lemon_cookie", "required": false },
    { "id": "fruitsdelight:lemon_jello", "required": false },
    { "id": "fruitsdelight:lemon_juice", "required": false },
    { "id": "fruitsdelight:lemon_seeds", "required": false },
    { "id": "fruitsdelight:lemon_slice", "required": false },
    { "id": "fruitsdelight:lemon_tart", "required": false },
    { "id": "fruitsdelight:lychee", "required": false },
    { "id": "fruitsdelight:lychee_jello", "required": false },
    { "id": "fruitsdelight:mango", "required": false },
    { "id": "fruitsdelight:mango_jello", "required": false },
    { "id": "fruitsdelight:mango_salad", "required": false },
    { "id": "fruitsdelight:mangosteen", "required": false },
    { "id": "fruitsdelight:mangosteen_jello", "required": false },
    { "id": "fruitsdelight:melon_jello", "required": false },
    { "id": "fruitsdelight:orange", "required": false },
    { "id": "fruitsdelight:orange_jello", "required": false },
    { "id": "fruitsdelight:orange_juice", "required": false },
    { "id": "fruitsdelight:orange_slice", "required": false },
    { "id": "fruitsdelight:peach", "required": false },
    { "id": "fruitsdelight:peach_jello", "required": false },
    { "id": "fruitsdelight:peach_tea", "required": false },
    { "id": "fruitsdelight:pear", "required": false },
    { "id": "fruitsdelight:pear_jello", "required": false },
    { "id": "fruitsdelight:pear_juice", "required": false },
    { "id": "fruitsdelight:pear_with_rock_sugar", "required": false },
    { "id": "fruitsdelight:persimmon", "required": false },
    { "id": "fruitsdelight:persimmon_cookie", "required": false },
    { "id": "fruitsdelight:persimmon_jello", "required": false },
    { "id": "fruitsdelight:pineapple", "required": false },
    { "id": "fruitsdelight:pineapple_jello", "required": false },
    { "id": "fruitsdelight:pineapple_pie", "required": false },
    { "id": "fruitsdelight:pineapple_slice", "required": false },
    { "id": "fruitsdelight:sweetberry_jello", "required": false },
    { "id": "cuisinedelight:fried_mushroom", "required": false },
    { "id": "cuisinedelight:fried_pasta", "required": false },
    { "id": "cuisinedelight:fried_rice", "required": false },
    { "id": "cuisinedelight:vegetable_fried_rice", "required": false },
    { "id": "cuisinedelight:vegetable_pasta", "required": false },
    { "id": "cuisinedelight:vegetable_platter", "required": false },
    { "id": "bakery:apple_cupcake", "required": false },
    { "id": "bakery:apple_pie_slice", "required": false },
    { "id": "bakery:bread_with_jam", "required": false },
    { "id": "bakery:bundt_cake_slice", "required": false },
    { "id": "bakery:cake_dough", "required": false },
    { "id": "bakery:chocolate_bread", "required": false },
    { "id": "bakery:chocolate_cake_slice", "required": false },
    { "id": "bakery:chocolate_gateau_slice", "required": false },
    { "id": "bakery:chocolate_glazed_cookie", "required": false },
    { "id": "bakery:chocolate_tart_slice", "required": false },
    { "id": "bakery:chocolate_truffle", "required": false },
    { "id": "bakery:cornet", "required": false },
    { "id": "bakery:croissant", "required": false },
    { "id": "bakery:donut", "required": false },
    { "id": "bakery:dough", "required": false },
    { "id": "bakery:jam_roll", "required": false },
    { "id": "bakery:jam_sandwich", "required": false },
    { "id": "bakery:linzer_tart_slice", "required": false },
    { "id": "bakery:misslilitu_biscuit", "required": false },
    { "id": "bakery:pudding_slice", "required": false },
    { "id": "bakery:strawberry_cake_slice", "required": false },
    { "id": "bakery:strawberry_cupcake", "required": false },
    { "id": "bakery:strawberry_glazed_cookie", "required": false },
    { "id": "bakery:sweet_dough", "required": false },
    { "id": "bakery:sweetberry_cake_slice", "required": false },
    { "id": "bakery:sweetberry_cupcake", "required": false },
    { "id": "bakery:sweetberry_glazed_cookie", "required": false },
    { "id": "bakery:toast", "required": false },
    { "id": "caupona:pumpkin_soup", "required": false },
    { "id": "caupona:pumpkin_soup_cream", "required": false },
    { "id": "caupona:rice_pudding", "required": false },
    { "id": "caupona:congee", "required": false },
    { "id": "caupona:seaweed_soup", "required": false },
    { "id": "caupona:vegetable_chowder", "required": false },
    { "id": "caupona:vegetable_soup", "required": false },
    { "id": "caupona:walnut_soup", "required": false },
    { "id": "caupona:borscht_cream", "required": false },
    { "id": "caupona:cream_of_mushroom_soup", "required": false },
    { "id": "caupona:gruel", "required": false },
    { "id": "caupona:mushroom_soup", "required": false },
    { "id": "caupona:nettle_soup", "required": false },
    { "id": "caupona:sauteed_mushrooms", "required": false },
    { "id": "caupona:okroshka", "required": false },
    { "id": "caupona:porridge", "required": false },
    { "id": "caupona:sauteed_greens", "required": false },
    { "id": "caupona:sauteed_roots", "required": false },
    { "id": "caupona:sauteed_vegetables", "required": false },
    { "id": "caupona:borscht", "required": false },
    { "id": "alexsdelight:acacia_blossom_soup", "required": false },
    { "id": "caupona:goji_tongsui", "required": false },
    { "id": "alexsdelight:gongylidia_bruschetta", "required": false }
  ]
}