{
  "type": "origins:multiple",
  "name": "Nether Evolution (Evolved)",
  "description": "Hardened by Netherite: Resistance II and +2 armor and armor toughness.",

  "resistance_ii": {
    "type": "origins:stacking_status_effect",
    "min_stacks": 0,
    "max_stacks": 2,
    "duration_per_stack": 80,
	  "tick_rate": 79,
    "effect": {
        "effect": "minecraft:resistance",
        "amplifier": 1,
        "is_ambient": true,
        "show_particles": false,
        "show_icon": false
    }
  },

  "armor_toughness_bonus": {
    "type": "origins:attribute",
    "modifier": {
      "name": "Nether Armor Toughness",
      "attribute": "minecraft:generic.armor_toughness",
      "value": 2,
      "operation": "addition"
    }
  },
  "base_armor": {
  "type": "origins:attribute",
  "modifier": {
  "name": "Base Armor Bonus",
  "attribute": "minecraft:generic.armor",
  "value": 2,
  "operation": "addition"
  }
    }
}
