{
    "type": "origins:multiple",
    "nature_resist": {
        "type": "origins:attribute",
            "modifier": {
                "attribute": "irons_spellbooks:nature_magic_resist",
                "operation": "addition",
                "value": 0.5
            }
    },
    "cold_weak": {
        "type": "origins:attribute",
            "modifier": {
                "attribute": "irons_spellbooks:cold_magic_resist",
                "operation": "addition",
                "value": -0.5
            }
    },
    "name": "Poison Soul",
    "description": "Poison runs through your veins, but the cold is your greatest foe. You are resistant to nature magic and weak to cold magic"
}