{
  "replace": true,
  "pools": [
    {
      "rolls": 1,
      "bonus_rolls": 0,
      "entries": [
        {
          "type": "minecraft:item",
          "weight": 20,
          "name": "minecraft:stick"
        },
        {
          "type": "minecraft:item",
          "weight": 20,
          "name": "minecraft:dead_bush"
        },
        {
          "type": "minecraft:item",
          "weight": 20,
          "name": "minecraft:bone"
        },
        {
          "type": "minecraft:item",
          "weight": 5,
          "name": "minecraft:skeleton_skull",
          "conditions": [
            {
              "condition": "minecraft:any_of",
              "terms": [
                {
                  "condition": "minecraft:location_check",
                  "predicate": {
                    "biome": "minecraft:badlands"
                  }
                },
                {
                  "condition": "minecraft:location_check",
                  "predicate": {
                    "biome": "minecraft:wooded_badlands"
                  }
                },
                {
                  "condition": "minecraft:location_check",
                  "predicate": {
                    "biome": "minecraft:eroded_badlands"
                  }
                }
              ]
            }
          ]
        },
        {
          "type": "minecraft:item",
          "weight": 5,
          "name": "spelunkery:rough_cinnabar_shard",
          "conditions": [
            {
              "condition": "minecraft:any_of",
              "terms": [
                {
                  "condition": "minecraft:location_check",
                  "predicate": {
                    "biome": "minecraft:badlands"
                  }
                },
                {
                  "condition": "minecraft:location_check",
                  "predicate": {
                    "biome": "minecraft:wooded_badlands"
                  }
                },
                {
                  "condition": "minecraft:location_check",
                  "predicate": {
                    "biome": "minecraft:eroded_badlands"
                  }
                }
              ]
            }
          ]
        }
      ]
    }
  ]
}
