{
    "name": "Iron Weakness",
    "description": "While this won't be seen, this is the part of Tainted Resilience that makes you weak to the damage of Smite.",
    "type": "origins:multiple",
    "iron_ahlspiess": {
        "type": "origins:modify_damage_taken",
        "damage_condition": {
            "type": "origins:attacker",
            "entity_condition": {
                "type": "origins:equipped_item",
                "equipment_slot": "mainhand",
                "item_condition": {
                    "type": "origins:ingredient",
                    "ingredient": {
                        "item": "magistuarmory:iron_ahlspiess"
                    }
                }
            }
        },
        "modifier": {
            "name": "Iron Weakness",
            "operation": "addition",
            "value": 2.5
        }
    },
    "iron_bastardsword": {
        "type": "origins:modify_damage_taken",
        "damage_condition": {
            "type": "origins:attacker",
            "entity_condition": {
                "type": "origins:equipped_item",
                "equipment_slot": "mainhand",
                "item_condition": {
                    "type": "origins:ingredient",
                    "ingredient": {
                        "item": "magistuarmory:iron_bastardsword"
                    }
                }
            }
        },
        "modifier": {
            "name": "Iron Weakness",
            "operation": "addition",
            "value": 2.5
        }
    },
    "iron_chainmorgenstern": {
        "type": "origins:modify_damage_taken",
        "damage_condition": {
            "type": "origins:attacker",
            "entity_condition": {
                "type": "origins:equipped_item",
                "equipment_slot": "mainhand",
                "item_condition": {
                    "type": "origins:ingredient",
                    "ingredient": {
                        "item": "magistuarmory:iron_chainmorgenstern"
                    }
                }
            }
        },
        "modifier": {
            "name": "Iron Weakness",
            "operation": "addition",
            "value": 2.5
        }
    },
    "iron_chivalrylance": {
        "type": "origins:modify_damage_taken",
        "damage_condition": {
            "type": "origins:attacker",
            "entity_condition": {
                "type": "origins:equipped_item",
                "equipment_slot": "mainhand",
                "item_condition": {
                    "type": "origins:ingredient",
                    "ingredient": {
                        "item": "magistuarmory:iron_chivalrylance"
                    }
                }
            }
        },
        "modifier": {
            "name": "Iron Weakness",
            "operation": "addition",
            "value": 2.5
        }
    },
    "iron_claymore": {
        "type": "origins:modify_damage_taken",
        "damage_condition": {
            "type": "origins:attacker",
            "entity_condition": {
                "type": "origins:equipped_item",
                "equipment_slot": "mainhand",
                "item_condition": {
                    "type": "origins:ingredient",
                    "ingredient": {
                        "item": "magistuarmory:iron_claymore"
                    }
                }
            }
        },
        "modifier": {
            "name": "Iron Weakness",
            "operation": "addition",
            "value": 2.5
        }
    },
    "iron_concavehalberd": {
        "type": "origins:modify_damage_taken",
        "damage_condition": {
            "type": "origins:attacker",
            "entity_condition": {
                "type": "origins:equipped_item",
                "equipment_slot": "mainhand",
                "item_condition": {
                    "type": "origins:ingredient",
                    "ingredient": {
                        "item": "magistuarmory:iron_concavehalberd"
                    }
                }
            }
        },
        "modifier": {
            "name": "Iron Weakness",
            "operation": "addition",
            "value": 2.5
        }
    },
    "iron_estoc": {
        "type": "origins:modify_damage_taken",
        "damage_condition": {
            "type": "origins:attacker",
            "entity_condition": {
                "type": "origins:equipped_item",
                "equipment_slot": "mainhand",
                "item_condition": {
                    "type": "origins:ingredient",
                    "ingredient": {
                        "item": "magistuarmory:iron_estoc"
                    }
                }
            }
        },
        "modifier": {
            "name": "Iron Weakness",
            "operation": "addition",
            "value": 2.5
        }
    },
    "iron_flamebladedsword": {
        "type": "origins:modify_damage_taken",
        "damage_condition": {
            "type": "origins:attacker",
            "entity_condition": {
                "type": "origins:equipped_item",
                "equipment_slot": "mainhand",
                "item_condition": {
                    "type": "origins:ingredient",
                    "ingredient": {
                        "item": "magistuarmory:iron_flamebladedsword"
                    }
                }
            }
        },
        "modifier": {
            "name": "Iron Weakness",
            "operation": "addition",
            "value": 2.5
        }
    },
    "iron_guisarme": {
        "type": "origins:modify_damage_taken",
        "damage_condition": {
            "type": "origins:attacker",
            "entity_condition": {
                "type": "origins:equipped_item",
                "equipment_slot": "mainhand",
                "item_condition": {
                    "type": "origins:ingredient",
                    "ingredient": {
                        "item": "magistuarmory:iron_guisarme"
                    }
                }
            }
        },
        "modifier": {
            "name": "Iron Weakness",
            "operation": "addition",
            "value": 2.5
        }
    },
    "iron_heavymace": {
        "type": "origins:modify_damage_taken",
        "damage_condition": {
            "type": "origins:attacker",
            "entity_condition": {
                "type": "origins:equipped_item",
                "equipment_slot": "mainhand",
                "item_condition": {
                    "type": "origins:ingredient",
                    "ingredient": {
                        "item": "magistuarmory:iron_heavymace"
                    }
                }
            }
        },
        "modifier": {
            "name": "Iron Weakness",
            "operation": "addition",
            "value": 2.5
        }
    },
    "iron_heavywarhammer": {
        "type": "origins:modify_damage_taken",
        "damage_condition": {
            "type": "origins:attacker",
            "entity_condition": {
                "type": "origins:equipped_item",
                "equipment_slot": "mainhand",
                "item_condition": {
                    "type": "origins:ingredient",
                    "ingredient": {
                        "item": "magistuarmory:iron_heavywarhammer"
                    }
                }
            }
        },
        "modifier": {
            "name": "Iron Weakness",
            "operation": "addition",
            "value": 2.5
        }
    },
    "iron_katzbalger": {
        "type": "origins:modify_damage_taken",
        "damage_condition": {
            "type": "origins:attacker",
            "entity_condition": {
                "type": "origins:equipped_item",
                "equipment_slot": "mainhand",
                "item_condition": {
                    "type": "origins:ingredient",
                    "ingredient": {
                        "item": "magistuarmory:iron_katzbalger"
                    }
                }
            }
        },
        "modifier": {
            "name": "Iron Weakness",
            "operation": "addition",
            "value": 2.5
        }
    },
    "iron_lochaberaxe": {
        "type": "origins:modify_damage_taken",
        "damage_condition": {
            "type": "origins:attacker",
            "entity_condition": {
                "type": "origins:equipped_item",
                "equipment_slot": "mainhand",
                "item_condition": {
                    "type": "origins:ingredient",
                    "ingredient": {
                        "item": "magistuarmory:iron_lochaberaxe"
                    }
                }
            }
        },
        "modifier": {
            "name": "Iron Weakness",
            "operation": "addition",
            "value": 2.5
        }
    },
    "iron_lucernhammer": {
        "type": "origins:modify_damage_taken",
        "damage_condition": {
            "type": "origins:attacker",
            "entity_condition": {
                "type": "origins:equipped_item",
                "equipment_slot": "mainhand",
                "item_condition": {
                    "type": "origins:ingredient",
                    "ingredient": {
                        "item": "magistuarmory:iron_lucernhammer"
                    }
                }
            }
        },
        "modifier": {
            "name": "Iron Weakness",
            "operation": "addition",
            "value": 2.5
        }
    },
    "iron_morgenstern": {
        "type": "origins:modify_damage_taken",
        "damage_condition": {
            "type": "origins:attacker",
            "entity_condition": {
                "type": "origins:equipped_item",
                "equipment_slot": "mainhand",
                "item_condition": {
                    "type": "origins:ingredient",
                    "ingredient": {
                        "item": "magistuarmory:iron_morgenstern"
                    }
                }
            }
        },
        "modifier": {
            "name": "Iron Weakness",
            "operation": "addition",
            "value": 2.5
        }
    },
    "iron_pavese": {
        "type": "origins:modify_damage_taken",
        "damage_condition": {
            "type": "origins:attacker",
            "entity_condition": {
                "type": "origins:equipped_item",
                "equipment_slot": "mainhand",
                "item_condition": {
                    "type": "origins:ingredient",
                    "ingredient": {
                        "item": "magistuarmory:iron_pavese"
                    }
                }
            }
        },
        "modifier": {
            "name": "Iron Weakness",
            "operation": "addition",
            "value": 2.5
        }
    },
    "iron_ranseur": {
        "type": "origins:modify_damage_taken",
        "damage_condition": {
            "type": "origins:attacker",
            "entity_condition": {
                "type": "origins:equipped_item",
                "equipment_slot": "mainhand",
                "item_condition": {
                    "type": "origins:ingredient",
                    "ingredient": {
                        "item": "magistuarmory:iron_ranseur"
                    }
                }
            }
        },
        "modifier": {
            "name": "Iron Weakness",
            "operation": "addition",
            "value": 2.5
        }
    },
    "iron_rondache": {
        "type": "origins:modify_damage_taken",
        "damage_condition": {
            "type": "origins:attacker",
            "entity_condition": {
                "type": "origins:equipped_item",
                "equipment_slot": "mainhand",
                "item_condition": {
                    "type": "origins:ingredient",
                    "ingredient": {
                        "item": "magistuarmory:iron_rondache"
                    }
                }
            }
        },
        "modifier": {
            "name": "Iron Weakness",
            "operation": "addition",
            "value": 2.5
        }
    },
    "iron_shourtsword": {
        "type": "origins:modify_damage_taken",
        "damage_condition": {
            "type": "origins:attacker",
            "entity_condition": {
                "type": "origins:equipped_item",
                "equipment_slot": "mainhand",
                "item_condition": {
                    "type": "origins:ingredient",
                    "ingredient": {
                        "item": "magistuarmory:iron_shortsword"
                    }
                }
            }
        },
        "modifier": {
            "name": "Iron Weakness",
            "operation": "addition",
            "value": 2.5
        }
    },
    "iron_stylet": {
        "type": "origins:modify_damage_taken",
        "damage_condition": {
            "type": "origins:attacker",
            "entity_condition": {
                "type": "origins:equipped_item",
                "equipment_slot": "mainhand",
                "item_condition": {
                    "type": "origins:ingredient",
                    "ingredient": {
                        "item": "magistuarmory:iron_stylet"
                    }
                }
            }
        },
        "modifier": {
            "name": "Iron Weakness",
            "operation": "addition",
            "value": 2.5
        }
    },
    "iron_tartsche": {
        "type": "origins:modify_damage_taken",
        "damage_condition": {
            "type": "origins:attacker",
            "entity_condition": {
                "type": "origins:equipped_item",
                "equipment_slot": "mainhand",
                "item_condition": {
                    "type": "origins:ingredient",
                    "ingredient": {
                        "item": "magistuarmory:iron_tartsche"
                    }
                }
            }
        },
        "modifier": {
            "name": "Iron Weakness",
            "operation": "addition",
            "value": 2.5
        }
    },
    "iron_zweihander": {
        "type": "origins:modify_damage_taken",
        "damage_condition": {
            "type": "origins:attacker",
            "entity_condition": {
                "type": "origins:equipped_item",
                "equipment_slot": "mainhand",
                "item_condition": {
                    "type": "origins:ingredient",
                    "ingredient": {
                        "item": "magistuarmory:iron_zweihander"
                    }
                }
            }
        },
        "modifier": {
            "name": "Iron Weakness",
            "operation": "addition",
            "value": 2.5
        }
    }
}