{
	"type": "origins:action_over_time",
	"entity_action": {
		"type": "origins:and",
		"actions": [
			{
				"type": "origins:execute_command",
				"command": "particle dust 0.46 1 0.84 0.6 ~ ~0.15 ~ 0.07 0.15 0.07 1 4"
			},
			{
				"type": "origins:modify_resource",
				"resource": "medievalorigins:pixie/temp_dashup_particles_limit",
				"modifier": {
					"operation": "add_base_early",
					"value": -1
				}
			},
			{
				"type": "origins:if_else",
				"condition": {
					"type": "origins:resource",
					"resource": "medievalorigins:pixie/temp_dashup_particles_limit",
					"comparison": "==",
					"compare_to": 0
				},
				"if_action": {
					"type": "origins:and",
					"actions": [
						{
							"type": "origins:modify_resource",
							"resource": "medievalorigins:pixie/temp_dashup_particles_limit",
							"modifier": {
								"operation": "set_total",
								"value": 16
							}
						},
						{
							"type": "origins:revoke_power",
							"power": "medievalorigins:pixie/temp_dashup_particles",
							"source": "medievalorigins:pixie/flight"
						},
						{
							"type": "origins:revoke_power",
							"power": "medievalorigins:pixie/temp_dashup_particles_limit",
							"source": "medievalorigins:pixie/flight"
						}
					]
				}
			}
		]
	},
	"interval": 1
}