{
  "replace": false,
  "values": [
    "minecraft:pig",
    "minecraft:sheep",
    "minecraft:chicken",
    "minecraft:cow",
    "minecraft:villager",
    "minecraft:bat",
    "minecraft:bee",
    "minecraft:cat",
    "minecraft:cod",
    "minecraft:dolphin",
    "minecraft:donkey",
    "minecraft:fox",
    "minecraft:horse",
    "minecraft:llama",
    "minecraft:mooshroom",
    "minecraft:mule",
    "minecraft:ocelot",
    "minecraft:panda",
    "minecraft:parrot",
    "minecraft:polar_bear",
    "minecraft:pufferfish",
    "minecraft:rabbit",
    "minecraft:salmon",
    "minecraft:skeleton_horse",
    "minecraft:squid",
    "minecraft:strider",
    "minecraft:trader_llama",
    "minecraft:tropical_fish",
    "minecraft:turtle",
    "minecraft:villager",
    "minecraft:wandering_trader",
    "minecraft:wolf",
    "minecraft:zombie_horse",
    {
      "required": false,
      "id": "minecraft:goat"
    },
    {
      "required": false,
      "id": "minecraft:glow_squid"
    },
    {
      "required": false,
      "id": "minecraft:axolotl"
    },
    {
      "required": false,
      "id": "undergarden:mog"
    },
    {
      "required": false,
      "id": "undergarden:gloomper"
    },
    {
      "required": false,
      "id": "undergarden:scintling"
    },
    {
      "required": false,
      "id": "undergarden:brute"
    },
    {
      "required": false,
      "id": "undergarden:gwibling"
    },
    {
      "required": false,
      "id": "undergarden:dweller"
    },
    {
      "required": false,
      "id": "occultism:familiar_beaver"
    },
    {
      "required": false,
      "id": "occultism:familiar_mummy"
    },
    {
      "required": false,
      "id": "occultism:familiar_fairy"
    },
    {
      "required": false,
      "id": "occultism:familiar_beholder"
    },
    {
      "required": false,
      "id": "occultism:familiar_shub_niggurath"
    },
    {
      "required": false,
      "id": "occultism:familiar_goat"
    },
    {
      "required": false,
      "id": "occultism:familiar_chimera"
    },
    {
      "required": false,
      "id": "occultism:familiar_headless"
    },
    {
      "required": false,
      "id": "occultism:familiar_guardian"
    },
    {
      "required": false,
      "id": "occultism:familiar_blacksmith"
    },
    {
      "required": false,
      "id": "occultism:familiar_dragon"
    },
    {
      "required": false,
      "id": "occultism:familiar_devil"
    },
    {
      "required": false,
      "id": "occultism:familiar_cthulhu"
    },
    {
      "required": false,
      "id": "occultism:familiar_deer"
    },
    {
      "required": false,
      "id": "occultism:familiar_bat"
    },
    {
      "required": false,
      "id": "occultism:familiar_greedy"
    },
    {
      "required": false,
      "id": "occultism:otherworld_bird"
    },
    {
      "required": false,
      "id": "occultism:marid"
    },
    {
      "required": false,
      "id": "occultism:afrit_wild"
    },
    {
      "required": false,
      "id": "occultism:afrit"
    },
    {
      "required": false,
      "id": "occultism:djinni"
    },
    {
      "required": false,
      "id": "occultism:foliot"
    },
    {
      "required": false,
      "id": "ars_nouveau:whirlisprig_se"
    },
    {
      "required": false,
      "id": "ars_nouveau:starbuncle_se"
    },
    {
      "required": false,
      "id": "alexsmobs:giant_squid"
    },
    {
      "required": false,
      "id": "alexsmobs:bison"
    },
    {
      "required": false,
      "id": "alexsmobs:bunfungus"
    },
    {
      "required": false,
      "id": "alexsmobs:cosmic_cod"
    },
    {
      "required": false,
      "id": "alexsmobs:comb_jelly"
    },
    {
      "required": false,
      "id": "alexsmobs:terrapin"
    },
    {
      "required": false,
      "id": "alexsmobs:jerboa"
    },
    {
      "required": false,
      "id": "alexsmobs:gelada_monkey"
    },
    {
      "required": false,
      "id": "alexsmobs:flutter"
    },
    {
      "required": false,
      "id": "alexsmobs:anteater"
    },
    {
      "required": false,
      "id": "alexsmobs:maned_wolf"
    },
    {
      "required": false,
      "id": "alexsmobs:toucan"
    },
    {
      "required": false,
      "id": "alexsmobs:cosmaw"
    },
    {
      "required": false,
      "id": "alexsmobs:leviathan"
    },
    {
      "required": false,
      "id": "alexsmobs:seagull"
    },
    {
      "required": false,
      "id": "alexsmobs:mimic_octupus"
    },
    {
      "required": false,
      "id": "alexsmobs:tarantula_hawk"
    },
    {
      "required": false,
      "id": "alexsmobs:bald_eagle"
    },
    {
      "required": false,
      "id": "alexsmobs:leafcutter_ant"
    },
    {
      "required": false,
      "id": "alexsmobs:cachalot_whale"
    },
    {
      "required": false,
      "id": "alexsmobs:kangaroo"
    },
    {
      "required": false,
      "id": "alexsmobs:tasmanian_devil"
    },
    {
      "required": false,
      "id": "alexsmobs:platypus"
    },
    {
      "required": false,
      "id": "alexsmobs:capuchin_monkey"
    },
    {
      "required": false,
      "id": "alexsmobs:lobster"
    },
    {
      "required": false,
      "id": "alexsmobs:endergrade"
    },
    {
      "required": false,
      "id": "alexsmobs:stradpole"
    },
    {
      "required": false,
      "id": "alexsmobs:mungus"
    },
    {
      "required": false,
      "id": "alexsmobs:crow"
    },
    {
      "required": false,
      "id": "alexsmobs:spectre"
    },
    {
      "required": false,
      "id": "alexsmobs:elephant"
    },
    {
      "required": false,
      "id": "alexsmobs:shoebill"
    },
    {
      "required": false,
      "id": "alexsmobs:cockroach"
    },
    {
      "required": false,
      "id": "alexsmobs:seal"
    },
    {
      "required": false,
      "id": "alexsmobs:blobfish"
    },
    {
      "required": false,
      "id": "alexsmobs:raccoon"
    },
    {
      "required": false,
      "id": "alexsmobs:moose"
    },
    {
      "required": false,
      "id": "alexsmobs:warped_toad"
    },
    {
      "required": false,
      "id": "alexsmobs:gorilla"
    },
    {
      "required": false,
      "id": "alexsmobs:sunbird"
    },
    {
      "required": false,
      "id": "alexsmobs:orca"
    },
    {
      "required": false,
      "id": "alexsmobs:hummingbird"
    },
    {
      "required": false,
      "id": "alexsmobs:fly"
    },
    {
      "required": false,
      "id": "alexsmobs:gazelle"
    },
    {
      "required": false,
      "id": "alexsmobs:roadrunner"
    }
  ]
}