{
  "parent": "minecraft:story/mine_stone",
  "criteria": {
    "stone_pickaxe": {
      "conditions": {
        "items": [
          {
            "items": [
              "minecraft:stone_pickaxe"
            ]
          }
        ]
      },
      "trigger": "minecraft:inventory_changed"
    }
  },
  "display": {
    "announce_to_chat": false,
    "description": {
      "translate": "advancements.story.upgrade_tools.description"
    },
    "frame": "task",
    "hidden": false,
    "icon": {
      "item": "minecraft:stone_pickaxe",
      "nbt": "{Damage:0}"
    },
    "show_toast": true,
    "title": {
      "translate": "advancements.story.upgrade_tools.title"
    }
  },
  "requirements": [
    [
      "stone_pickaxe"
    ]
  ],
  "sends_telemetry_event": false
}