{
	"format_version": "1.8.0",
	"animations": {
		"run": {
			"loop": true,
			"animation_length": 0.5833,
			"bones": {
				"body": {
					"rotation": {
						"0.0": [-4.06002, 0, 0],
						"0.2083": [2.50074, 0, 0],
						"0.2917": [3.02598, 0, 0],
						"0.4583": [-2.44507, 0, 0],
						"0.5": [-4.17965, 0, 0],
						"0.5833": [-4.06002, 0, 0]
					},
					"position": {
						"0.0": [0, 0.5, -0.3],
						"0.2083": [0, 0.7, 0],
						"0.4583": [0, -0.6, 0],
						"0.5833": [0, 0.5, -0.3]
					},
					"scale": {
						"0.0": [1, 1, 1.03],
						"0.2083": [1, 1, 1],
						"0.3333": [1, 1, 0.9826],
						"0.5833": [1, 1, 1.03]
					}
				},
				"neck": {
					"rotation": {
						"0.0": [-5, 0, 0],
						"0.2083": [-15, 0, 0],
						"0.4583": [0.35848, 0, 0],
						"0.5833": [-5, 0, 0]
					},
					"position": {
						"0.0": [0, -0.5, 0],
						"0.2083": [0, 0.03, 0.67],
						"0.4583": [0, -0.31, -0.5],
						"0.5833": [0, -0.5, 0]
					}
				},
				"head": {
					"rotation": {
						"0.0": [2.5, 0, 0],
						"0.0833": [-0.66728, 0, 0],
						"0.2083": [2.5, 0, 0],
						"0.4583": [-2.2, 0, 0],
						"0.5833": [2.5, 0, 0]
					},
					"position": {
						"0.0": [0, 0, 0],
						"0.2083": [0, -0.2, 0],
						"0.5833": [0, 0, 0]
					}
				},
				"front_left_forearm": {
					"rotation": {
						"0.0": [-25, 0, 0],
						"0.25": [22.5, 0, 0],
						"0.3333": [-35, 0, 0],
						"0.4583": [-52.5, 0, 0],
						"0.5833": [-25, 0, 0]
					},
					"position": {
						"0.0": [0, -0.6, -1],
						"0.125": [0, 0.2, 0.5],
						"0.25": [0, -1, 3],
						"0.4583": [0, -0.73, -0.72],
						"0.5833": [0, -0.6, -1]
					}
				},
				"front_left_cannon": {
					"rotation": {
						"0.0": [0, 0, 0],
						"0.25": [0, 0, 0],
						"0.3333": [56.25, 0, 0],
						"0.4583": [75.78783, 0.61914, 0.78186],
						"0.5833": [0, 0, 0]
					}
				},
				"front_left_hoof": {
					"rotation": {
						"0.0": [17.5, 0, 0],
						"0.2083": [-20, 0, 0],
						"0.4583": [60, 0, 0],
						"0.5833": [22.5, 0, 0]
					},
					"position": {
						"0.0": [0, -0.8, 0],
						"0.2083": [0, 0.2, 0.1],
						"0.3333": [0, -0.07, 1.37],
						"0.5833": [0, -0.8, 0]
					}
				},
				"front_right_forearm": {
					"rotation": {
						"0.0": [-55, 0, 0],
						"0.0833": [-75.626, 0, 0],
						"0.125": [-67.71, 0, 0],
						"0.2083": [-30, 0, 0],
						"0.3333": [20, 0, 0],
						"0.4167": [4.99641, 0.08436, 0.17335],
						"0.4583": [-32.5, 0, 0],
						"0.5833": [-55, 0, 0]
					},
					"position": {
						"0.0": [0, 0, 0],
						"0.0833": [0, -0.7, -0.69],
						"0.2083": [0, -0.11, -0.01],
						"0.3333": [0, -0.2, 3],
						"0.5833": [0, 0, 0]
					}
				},
				"front_right_cannon": {
					"rotation": {
						"0.0": [92.5, 0, 0],
						"0.0833": [69.16667, 0, 0],
						"0.2083": [-2.5, 0, 0],
						"0.3333": [-2.5, 0, 0],
						"0.375": [32.46676, -0.16093, 0.50985],
						"0.4583": [72.40208, -0.15275, 1.54059],
						"0.5417": [88.89689, -0.58178, 1.4286],
						"0.5833": [92.5, 0, 0]
					},
					"position": {
						"0.0": [0, 0, 0],
						"0.3333": [0, 0, 0.17],
						"0.4583": [0, 0, -1],
						"0.5833": [0, 0, 0]
					}
				},
				"back_left_thigh": {
					"rotation": {
						"0.0": [17.98612, 0.14653, -0.57987],
						"0.0833": [45.48531, 0.39773, -0.44669],
						"0.3333": [-32.4669, -0.44669, -0.64268],
						"0.4583": [-22.46101, -0.32938, -0.88944],
						"0.5833": [17.98612, 0.14653, -0.57987]
					},
					"position": {
						"0.0": [0, -1, 2],
						"0.2083": [0, 0.55, -1.04],
						"0.3333": [0, -0.1, -3],
						"0.4583": [0, -0.8, -1],
						"0.5833": [0, -1, 2]
					}
				},
				"back_left_hock": {
					"rotation": {
						"0.0": [14.99565, 0.0264, 0.18845],
						"0.0833": [-40.65946, -0.31148, 0.23117],
						"0.2083": [-38.35998, -0.17086, 0.12722],
						"0.2917": [-3.59, 0.23, -0.1],
						"0.4583": [24.99828, 0.27349, 0.13586],
						"0.5833": [14.99565, 0.0264, 0.18845]
					},
					"position": {
						"0.0": [0, 0, 0],
						"0.2917": [0, 0.57, 0],
						"0.4583": [0, 0, 0],
						"0.5833": [0, 0, 0]
					}
				},
				"back_left_hoof": {
					"rotation": {
						"0.0": [57.5, 0, 0],
						"0.1667": [49.99832, 0.42039, 0.16258],
						"0.3333": [78.15626, 0.64878, 0.70717],
						"0.375": [7.5, 0, 0],
						"0.5": [-7.49832, -0.41184, 0.34304],
						"0.5833": [57.5, 0, 0]
					},
					"position": {
						"0.0": [0, 0, 0.7],
						"0.1667": [0, 0, 0.3],
						"0.375": [0, 0, 0],
						"0.5833": [0, 0, 0.7]
					}
				},
				"back_right_thigh": {
					"rotation": {
						"0.0": [-22.46101, -0.32938, -0.88944],
						"0.1667": [22.9859, 0.19651, -0.56489],
						"0.25": [40.48537, 0.35728, -0.47966],
						"0.4583": [-32.4669, -0.44669, -0.64268],
						"0.5833": [-22.46101, -0.32938, -0.88944]
					},
					"position": {
						"0.0": [0, -0.8, -1],
						"0.1667": [0, -1, 3],
						"0.25": [0, 0.97, 1.4],
						"0.4583": [0, -0.1, -3],
						"0.5833": [0, -0.8, -1]
					}
				},
				"back_right_hock": {
					"rotation": {
						"0.0": [24.99828, 0.27349, 0.13586],
						"0.1667": [14.99565, 0.0264, 0.18845],
						"0.25": [-55.65951, -0.39414, 0.33452],
						"0.4583": [-3.59, 0.23, -0.1],
						"0.5833": [24.99828, 0.27349, 0.13586]
					},
					"position": {
						"0.0": [0, 0, 0],
						"0.1667": [0, 0, 0],
						"0.4583": [0, 0.57, 0],
						"0.5833": [0, 0, 0]
					}
				},
				"back_right_hoof": {
					"rotation": {
						"0.0": [-2.49843, -0.36442, 0.30364],
						"0.0833": [-17.49938, -0.43008, 0.51277],
						"0.375": [78.15626, 0.64878, 0.70717],
						"0.4583": [7.5, 0, 0],
						"0.5833": [-2.49843, -0.36442, 0.30364]
					},
					"position": {
						"0.0": [0, 0, 0],
						"0.0833": [0, 0, 0.7],
						"0.4583": [0, 0, 0],
						"0.5833": [0, 0, 0]
					}
				},
				"front_right_hoof": {
					"rotation": {
						"0.0": [20, 0, 0],
						"0.125": [47.5, 0, 0],
						"0.2083": [20, 0, 0],
						"0.3333": [-12.5, 0, 0],
						"0.4583": [65, 0, 0],
						"0.5833": [20, 0, 0]
					},
					"position": {
						"0.0": [0, 0, 1],
						"0.2083": [0, -0.5, 0],
						"0.4583": [0, -0.7, 0.5],
						"0.5833": [0, 0, 1]
					}
				}
			}
		},
		"idle": {
			"loop": true,
			"animation_length": 6,
			"bones": {
				"body": {
					"rotation": [0, 0, 0],
					"position": {
						"0.0": [0, "0+math.cos(query.anim_time * 120) * 0.2", 0],
						"3.125": [0, "-0.3+math.cos(query.anim_time * 120) * 0.2", 0],
						"6.0": [0, "0+math.cos(query.anim_time * 120) * 0.2", 0]
					},
					"scale": {
						"2.0": [1, 1, 1],
						"3.125": [1.07, 1, 1],
						"4.5": [1, 1, 1]
					}
				},
				"neck": {
					"rotation": ["0.1+math.cos(query.anim_time * 120) * 3", 0, 0],
					"position": {
						"0.0": [0, 0, 0],
						"2.9375": [0, 0.5, 0],
						"5.625": [0, 0, 0]
					},
					"scale": {
						"2.0": [1, 1, 1],
						"3.125": [0.975, 1, 1],
						"4.5": [1, 1, 1]
					}
				},
				"head": {
					"rotation": ["-2.3+math.cos(query.anim_time * 120) * -2", 0, 0]
				}
			}
		},
		"walk": {
			"loop": true,
			"animation_length": 1.25,
			"bones": {
				"body": {
					"rotation": {
						"0.0": [-2, 0, 0],
						"0.0833": [-2.125, 0, 0],
						"0.3333": [1.5, 0, 0],
						"0.6667": [-2, 0, 0],
						"0.75": [-2.125, 0, 0],
						"1.0": [1.5, 0, 0],
						"1.25": [-2, 0, 0]
					},
					"position": {
						"0.0": [0, -0.2, 0],
						"0.3333": [0, -0.6, -0.4],
						"0.6667": [0, -0.2, 0],
						"1.0": [0, -0.6, -0.4],
						"1.25": [0, -0.2, 0]
					}
				},
				"neck": {
					"rotation": {
						"0.0": [8, 0, 0],
						"0.0833": [8, 0, 0],
						"0.3333": [-2, 0, 0],
						"0.6667": [8, 0, 0],
						"0.75": [8, 0, 0],
						"1.0": [-2, 0, 0],
						"1.25": [8, 0, 0]
					},
					"position": {
						"0.0": [0, 0, 0],
						"0.3333": [0, 0.5, 0.9],
						"0.6667": [0, 0, 0],
						"1.0": [0, 0.5, 0.9],
						"1.25": [0, 0, 0]
					}
				},
				"head": {
					"rotation": {
						"0.0": [-5, 0, 0],
						"0.0833": [-5, 0, 0],
						"0.3333": [2.5, 0, 0],
						"0.6667": [-5, 0, 0],
						"0.75": [-5, 0, 0],
						"1.0": [2.5, 0, 0],
						"1.25": [-5, 0, 0]
					},
					"position": {
						"0.0": [0, -0.3, 0],
						"0.0833": [0, -0.3, 0],
						"0.3333": [0, 0.1, 0],
						"0.6667": [0, -0.3, 0],
						"0.75": [0, -0.3, 0],
						"1.0": [0, 0.1, 0],
						"1.25": [0, -0.3, 0]
					}
				},
				"front_left_forearm": {
					"rotation": {
						"0.0": [0, 0, 0],
						"0.3333": [20, 0, 0],
						"0.5833": [-47.5, 0, 0],
						"0.75": [-37.5, 0, 0],
						"0.9167": [-12.5, 0, 0],
						"1.25": [0, 0, 0]
					},
					"position": {
						"0.0": [0, -0.5, 2],
						"0.3333": [0, 0, 3],
						"0.5833": [0, -1, 0],
						"0.9167": [0, -0.2, 1],
						"1.25": [0, -0.5, 2]
					}
				},
				"front_left_cannon": {
					"rotation": {
						"0.0": [0, 0, 0],
						"0.3333": [0, 0, 0],
						"0.4167": [32.5, 0, 0],
						"0.5833": [72.5, 0, 0],
						"0.6667": [36, 0, 0],
						"0.9167": [0, 0, 0],
						"1.1667": [0, 0, 0],
						"1.25": [0, 0, 0]
					},
					"position": {
						"0.0": [0, 0, 0],
						"0.4167": [0, 0, 0],
						"0.5833": [0, -0.1, -1],
						"0.9167": [0, 0, 0],
						"1.25": [0, 0, 0]
					}
				},
				"front_right_forearm": {
					"rotation": {
						"0.0": [-47.5, 0, 0],
						"0.1667": [-37.5, 0, 0],
						"0.3333": [-12.5, 0, 0],
						"0.6667": [0, 0, 0],
						"1.0": [20, 0, 0],
						"1.25": [-47.5, 0, 0]
					},
					"position": {
						"0.0": [0, -1, 0],
						"0.3333": [0, -0.2, 1],
						"0.6667": [0, -0.5, 2],
						"1.0": [0, 0, 3],
						"1.25": [0, -1, 0]
					}
				},
				"front_right_cannon": {
					"rotation": {
						"0.0": [72.5, 0, 0],
						"0.0833": [36, 0, 0],
						"0.3333": [0, 0, 0],
						"0.5833": [0, 0, 0],
						"0.6667": [0, 0, 0],
						"1.0": [0, 0, 0],
						"1.0833": [32.5, 0, 0],
						"1.25": [72.5, 0, 0]
					},
					"position": {
						"0.0": [0, -0.1, -1],
						"0.3333": [0, 0, 0],
						"1.0": [0, 0, 0],
						"1.25": [0, -0.1, -1]
					}
				},
				"front_right_hoof": {
					"rotation": {
						"0.0": [25, 0, 0],
						"0.3333": [12.5, 0, 0],
						"0.6667": [0, 0, 0],
						"1.0": [0, 0, 0],
						"1.25": [25, 0, 0]
					},
					"position": {
						"0.0": [0, -0.4, 0.38],
						"0.6667": [0, 0, 0],
						"1.0": [0, 0, 0],
						"1.0833": [0, 0, 0.5],
						"1.25": [0, -0.4, 0.38]
					}
				},
				"back_left_thigh": {
					"rotation": {
						"0.0": [7.5, 0, 0],
						"0.25": [0, 0, 0],
						"0.5833": [0, 0, 0],
						"0.75": [0, 0, 0],
						"1.25": [7.5, 0, 0]
					},
					"position": {
						"0.0": [0, -1, 0],
						"0.25": [0, 0, -2],
						"0.5833": [0, -1.13, -1.83],
						"0.75": [0, -0.7, -1.62],
						"1.25": [0, -1, 0]
					}
				},
				"back_left_hock": {
					"rotation": {
						"0.0": [32.4754, 0.45352, -0.37558],
						"0.0833": [29.69, 0, 0],
						"0.3333": [-25.62, 0, 0],
						"0.5833": [-8.36, 0, 0],
						"1.25": [32.4754, 0.45352, -0.37558]
					},
					"position": {
						"0.0": [0, 0, 0],
						"0.25": [0, 1, 0],
						"0.5833": [0, 0.56, 0],
						"1.0": [0, 0, 0],
						"1.25": [0, 0, 0]
					}
				},
				"back_left_hoof": {
					"rotation": {
						"0.0": [-20, 0, 0],
						"0.25": [65.5, 1, 0],
						"0.3333": [55, 2.5, 0],
						"0.5833": [9.37816, 1.55406, -0.136],
						"0.75": [-4.07574, 0.85787, -0.30417],
						"1.0": [-20.50537, -0.19383, -0.40886],
						"1.25": [-20, 0, 0]
					},
					"position": {
						"0.0": [0, 0.2, 0],
						"0.25": [0, 0.27, 0.1],
						"0.3333": [0, 0.3, 0.5],
						"0.5833": [0, 0.3, 0],
						"1.0": [0, 0.4, 0.2],
						"1.25": [0, 0.2, 0]
					}
				},
				"back_right_thigh": {
					"rotation": {
						"0.0": [0, 0, 0],
						"0.1667": [0, 0, 0],
						"0.6667": [7.5, 0, 0],
						"0.9167": [0, 0, 0],
						"1.25": [0, 0, 0]
					},
					"position": {
						"0.0": [0, -1.13, -1.83],
						"0.1667": [0, -0.7, -1.37],
						"0.6667": [0, -1, 0],
						"0.9167": [0, 0, -2],
						"1.25": [0, -1.13, -1.83]
					}
				},
				"back_right_hock": {
					"rotation": {
						"0.0": [-8.36, 0, 0],
						"0.6667": [32.4754, 0.45352, -0.37558],
						"0.75": [29.69, 0, 0],
						"1.0": [-25.62, 0, 0],
						"1.25": [-8.36, 0, 0]
					},
					"position": {
						"0.0": [0, 0.56, 0],
						"0.4167": [0, 0, 0],
						"0.6667": [0, 0, 0],
						"0.9167": [0, 1, 0],
						"1.25": [0, 0.56, 0]
					}
				},
				"back_right_hoof": {
					"rotation": {
						"0.0": [6.87725, 1.54665, -0.20367],
						"0.3333": [-12.50596, -0.09815, -0.40191],
						"0.5833": [-20, 0, 0],
						"0.8333": [65.5, 1, 0],
						"0.9167": [55, 2.5, 0],
						"1.25": [6.87725, 1.54665, -0.20367]
					},
					"position": {
						"0.0": [0, 0.3, 0],
						"0.3333": [0, 0.4, 0.2],
						"0.5833": [0, 0.2, 0],
						"0.8333": [0, 0.27, 0.1],
						"0.9167": [0, 0.3, 0.5],
						"1.25": [0, 0.3, 0]
					}
				}
			}
		}
	},
	"geckolib_format_version": 2
}