{
	"format_version": "1.8.0",
	"animations": {
		"idle": {
			"loop": true,
			"animation_length": 8.875,
			"bones": {
				"body_piv": {
					"rotation": [0, 0, 0],
					"position": [0, "0+math.cos(query.anim_time * 80) * 0.2", 0]
				},
				"neck": {
					"rotation": ["2.5+math.cos(query.anim_time * 80) * 3", 0, 0],
					"position": {
						"0.0": [0, -0.3, 0],
						"2.9583": [0, -0.2, 0],
						"5.625": [0, 0, 0],
						"8.7917": [0, -0.3, 0]
					}
				},
				"head": {
					"rotation": ["-7.5+math.sin(query.anim_time * 80) * 3", 0, 0],
					"position": [0, -0.1, -0.3],
					"scale": [0.9, 1, 1]
				},
				"tail": {
					"rotation": [0, 0, "math.cos(query.anim_time * 80) * 7"],
					"position": [0, 0, 0]
				},
				"tail_2": {
					"rotation": [0, 0, "math.sin(query.anim_time * -80) * -15"],
					"scale": [1, 1.2, 1]
				},
				"fat": {
					"position": {
						"0.0": [0, 0, 0],
						"2.7917": [0, -0.1, 0],
						"4.9583": [0, -0.2, 0],
						"7.0": [0, 0, 0],
						"8.8333": [0, 0, 0]
					}
				},
				"front_right_leg": {
					"scale": [0.7, 1, 0.9]
				},
				"front_left_leg": {
					"rotation": [2.5, 0, 0],
					"position": [0, 0, 1.5],
					"scale": [0.7, 1, 0.9]
				},
				"back_left_calf": {
					"position": {
						"0.0": [0, -0.2, 0],
						"2.25": [0, 0.2, 0],
						"4.5417": [0, -0.2, 0],
						"6.7917": [0, 0.2, 0],
						"8.8333": [0, -0.2, 0]
					},
					"scale": [0.9, 1, 0.9]
				},
				"back_right_calf": {
					"position": {
						"0.0": [0, -0.2, 0],
						"2.25": [0, 0.2, 0],
						"4.5417": [0, -0.2, 0],
						"6.7917": [0, 0.2, 0],
						"8.8333": [0, -0.2, 0]
					},
					"scale": [0.9, 1, 0.9]
				},
				"back_left_leg": {
					"rotation": [2.5, 0, 0]
				},
				"back_right_hoof": {
					"rotation": [-2.5, 0, 0]
				},
				"back_right_leg": {
					"rotation": [-2.5, 0, 0]
				},
				"back_left_hoof": {
					"rotation": [2.5, 0, 0]
				},
				"front_left_hoof": {
					"rotation": [-2.5, 0, 0]
				}
			}
		},
		"walk": {
			"loop": true,
			"animation_length": 1.5,
			"bones": {
				"body_piv": {
					"rotation": ["math.sin(query.anim_time * 480) * 1+1.5", 0, 0],
					"position": {
						"0.0": [0, "-0.3+math.sin(query.anim_time * 480) * -0.2", "-1+math.sin(query.anim_time * 480) * 0.2"],
						"0.3333": [0, "-0.3+math.sin(query.anim_time * 480) * -0.2", "-1+math.sin(query.anim_time * 480) * 0.2"],
						"0.75": [0, "-0.3+math.sin(query.anim_time * 480) * -0.2", "-1+math.sin(query.anim_time * 480) * 0.2"],
						"1.0833": [0, "-0.3+math.sin(query.anim_time * 480) * -0.2", "-1+math.sin(query.anim_time * 480) * 0.2"],
						"1.5": [0, "-0.3+math.sin(query.anim_time * 480) * -0.2", "-1+math.sin(query.anim_time * 480) * 0.2"]
					},
					"scale": {
						"0.0": {
							"post": [1, 1, 1],
							"lerp_mode": "catmullrom"
						},
						"1.5": {
							"post": [1, 1, 1],
							"lerp_mode": "catmullrom"
						}
					}
				},
				"front_right_leg": {
					"rotation": {
						"0.0": {
							"post": [-30, 0, 0],
							"lerp_mode": "catmullrom"
						},
						"0.1667": {
							"post": [-50, 0, 0],
							"lerp_mode": "catmullrom"
						},
						"0.3333": {
							"post": [-20, 0, 0],
							"lerp_mode": "catmullrom"
						},
						"0.75": {
							"post": [7.5, 0, 0],
							"lerp_mode": "catmullrom"
						},
						"1.0": {
							"post": [25, 0, 0],
							"lerp_mode": "catmullrom"
						},
						"1.5": {
							"post": [-30, 0, 0],
							"lerp_mode": "catmullrom"
						}
					},
					"position": {
						"0.0": {
							"post": [0, -1, -1],
							"lerp_mode": "catmullrom"
						},
						"0.1667": {
							"post": [0, -1.9, -0.7],
							"lerp_mode": "catmullrom"
						},
						"0.3333": {
							"post": [0, -0.8, -1.4],
							"lerp_mode": "catmullrom"
						},
						"0.75": {
							"post": [0, -0.88, 2.47],
							"lerp_mode": "catmullrom"
						},
						"1.0": {
							"post": [0, -1, 4],
							"lerp_mode": "catmullrom"
						},
						"1.5": {
							"post": [0, -1, -1],
							"lerp_mode": "catmullrom"
						}
					},
					"scale": {
						"0.0": {
							"post": [0.7, 1, 0.9],
							"lerp_mode": "catmullrom"
						},
						"0.75": {
							"post": [0.7, 1, 0.9],
							"lerp_mode": "catmullrom"
						},
						"1.5": {
							"post": [0.7, 1, 0.9],
							"lerp_mode": "catmullrom"
						}
					}
				},
				"front_right_calf": {
					"rotation": {
						"0.0": {
							"post": [67.82, 0, 0],
							"lerp_mode": "catmullrom"
						},
						"0.1667": {
							"post": [57.37, 0, 0],
							"lerp_mode": "catmullrom"
						},
						"0.25": {
							"post": [16.19, 0, 0],
							"lerp_mode": "catmullrom"
						},
						"0.3333": {
							"post": [-2.5, 0, 0],
							"lerp_mode": "catmullrom"
						},
						"0.5": {
							"post": [0, 0, 0],
							"lerp_mode": "catmullrom"
						},
						"0.75": {
							"post": [0, 0, 0],
							"lerp_mode": "catmullrom"
						},
						"1.0": {
							"post": [0, 0, 0],
							"lerp_mode": "catmullrom"
						},
						"1.25": {
							"post": [65, 0, 0],
							"lerp_mode": "catmullrom"
						},
						"1.5": {
							"post": [67.82, 0, 0],
							"lerp_mode": "catmullrom"
						}
					},
					"position": {
						"0.0": {
							"post": [0, 0.11, 0.21],
							"lerp_mode": "catmullrom"
						},
						"0.1667": {
							"post": [0, 0.13, 0.25],
							"lerp_mode": "catmullrom"
						},
						"0.3333": {
							"post": [0, 0, 0],
							"lerp_mode": "catmullrom"
						},
						"0.75": {
							"post": [0, 0, 0],
							"lerp_mode": "catmullrom"
						},
						"1.0": {
							"post": [0, 0, 0],
							"lerp_mode": "catmullrom"
						},
						"1.5": {
							"post": [0, 0.11, 0.21],
							"lerp_mode": "catmullrom"
						}
					}
				},
				"front_right_hoof": {
					"rotation": {
						"0.0": {
							"post": [64.38, 0, 0],
							"lerp_mode": "catmullrom"
						},
						"0.0833": {
							"post": [64.38, 0, 0],
							"lerp_mode": "catmullrom"
						},
						"0.4167": {
							"post": [20, 0, 0],
							"lerp_mode": "catmullrom"
						},
						"0.8333": {
							"post": [-12.5, 0, 0],
							"lerp_mode": "catmullrom"
						},
						"1.0833": {
							"post": [-24.17, 0, 0],
							"lerp_mode": "catmullrom"
						},
						"1.5": {
							"post": [64.38, 0, 0],
							"lerp_mode": "catmullrom"
						}
					},
					"position": {
						"0.0": {
							"post": [0, -0.36, 0.34],
							"lerp_mode": "catmullrom"
						},
						"0.0833": {
							"post": [0, -0.36, 0.34],
							"lerp_mode": "catmullrom"
						},
						"0.8333": {
							"post": [0, 0, 0],
							"lerp_mode": "catmullrom"
						},
						"1.0833": {
							"post": [0, -0.8, 1],
							"lerp_mode": "catmullrom"
						},
						"1.5": {
							"post": [0, -0.36, 0.34],
							"lerp_mode": "catmullrom"
						}
					}
				},
				"front_left_leg": {
					"rotation": {
						"0.0": {
							"post": [7.5, 0, 0],
							"lerp_mode": "catmullrom"
						},
						"0.25": {
							"post": [25, 0, 0],
							"lerp_mode": "catmullrom"
						},
						"0.6667": {
							"post": [-30, 0, 0],
							"lerp_mode": "catmullrom"
						},
						"0.8333": {
							"post": [-50, 0, 0],
							"lerp_mode": "catmullrom"
						},
						"1.0": {
							"post": [-20, 0, 0],
							"lerp_mode": "catmullrom"
						},
						"1.5": {
							"post": [7.5, 0, 0],
							"lerp_mode": "catmullrom"
						}
					},
					"position": {
						"0.0": {
							"post": [0, -0.88, 2.47],
							"lerp_mode": "catmullrom"
						},
						"0.25": {
							"post": [0, -1, 4],
							"lerp_mode": "catmullrom"
						},
						"0.6667": {
							"post": [0, -1, -1],
							"lerp_mode": "catmullrom"
						},
						"0.8333": {
							"post": [0, -1.9, -0.7],
							"lerp_mode": "catmullrom"
						},
						"1.0": {
							"post": [0, -0.8, -1.4],
							"lerp_mode": "catmullrom"
						},
						"1.5": {
							"post": [0, -0.88, 2.47],
							"lerp_mode": "catmullrom"
						}
					},
					"scale": {
						"0.0": {
							"post": [0.7, 1, 0.9],
							"lerp_mode": "catmullrom"
						},
						"0.6667": {
							"post": [0.7, 1, 0.9],
							"lerp_mode": "catmullrom"
						},
						"1.5": {
							"post": [0.7, 1, 0.9],
							"lerp_mode": "catmullrom"
						}
					}
				},
				"front_left_calf": {
					"rotation": {
						"0.0": {
							"post": [0, 0, 0],
							"lerp_mode": "catmullrom"
						},
						"0.25": {
							"post": [0, 0, 0],
							"lerp_mode": "catmullrom"
						},
						"0.5": {
							"post": [65, 0, 0],
							"lerp_mode": "catmullrom"
						},
						"0.6667": {
							"post": [67.82, 0, 0],
							"lerp_mode": "catmullrom"
						},
						"0.8333": {
							"post": [57.37, 0, 0],
							"lerp_mode": "catmullrom"
						},
						"0.9167": {
							"post": [16.19, 0, 0],
							"lerp_mode": "catmullrom"
						},
						"1.0": {
							"post": [-2.5, 0, 0],
							"lerp_mode": "catmullrom"
						},
						"1.1667": {
							"post": [0, 0, 0],
							"lerp_mode": "catmullrom"
						},
						"1.5": {
							"post": [0, 0, 0],
							"lerp_mode": "catmullrom"
						}
					},
					"position": {
						"0.0": {
							"post": [0, 0, 0],
							"lerp_mode": "catmullrom"
						},
						"0.25": {
							"post": [0, 0, 0],
							"lerp_mode": "catmullrom"
						},
						"0.6667": {
							"post": [0, 0.11, 0.21],
							"lerp_mode": "catmullrom"
						},
						"0.8333": {
							"post": [0, 0.13, 0.25],
							"lerp_mode": "catmullrom"
						},
						"1.0": {
							"post": [0, 0, 0],
							"lerp_mode": "catmullrom"
						},
						"1.5": {
							"post": [0, 0, 0],
							"lerp_mode": "catmullrom"
						}
					}
				},
				"front_left_hoof": {
					"rotation": {
						"0.0": {
							"post": [0, 0, 0],
							"lerp_mode": "catmullrom"
						},
						"0.25": {
							"post": [-24.17, 0, 0],
							"lerp_mode": "catmullrom"
						},
						"0.5833": {
							"post": [57.55253, -2.54108, -2.60903],
							"lerp_mode": "catmullrom"
						},
						"0.6667": {
							"post": [64.38, 0, 0],
							"lerp_mode": "catmullrom"
						},
						"1.0": {
							"post": [22.5, 0, 0],
							"lerp_mode": "catmullrom"
						},
						"1.5": {
							"post": [0, 0, 0],
							"lerp_mode": "catmullrom"
						}
					},
					"position": {
						"0.0": {
							"post": [0, 0, 0],
							"lerp_mode": "catmullrom"
						},
						"0.25": {
							"post": [0, 0, 0],
							"lerp_mode": "catmullrom"
						},
						"0.5833": {
							"post": [0, -0.7, 0.58],
							"lerp_mode": "catmullrom"
						},
						"0.6667": {
							"post": [0, -0.36, 0.34],
							"lerp_mode": "catmullrom"
						},
						"1.5": {
							"post": [0, 0, 0],
							"lerp_mode": "catmullrom"
						}
					}
				},
				"back_right_leg": {
					"rotation": {
						"0.0": {
							"post": [-12.78, 0, 0],
							"lerp_mode": "catmullrom"
						},
						"0.6667": {
							"post": [7.5, 0, 0],
							"lerp_mode": "catmullrom"
						},
						"0.8333": {
							"post": [10, 0, 0],
							"lerp_mode": "catmullrom"
						},
						"1.5": {
							"post": [-12.78, 0, 0],
							"lerp_mode": "catmullrom"
						}
					},
					"position": {
						"0.0": {
							"post": [0, -0.7, -0.62],
							"lerp_mode": "catmullrom"
						},
						"0.25": {
							"post": [0, 0, -0.5],
							"lerp_mode": "catmullrom"
						},
						"0.6667": {
							"post": [0, 0, 3],
							"lerp_mode": "catmullrom"
						},
						"1.0": {
							"post": [0, 0, 0.1],
							"lerp_mode": "catmullrom"
						},
						"1.5": {
							"post": [0, -0.7, -0.62],
							"lerp_mode": "catmullrom"
						}
					},
					"scale": {
						"0.0": {
							"post": [0.8, 1, 0.9],
							"lerp_mode": "catmullrom"
						},
						"0.6667": {
							"post": [0.8, 1, 0.9],
							"lerp_mode": "catmullrom"
						},
						"1.0": {
							"post": [0.8, 0.9, 0.9],
							"lerp_mode": "catmullrom"
						},
						"1.5": {
							"post": [0.8, 1, 0.9],
							"lerp_mode": "catmullrom"
						}
					}
				},
				"back_left_calf": {
					"rotation": {
						"0.0": {
							"post": [-12.4076, 0.04005, -0.03347],
							"lerp_mode": "catmullrom"
						},
						"0.6667": {
							"post": [12.01676, 0.48237, -0.40176],
							"lerp_mode": "catmullrom"
						},
						"1.1667": {
							"post": [-25.08047, -0.05326, 0.04689],
							"lerp_mode": "catmullrom"
						},
						"1.5": {
							"post": [-12.4076, 0.04005, -0.03347],
							"lerp_mode": "catmullrom"
						}
					},
					"position": {
						"0.0": {
							"post": [0, 0.4, -2],
							"lerp_mode": "catmullrom"
						},
						"0.6667": {
							"post": [0, -1, 0],
							"lerp_mode": "catmullrom"
						},
						"1.0": {
							"post": [0, -1, 0],
							"lerp_mode": "catmullrom"
						},
						"1.5": {
							"post": [0, 0.4, -2],
							"lerp_mode": "catmullrom"
						}
					},
					"scale": {
						"0.6667": {
							"pre": [0.9, 1, 0.9],
							"post": [0.9, 1, 0.9],
							"lerp_mode": "catmullrom"
						}
					}
				},
				"back_left_hoof": {
					"rotation": {
						"0.0": {
							"post": [21.4, 1.21, -0.22],
							"lerp_mode": "catmullrom"
						},
						"0.25": {
							"post": [9.80485, 0.76482, -0.15508],
							"lerp_mode": "catmullrom"
						},
						"0.6667": {
							"post": [-20, 0, 0],
							"lerp_mode": "catmullrom"
						},
						"0.8333": {
							"post": [62.75043, 0.50001, 0],
							"lerp_mode": "catmullrom"
						},
						"1.0": {
							"post": [65.5, 1, 0],
							"lerp_mode": "catmullrom"
						},
						"1.1667": {
							"post": [71.18908, 1.27703, -0.068],
							"lerp_mode": "catmullrom"
						},
						"1.5": {
							"post": [21.4, 1.21, -0.22],
							"lerp_mode": "catmullrom"
						}
					},
					"position": {
						"0.0": {
							"post": [0, -0.47, 0.06],
							"lerp_mode": "catmullrom"
						},
						"0.6667": {
							"post": [0, 0.2, 0],
							"lerp_mode": "catmullrom"
						},
						"0.8333": {
							"post": [0, -0.26, 1.05],
							"lerp_mode": "catmullrom"
						},
						"1.0": {
							"post": [0, -0.73, 1.4],
							"lerp_mode": "catmullrom"
						},
						"1.1667": {
							"post": [0, -0.8, 1.1],
							"lerp_mode": "catmullrom"
						},
						"1.5": {
							"post": [0, -0.47, 0.06],
							"lerp_mode": "catmullrom"
						}
					}
				},
				"back_left_leg": {
					"rotation": {
						"0.0": {
							"post": [7.5, 0, 0],
							"lerp_mode": "catmullrom"
						},
						"0.1667": {
							"post": [10, 0, 0],
							"lerp_mode": "catmullrom"
						},
						"0.75": {
							"post": [-12.78, 0, 0],
							"lerp_mode": "catmullrom"
						},
						"1.5": {
							"post": [7.5, 0, 0],
							"lerp_mode": "catmullrom"
						}
					},
					"position": {
						"0.0": {
							"post": [0, 0, 3],
							"lerp_mode": "catmullrom"
						},
						"0.3333": {
							"post": [0, 0, 0.1],
							"lerp_mode": "catmullrom"
						},
						"0.75": {
							"post": [0, -0.7, -0.62],
							"lerp_mode": "catmullrom"
						},
						"1.0": {
							"post": [0, 0, -0.5],
							"lerp_mode": "catmullrom"
						},
						"1.5": {
							"post": [0, 0, 3],
							"lerp_mode": "catmullrom"
						}
					},
					"scale": {
						"0.0": {
							"post": [0.8, 1, 0.9],
							"lerp_mode": "catmullrom"
						},
						"0.3333": {
							"post": [0.8, 0.9, 0.9],
							"lerp_mode": "catmullrom"
						},
						"0.75": {
							"post": [0.8, 1, 0.9],
							"lerp_mode": "catmullrom"
						},
						"1.5": {
							"post": [0.8, 1, 0.9],
							"lerp_mode": "catmullrom"
						}
					}
				},
				"back_right_calf": {
					"rotation": {
						"0.0": {
							"post": [12.01676, 0.48237, -0.40176],
							"lerp_mode": "catmullrom"
						},
						"0.5": {
							"post": [-25.08047, -0.05326, 0.04689],
							"lerp_mode": "catmullrom"
						},
						"0.75": {
							"post": [-12.4076, 0.04005, -0.03347],
							"lerp_mode": "catmullrom"
						},
						"1.5": {
							"post": [12.01676, 0.48237, -0.40176],
							"lerp_mode": "catmullrom"
						}
					},
					"position": {
						"0.0": {
							"post": [0, -1, 0],
							"lerp_mode": "catmullrom"
						},
						"0.3333": {
							"post": [0, -1, 0],
							"lerp_mode": "catmullrom"
						},
						"0.75": {
							"post": [0, 0.4, -2],
							"lerp_mode": "catmullrom"
						},
						"1.5": {
							"post": [0, -1, 0],
							"lerp_mode": "catmullrom"
						}
					},
					"scale": {
						"0.0": {
							"post": [0.9, 1, 0.9],
							"lerp_mode": "catmullrom"
						},
						"1.5": {
							"post": [0.9, 1, 0.9],
							"lerp_mode": "catmullrom"
						}
					}
				},
				"back_right_hoof": {
					"rotation": {
						"0.0": {
							"post": [-20, 0, 0],
							"lerp_mode": "catmullrom"
						},
						"0.1667": {
							"post": [62.75043, 0.50001, 0],
							"lerp_mode": "catmullrom"
						},
						"0.3333": {
							"post": [65.5, 1, 0],
							"lerp_mode": "catmullrom"
						},
						"0.5": {
							"post": [71.18908, 1.27703, -0.068],
							"lerp_mode": "catmullrom"
						},
						"0.75": {
							"post": [21.4, 1.21, -0.22],
							"lerp_mode": "catmullrom"
						},
						"1.0": {
							"post": [9.80485, 0.76482, -0.15508],
							"lerp_mode": "catmullrom"
						},
						"1.5": {
							"post": [-20, 0, 0],
							"lerp_mode": "catmullrom"
						}
					},
					"position": {
						"0.0": {
							"post": [0, 0.2, 0],
							"lerp_mode": "catmullrom"
						},
						"0.1667": {
							"post": [0, -0.26, 1.05],
							"lerp_mode": "catmullrom"
						},
						"0.3333": {
							"post": [0, -0.73, 1.4],
							"lerp_mode": "catmullrom"
						},
						"0.5": {
							"post": [0, -0.8, 1.1],
							"lerp_mode": "catmullrom"
						},
						"0.75": {
							"post": [0, -0.47, 0.06],
							"lerp_mode": "catmullrom"
						},
						"1.5": {
							"post": [0, 0.2, 0],
							"lerp_mode": "catmullrom"
						}
					}
				},
				"neck": {
					"rotation": ["5+math.cos(query.anim_time * 510) * -2+2", 0, 0],
					"position": [0, "0+math.sin(query.anim_time * 510) *-0.2-0.2", 0]
				},
				"head": {
					"rotation": ["-7.5+math.sin(query.anim_time * 510)*-3", 0, 0],
					"position": {
						"0.0": {
							"post": [0, -0.1, -0.3],
							"lerp_mode": "catmullrom"
						}
					},
					"scale": {
						"0.0": {
							"post": [0.9, 1, 1],
							"lerp_mode": "catmullrom"
						}
					}
				},
				"tail": {
					"rotation": {
						"0.0": {
							"post": [0, -0.21782, 7.4905],
							"lerp_mode": "catmullrom"
						},
						"0.75": {
							"post": [0, 0.21782, -7.4905],
							"lerp_mode": "catmullrom"
						},
						"1.5": {
							"post": [0, -0.21782, 7.4905],
							"lerp_mode": "catmullrom"
						}
					},
					"position": [0, "0+math.sin(query.anim_time * 510) *0.2-0.2", 0]
				},
				"tail_2": {
					"rotation": {
						"0.0": {
							"post": [0, 0, -5],
							"lerp_mode": "catmullrom"
						},
						"0.1667": {
							"post": [0, 0, 15],
							"lerp_mode": "catmullrom"
						},
						"0.6667": {
							"post": [0, 0, 12.5],
							"lerp_mode": "catmullrom"
						},
						"1.0833": {
							"post": [0, 0, -15],
							"lerp_mode": "catmullrom"
						},
						"1.5": {
							"post": [0, 0, -5],
							"lerp_mode": "catmullrom"
						}
					}
				},
				"body_fluff": {
					"position": {
						"0.0": {
							"post": [0, -0.2, 0],
							"lerp_mode": "catmullrom"
						},
						"0.1667": {
							"post": [0, -0.5, 0],
							"lerp_mode": "catmullrom"
						},
						"0.5": {
							"post": [0, 0, 0],
							"lerp_mode": "catmullrom"
						},
						"0.9167": {
							"post": [0, -0.5, 0],
							"lerp_mode": "catmullrom"
						},
						"1.25": {
							"post": [0, -0.2, 0],
							"lerp_mode": "catmullrom"
						},
						"1.5": {
							"post": [0, -0.2, 0],
							"lerp_mode": "catmullrom"
						}
					},
					"scale": {
						"0.0": {
							"post": [1, 0.99, 1],
							"lerp_mode": "catmullrom"
						},
						"0.1667": {
							"post": [1, 1, 1],
							"lerp_mode": "catmullrom"
						},
						"0.5": {
							"post": [1, 0.97, 1],
							"lerp_mode": "catmullrom"
						},
						"0.9167": {
							"post": [1, 1, 1],
							"lerp_mode": "catmullrom"
						},
						"1.25": {
							"post": [1, 0.97, 1],
							"lerp_mode": "catmullrom"
						},
						"1.5": {
							"post": [1, 0.99, 1],
							"lerp_mode": "catmullrom"
						}
					}
				},
				"neck_fluff": {
					"rotation": {
						"0.0": {
							"post": [0, 0, 0],
							"lerp_mode": "catmullrom"
						},
						"1.5": {
							"post": [0, 0, 0],
							"lerp_mode": "catmullrom"
						}
					},
					"scale": {
						"0.0": {
							"post": [1, 0.96, 1],
							"lerp_mode": "catmullrom"
						},
						"0.1667": {
							"post": [1, 1, 1],
							"lerp_mode": "catmullrom"
						},
						"0.5": {
							"post": [1, 0.94, 1],
							"lerp_mode": "catmullrom"
						},
						"0.9167": {
							"post": [1, 1, 1],
							"lerp_mode": "catmullrom"
						},
						"1.25": {
							"post": [1, 0.94, 1],
							"lerp_mode": "catmullrom"
						},
						"1.5": {
							"post": [1, 0.96, 1],
							"lerp_mode": "catmullrom"
						}
					}
				},
				"head_fluff": {
					"position": {
						"0.0": {
							"post": [0, 0, 0],
							"lerp_mode": "catmullrom"
						},
						"0.3333": {
							"post": [0, 0.4, 0],
							"lerp_mode": "catmullrom"
						},
						"0.75": {
							"post": [0, 0, 0],
							"lerp_mode": "catmullrom"
						},
						"1.0833": {
							"post": [0, 0.4, 0],
							"lerp_mode": "catmullrom"
						},
						"1.5": {
							"post": [0, 0, 0],
							"lerp_mode": "catmullrom"
						}
					},
					"scale": {
						"0.0": {
							"post": [1, 1, 1],
							"lerp_mode": "catmullrom"
						},
						"0.3333": {
							"post": [1, 0.99, 1],
							"lerp_mode": "catmullrom"
						},
						"0.75": {
							"post": [1, 1, 1],
							"lerp_mode": "catmullrom"
						},
						"1.0833": {
							"post": [1, 0.99, 1],
							"lerp_mode": "catmullrom"
						},
						"1.5": {
							"post": [1, 1, 1],
							"lerp_mode": "catmullrom"
						}
					}
				},
				"hump": {
					"rotation": ["math.cos(query.anim_time * 510) * -2", 0, 0],
					"position": {
						"0.0": {
							"post": [0, 0, 0],
							"lerp_mode": "catmullrom"
						}
					},
					"scale": {
						"0.0": {
							"post": [1, 1, 1],
							"lerp_mode": "catmullrom"
						}
					}
				},
				"bodygroup": {
					"position": [0, 0, 1]
				},
				"utters": {
					"rotation": ["math.cos(query.anim_time * 510) * -2", 0, 0]
				}
			},
			"particle_effects": {
				"0.0": {
					"effect": "smoke",
					"locator": "back_right_hoof"
				}
			}
		},
		"run": {
			"loop": true,
			"animation_length": 0.6375,
			"bones": {
				"fat": {
					"rotation": {
						"0.0": [0, 0, 0],
						"0.2375": [-10, 0, 0],
						"0.6375": [0, 0, 0]
					},
					"position": {
						"0.0": [0, 0.1, 0.2],
						"0.6375": [0, 0.1, 0.2]
					},
					"scale": {
						"0.0": [1, 1, 1],
						"0.2375": [1, 0.91, 1],
						"0.6375": [1, 1, 1]
					}
				},
				"utters": {
					"rotation": ["math.sin(query.anim_time * 560) *-15", 0, 0],
					"position": [0, 0.4, 0]
				},
				"front_right_leg": {
					"rotation": {
						"0.0": [-27.54466, 0.76152, -0.88661],
						"0.125": [-73, 0, 0],
						"0.2625": [-8, 0, 0],
						"0.4875": [26.9938, -0.42314, 0.20327],
						"0.6375": [-27.54466, 0.76152, -0.88661]
					},
					"position": {
						"0.0": [0, 0, 1],
						"0.125": [0, -2, -1.06],
						"0.2625": [0, -1.06, 1.12],
						"0.4875": [0, -1.1, 4.7],
						"0.6375": [0, 0, 1]
					},
					"scale": {
						"0.0": [0.7, 1, 0.9],
						"0.6375": [0.7, 1, 0.9]
					}
				},
				"front_right_calf": {
					"rotation": {
						"0.0": [100, 0, 0],
						"0.125": [87.5, 0, 0],
						"0.2": [-4.52703, 0, 0],
						"0.4875": [-7.4985, 0.43305, -0.02006],
						"0.6375": [100, 0, 0]
					},
					"position": {
						"0.0": [0, 0.1, 0.4],
						"0.3375": [0, 0.5, 0],
						"0.4875": [0, 0, 0],
						"0.6375": [0, 0.1, 0.4]
					}
				},
				"front_right_hoof": {
					"rotation": {
						"0.0": [35, 0, 0],
						"0.1375": [70, 0, 0],
						"0.2625": [12.5, 0, 0],
						"0.3375": [-2.08307, 0.06728, -0.04751],
						"0.4875": [-21.24924, 0.21579, -0.18205],
						"0.6375": [35, 0, 0]
					},
					"position": {
						"0.0": [0, -0.2, 0.7],
						"0.1375": [0, -0.2, 0.7],
						"0.2625": [0, 0, 0],
						"0.6375": [0, -0.2, 0.7]
					}
				},
				"front_left_leg": {
					"rotation": {
						"0.0": [20, 0, 0],
						"0.2625": [-62.04781, 0.13787, 1.07551],
						"0.6375": [20, 0, 0]
					},
					"position": {
						"0.0": [0, 1, 4],
						"0.2625": [0, -1.43, 0],
						"0.4875": [0, -0.37, 1.8],
						"0.6375": [0, 1, 3]
					},
					"scale": {
						"0.0": [0.7, 1, 0.9],
						"0.15": [0.7, 0.92, 0.9],
						"0.35": [0.7, 1, 0.9],
						"0.6375": [0.7, 1, 0.9]
					}
				},
				"front_left_calf": {
					"rotation": {
						"0.0": [0, 0, 0],
						"0.15": [79.9819, 0.10081, 0.28509],
						"0.2625": [81.97459, -0.08964, -0.67057],
						"0.35": [-0.01848, 0.29827, -0.04977],
						"0.6375": [0, 0, 0]
					},
					"position": {
						"0.0": [0, -1, 0],
						"0.15": [0, -0.41, 0.72],
						"0.2625": [0, 0.53, 0.52],
						"0.35": [0, 0.48, 0.09],
						"0.6375": [0, -1, 0]
					}
				},
				"front_left_hoof": {
					"rotation": {
						"0.0": [0, 0, 0],
						"0.075": [0, 0, 0],
						"0.2625": [79.99954, -0.02002, 0.16805],
						"0.35": [49.30525, -0.01099, 0.11288],
						"0.4875": [12.49993, 0.00319, 0.02619],
						"0.6375": [0, 0, 0]
					},
					"position": {
						"0.0": [0, 0, 0],
						"0.075": [0, 0, 1.3],
						"0.2625": [0, -0.4, 0.5],
						"0.4875": [0, 0, 0],
						"0.6375": [0, 0, 0]
					}
				},
				"back_right_leg": {
					"rotation": {
						"0.0": [-20, 0, 0],
						"0.275": [10, 0, 0],
						"0.6375": [-20, 0, 0]
					},
					"position": {
						"0.0": [0, 0, 1],
						"0.275": [0, -1, 2],
						"0.425": [0, -1, 1.59],
						"0.6375": [0, 0, 1]
					},
					"scale": {
						"0.0": [1, 1, 1],
						"0.275": [1, 1, 1],
						"0.325": [1, 1.02, 1],
						"0.4625": [1, 0.94, 1],
						"0.6375": [1, 1, 1]
					}
				},
				"back_left_calf": {
					"rotation": {
						"0.0": [-12.49799, 0.0539, -0.08562],
						"0.275": [16.22131, 0, 0],
						"0.3375": [21.16039, 0.01392, -0.02441],
						"0.5": [-22.49799, 0.05012, -0.08789],
						"0.6375": [-12.49799, 0.0539, -0.08562]
					},
					"position": {
						"0.0": [0, -0.35, -2.14],
						"0.225": [0, -0.72, -0.05],
						"0.275": [0, -0.43, 0.42],
						"0.3375": [0, 1.58, 0.98],
						"0.5": [0, 0.53, 1.29],
						"0.6375": [0, -0.35, -2.14]
					},
					"scale": {
						"0.0": [0.9, 1, 0.9],
						"0.6375": [0.9, 1, 0.9]
					}
				},
				"back_left_hoof": {
					"rotation": {
						"0.0": [64.93558, 0, 0],
						"0.1125": [9.79665, 0, 0],
						"0.1875": [-3.75758, 0, 0],
						"0.2": [-15.74, 0, 0],
						"0.275": [52.34, 0, 0],
						"0.475": [69.85456, 0, 0],
						"0.6375": [64.93558, 0, 0]
					},
					"position": {
						"0.0": [0, -0.4, 1],
						"0.0875": [0, -0.59, 0.2],
						"0.275": [0, -1, 1],
						"0.6375": [0, -0.4, 1]
					}
				},
				"back_left_leg": {
					"rotation": {
						"0.0": [-15.88, 0, 0],
						"0.0875": [-15.88, 0, 0],
						"0.225": [-11.35, 0, 0],
						"0.425": [12.5, 0, 0],
						"0.6375": [-15.88, 0, 0]
					},
					"position": {
						"0.0": [0, 0, 0],
						"0.425": [0, -2, 1],
						"0.6375": [0, 0, 0]
					},
					"scale": {
						"0.0": [1, 1, 1],
						"0.425": [1, 1, 1],
						"0.6375": [1, 1, 1]
					}
				},
				"back_right_calf": {
					"rotation": {
						"0.0": [-15.07656, 0.01272, -0.22802],
						"0.0875": [-18.93528, 0.00943, -0.1689],
						"0.4625": [19.48, 0, 0],
						"0.6375": [-15.07656, 0.01272, -0.22802]
					},
					"position": {
						"0.0": [0, 0, 0],
						"0.0875": [0, 0.01, -1.11],
						"0.225": [-0.00354, 0.22632, -0.28806],
						"0.3375": [0, -0.69371, -0.14605],
						"0.4625": [0, 1.94, -0.06],
						"0.55": [0, 2.79907, 1.00317],
						"0.6375": [0, 0, 0]
					},
					"scale": {
						"0.0": [0.9, 1, 0.9],
						"0.6375": [0.9, 1, 0.9]
					}
				},
				"back_right_hoof": {
					"rotation": {
						"0.0": [55, 0, 0],
						"0.15": [34.99945, 0.15123, 0.03088],
						"0.225": [14.57696, 0.35968, -0.40457],
						"0.3375": [-8.55679, 0.67235, -1.05774],
						"0.4125": [33.95622, 1.66981, -2.90406],
						"0.4875": [68.82, 0.56, -0.97],
						"0.525": [60, 0, 0],
						"0.6375": [55, 0, 0]
					},
					"position": {
						"0.0": [0, -0.5, 0.4],
						"0.15": [0, -0.3, 0.4],
						"0.3375": [0, -0.26, 0.24],
						"0.4125": [0, -0.81563, 1.31401],
						"0.6375": [0, -0.5, 0.4]
					}
				},
				"neck": {
					"rotation": ["math.sin(query.anim_time * 560) *5+1", 0, 0],
					"position": [0, -0.3, 0]
				},
				"head": {
					"rotation": ["-10+math.cos(query.anim_time * 560) *7", 0, 0]
				},
				"tail": {
					"rotation": ["37.5+math.sin(query.anim_time * 560) *-10", 0, 0]
				},
				"tail_2": {
					"rotation": ["math.cos(query.anim_time * 560) *25", 0, 0]
				},
				"body_piv": {
					"rotation": ["1+math.cos(query.anim_time * 560) * -5+1+math.cos(query.anim_time * 560) * -2", 0, 0],
					"scale": {
						"0.0": [1, 1, 0.94],
						"0.15": [1, 1.04, 0.98],
						"0.35": [1, 1, 1],
						"0.6375": [1, 1, 0.94]
					}
				},
				"bodygroup": {
					"position": {
						"0.0": [0, 0, 0],
						"0.2": [0, 0.5, 0],
						"0.3375": [0, 0, 0],
						"0.6375": [0, 0, 0]
					}
				},
				"hump": {
					"rotation": {
						"0.0": [0, 0, 0],
						"0.125": [-5, 0, 0],
						"0.4625": [2.5, 0, 0],
						"0.625": [0, 0, 0]
					}
				}
			}
		},
		"sprint": {
			"loop": true,
			"animation_length": 0.6375,
			"bones": {
				"body": {
					"rotation": {
						"0.0": [-4, 0, 0],
						"0.15": [-9.75984, 0.09755, 0.26581],
						"0.2125": [-7.84448, 0.06944, 0.17318],
						"0.3375": [1.3165, 0, 0],
						"0.4375": [3.73101, 0, 0],
						"0.6375": [-4, 0, 0]
					},
					"position": {
						"0.0": [0, 0.1, 0.9],
						"0.15": {
							"pre": [0, -1, -1.5],
							"post": [0, -1, -1.5],
							"lerp_mode": "catmullrom"
						},
						"0.3375": [0, 0, -0.58],
						"0.6375": [0, 0.4, 0.9]
					},
					"scale": {
						"0.0": [1, 1, 0.94],
						"0.15": [1, 1, 0.98],
						"0.35": [1, 1, 0.98],
						"0.6375": [1, 1, 0.94]
					}
				},
				"fat": {
					"rotation": {
						"0.0": [0, 0, 0],
						"0.2375": [-10, 0, 0],
						"0.6375": [0, 0, 0]
					},
					"position": [0, 0, 0]
				},
				"utters": {
					"rotation": {
						"0.0": [13.99775, 0, 0],
						"0.3": [-9.22, 0, 0],
						"0.625": [13.99775, 0, 0]
					},
					"position": [0, 0.49878, -0.03488],
					"scale": [1, 1.2, 1]
				},
				"front_right_leg": {
					"rotation": {
						"0.0": [-27.54466, 0.76152, -0.88661],
						"0.075": [-40.5, 0, 0],
						"0.125": [-73, 0, 0],
						"0.2625": [-8, 0, 0],
						"0.4875": [39.4938, -0.42314, 0.20327],
						"0.6375": [-27.54466, 0.76152, -0.88661]
					},
					"position": {
						"0.0": [0, 0, 2],
						"0.125": [0, 0, -0.06],
						"0.4875": [0, -1, 2.7],
						"0.6375": [0, 0, 2]
					}
				},
				"front_right_calf": {
					"rotation": {
						"0.0": [100, 0, 0],
						"0.125": [70, 0, 0],
						"0.2": [-4.52703, 0, 0],
						"0.2625": [-5, 0, 0],
						"0.4875": [-7.4985, 0.43305, -0.02006],
						"0.6375": [100, 0, 0]
					},
					"position": {
						"0.0": [0, -0.6, -1.6],
						"0.2625": [0, 0, 0],
						"0.3375": [0, 0.5, 0],
						"0.4875": [0, 0, 0],
						"0.6375": [0, -0.6, -1.6]
					}
				},
				"front_right_hoof": {
					"rotation": {
						"0.0": [35, 0, 0],
						"0.15": [35, 0, 0],
						"0.2625": [12.5, 0, 0],
						"0.3375": [-2.08307, 0.06728, -0.04751],
						"0.4875": [-21.24924, 0.21579, -0.18205],
						"0.6375": [35, 0, 0]
					},
					"position": {
						"0.0": [0, -0.2, 0.7],
						"0.15": [0, -0.2, 0.7],
						"0.2625": [0, 0, 0],
						"0.6375": [0, -0.2, 0.7]
					}
				},
				"front_left_leg": {
					"rotation": {
						"0.0": [20, 0, 0],
						"0.15": [-25, 0, 0],
						"0.2625": [-62.04781, 0.13787, 1.07551],
						"0.4875": [5, 0, 0],
						"0.6375": [20, 0, 0]
					},
					"position": {
						"0.0": [0, 1, 4],
						"0.15": [0, 1.61, 2.43],
						"0.2625": [0, 0.57, 0],
						"0.35": [0, -1.29, -1],
						"0.4875": [0, 0, 1],
						"0.6375": [0, 1, 4]
					}
				},
				"front_left_calf": {
					"rotation": {
						"0.0": [0, 0, 0],
						"0.05": [35.99, 0.12, 0.14],
						"0.15": [79.9819, 0.10081, 0.28509],
						"0.1875": [84.72957, -0.00624, -0.01322],
						"0.275": [81.97459, -0.08964, -0.67057],
						"0.35": [-0.01848, 0.29827, -0.04977],
						"0.4875": [-10.0186, 0.28509, -0.10081],
						"0.6375": [0, 0, 0]
					},
					"position": {
						"0.0": [0, -1, 0],
						"0.05": [0, -0.36, -0.3],
						"0.1625": [0, -0.42, -1.4],
						"0.275": [0, -0.48, -1.49],
						"0.35": [0, 0.48, 0.09],
						"0.4875": [0, -0.6, 0.1],
						"0.6375": [0, -1, 0]
					}
				},
				"front_left_hoof": {
					"rotation": {
						"0.0": [0, 0, 0],
						"0.075": [0, 0, 0],
						"0.2625": [32.49954, -0.02002, 0.16805],
						"0.35": [31.80525, -0.01099, 0.11288],
						"0.4875": [4.99993, 0.00319, 0.02619],
						"0.6375": [0, 0, 0]
					},
					"position": {
						"0.0": [0, 0, 0],
						"0.075": [0, 0, 1.3],
						"0.2625": [0, -1.2, 0.5],
						"0.4875": [0, 0, 0],
						"0.6375": [0, 0, 0]
					}
				},
				"back_right_leg": {
					"rotation": {
						"0.0": [-20, 0, 0],
						"0.275": [25, 0, 0],
						"0.6375": [-20, 0, 0]
					},
					"position": {
						"0.0": [0, 0, -1],
						"0.1625": [0, 1, 0],
						"0.275": [0, 0, 1],
						"0.6375": [0, 0, -1]
					},
					"scale": {
						"0.0": [1, 0.9, 1],
						"0.275": [1, 1, 1],
						"0.6375": [1, 0.9, 1]
					}
				},
				"back_left_calf": {
					"rotation": {
						"0.0": [-12.49799, 0.0539, -0.08562],
						"0.275": [21.22131, 0, 0],
						"0.3375": [21.16039, 0.01392, -0.02441],
						"0.5": [-22.49799, 0.05012, -0.08789],
						"0.6375": [-12.49799, 0.0539, -0.08562]
					},
					"position": {
						"0.0": [0, -0.35, -0.14],
						"0.1625": [0, 1.86, -0.06],
						"0.275": [0, -1, -1],
						"0.6375": [0, -0.35, -0.14]
					}
				},
				"back_left_hoof": {
					"rotation": {
						"0.0": [29.93558, -1.15876, 0.49137],
						"0.1125": [-2.70335, 0.04422, -0.21687],
						"0.175": [-1.25758, -0.94143, 0.66843],
						"0.275": [29.84, -2.52, 1.37],
						"0.475": [69.85456, -6.255, 0.92322],
						"0.6375": [29.93558, -1.15876, 0.49137]
					},
					"position": {
						"0.0": [0, 0, 0],
						"0.275": [0, -1, 1],
						"0.6375": [0, 0, 0]
					}
				},
				"back_left_leg": {
					"rotation": {
						"0.0": [0, 0, 0],
						"0.0875": [-7.5, 0, 0],
						"0.425": [7.5, 0, 0],
						"0.6375": [0, 0, 0]
					},
					"position": {
						"0.0": [0, 0, 0],
						"0.0875": [0, 0, -1],
						"0.425": [0, 0, 1],
						"0.6375": [0, 0, 0]
					},
					"scale": {
						"0.0": [1, 1, 1],
						"0.0875": [1, 0.9, 1],
						"0.425": [1, 1, 1]
					}
				},
				"back_right_calf": {
					"rotation": {
						"0.0": [-40.07656, 0.01272, -0.22802],
						"0.15": [-23.69, 0, 0],
						"0.3375": [3.61125, 0, 0],
						"0.4125": [17.5, 0, 0],
						"0.5125": [21.46743, 0, 0],
						"0.6375": [-40.07656, 0.01272, -0.22802]
					},
					"position": {
						"0.0": [0, 0, 0],
						"0.225": [-0.00354, 0.82632, -0.28806],
						"0.3375": [0, -0.69371, -0.14605],
						"0.55": [0, 0.79907, 0.00317],
						"0.6375": [0, 0, 0]
					}
				},
				"back_right_hoof": {
					"rotation": {
						"0.0": [45, 0, 0],
						"0.15": [34.99945, 0.15123, 0.03088],
						"0.25": [8.13346, 0.09503, 0.01089],
						"0.4125": [33.95622, 1.66981, -2.90406],
						"0.525": [37.5, 0, 0],
						"0.6375": [45, 0, 0]
					},
					"position": {
						"0.0": [0, -0.5, 0.4],
						"0.15": [0, -0.3, 0.4],
						"0.4125": [0, -0.81563, 1.31401],
						"0.6375": [0, -0.5, 0.4]
					}
				},
				"neck": {
					"rotation": {
						"0.0": [-15.00145, 0, 0],
						"0.15": [-1.43, 0, 0],
						"0.2125": [4.40309, -0.06951, -0.13411],
						"0.2625": [2.9992, -0.00598, 0.00161],
						"0.6375": [-15.00145, 0, 0]
					},
					"position": {
						"0.0": [0, 0, 0],
						"0.2625": [0, 0.6, 1.2],
						"0.6375": [0, 0, 0]
					},
					"scale": {
						"0.0": [1, 1, 1.06],
						"0.15": [1, 1, 1.02],
						"0.35": [1, 1, 1.02],
						"0.6375": [1, 1, 1.06]
					}
				},
				"head": {
					"rotation": {
						"0.0": [17.50182, -0.01626, 0.0244],
						"0.15": [6.07291, 0, 0],
						"0.2625": [-9.99854, 0, 0],
						"0.6375": [17.50182, -0.01626, 0.0244]
					}
				},
				"right_ear": {
					"rotation": {
						"0.0": [8.38, -1.85, -17.8],
						"0.2125": [3.40083, -1.09302, -9.37426],
						"0.3375": [-2.82017, 1.35064, 6.23042],
						"0.55": [8.80844, -2.11439, -18.01338],
						"0.5875": [10.64518, -2.20079, -21.63568],
						"0.6375": [8.38, -1.85, -17.8]
					},
					"position": {
						"0.0": [0.32, 0, 0],
						"0.2125": [0.3, -0.00027, -0.00005],
						"0.3375": [0.4, 0.00006, -0.00004],
						"0.55": [0.1, 0, 0],
						"0.6375": [0.32, 0, 0]
					},
					"scale": [1.2, 1.3, 1]
				},
				"left_ear": {
					"rotation": {
						"0.0": [8.38, 1.85, 17.8],
						"0.2125": [3.40083, 1.09302, 9.37426],
						"0.3375": [-2.82017, -1.35064, -6.23042],
						"0.55": [8.80844, 2.11439, 18.01338],
						"0.5875": [10.64518, 2.20079, 21.63568],
						"0.6375": [8.38, 1.85, 17.8]
					},
					"position": {
						"0.0": [-0.32, 0, 0],
						"0.2125": [-0.3, 0.00027, 0.00005],
						"0.3375": [-0.4, 0, 0],
						"0.55": [-0.1, 0, 0],
						"0.6375": [-0.32, 0, 0]
					},
					"scale": [1.2, 1.3, 1]
				},
				"jaw": {
					"rotation": [-7.5, 0, 0]
				},
				"tail": {
					"rotation": {
						"0.0": [46.25106, 0, 0],
						"0.15": [55.00106, 0, 0],
						"0.3375": [24.77123, 0, 0],
						"0.4125": [24.62928, 0, 0],
						"0.6375": [46.25106, 0, 0]
					}
				},
				"tail_2": {
					"rotation": {
						"0.0": [-11.00225, 0, 0],
						"0.1625": [10, 0, 0],
						"0.2875": [25, 0, 0],
						"0.3875": [16.89073, 0, 0],
						"0.5": [-13.5, 0, 0],
						"0.625": [-11.00225, 0, 0]
					}
				}
			}
		}
	}
}