{
	"format_version": "1.8.0",
	"animations": {
		"idle": {
			"loop": true,
			"animation_length": 2.52,
			"bones": {
				"body_piv": {
					"position": [0, "-0.3+math.sin(query.anim_time * 140) * 0.2", 0],
					"scale": 1
				},
				"front_right_leg": {
					"rotation": [2.5, 0, 0],
					"scale": [0.8, 1, 0.8]
				},
				"front_right_hoof": {
					"rotation": [-2.5, 0, 0]
				},
				"front_left_leg": {
					"rotation": [2.5, 0, 0],
					"position": [0, 0, 1.2],
					"scale": [0.8, 1, 0.8]
				},
				"front_left_hoof": {
					"rotation": [-2.5, 0, 0]
				},
				"back_right_leg": {
					"rotation": [-5, 0, 0],
					"position": [0, 0, -0.2]
				},
				"back_left_calf": {
					"rotation": [-5, 0, 0],
					"position": [0, "math.sin(query.anim_time * 140) * -0.2", 0],
					"scale": [0.8, 1, 0.8]
				},
				"back_left_hoof": {
					"rotation": [10, 0, 0]
				},
				"back_left_leg": {
					"position": [0, 0, 0.4]
				},
				"back_right_calf": {
					"rotation": [2.5, 0, 0],
					"position": [0, "math.sin(query.anim_time * 140) * -0.2", 0],
					"scale": [0.8, 1, 0.8]
				},
				"back_right_hoof": {
					"rotation": [-2.5, 0, 0]
				},
				"neck": {
					"rotation": ["5+math.cos(query.anim_time * 140) * 2", 0, 0],
					"position": [0, "math.sin(query.anim_time * 140) * 0.2", 0]
				},
				"head": {
					"rotation": ["-2.5+math.sin(query.anim_time * 140) * 2", 0, 0]
				},
				"right": {
					"rotation": {
						"0.0": [-7.65108, 9.84655, -1.75378],
						"1.24": [-10.15108, 9.84655, -1.75378],
						"2.52": [-7.65108, 9.84655, -1.75378]
					}
				},
				"bone3": {
					"rotation": {
						"0.0": [2.5, -12.5, 0],
						"0.67": [4.05242, -12.5, 0],
						"1.24": [10, -12.5, 0],
						"1.91": [8.57422, -12.5, 0],
						"2.52": [2.5, -12.5, 0]
					}
				},
				"left": {
					"rotation": {
						"0.0": [-7.65108, -9.84655, 1.75378],
						"1.24": [-10.15108, -9.84655, 1.75378],
						"2.52": [-7.65108, -9.84655, 1.75378]
					}
				},
				"bone2": {
					"rotation": {
						"0.0": [2.5, 12.5, 0],
						"0.67": [4.05242, 12.5, 0],
						"1.24": [10, 12.5, 0],
						"1.91": [8.57422, 12.5, 0],
						"2.52": [2.5, 12.5, 0]
					}
				},
				"tail": {
					"rotation": [0, 0, "math.cos(query.anim_time * 140) * 7"]
				},
				"tail_2": {
					"rotation": [0, 0, "math.sin(query.anim_time * -140) * -15"]
				},
				"right_ear": {
					"rotation": ["5+math.sin(query.anim_time * 140) * 4", 0, 0]
				},
				"left_ear": {
					"rotation": ["5+math.sin(query.anim_time * 140) * 4", 0, 0]
				}
			}
		},
		"walk": {
			"loop": true,
			"animation_length": 1.375,
			"bones": {
				"body": {
					"rotation": ["math.sin(query.anim_time * 510)*2.5", 0, 0]
				},
				"body_piv": {
					"position": {
						"0.0": {
							"post": [0, 0, 0],
							"lerp_mode": "catmullrom"
						},
						"0.3333": {
							"post": [0, 0, -0.6],
							"lerp_mode": "catmullrom"
						},
						"0.6667": {
							"post": [0, 0, 0],
							"lerp_mode": "catmullrom"
						},
						"1.0": {
							"post": [0, 0, -0.6],
							"lerp_mode": "catmullrom"
						},
						"1.375": {
							"post": [0, 0, 0],
							"lerp_mode": "catmullrom"
						}
					}
				},
				"front_right_leg": {
					"rotation": {
						"0.0": [-65, 0, -2],
						"0.125": [-63.40589, 0, -2],
						"0.375": [-17.71767, 0, -2],
						"0.7083": [7.5, 0, -2],
						"1.0": [25, 0, -2],
						"1.1667": [0, 0, -2],
						"1.375": [-65, 0, -2]
					},
					"position": {
						"0.0": [0, -1, 0],
						"0.375": [0, -1, 0],
						"0.7083": [0, 0, 2.13],
						"1.0": [0, -0.6, 4],
						"1.375": [0, -1, 0]
					},
					"scale": [0.8, 1, 0.8]
				},
				"front_right_calf": {
					"rotation": {
						"0.0": [80, 0, 0],
						"0.125": [46.46, 0, 0],
						"0.375": [-2.5, 0, 0],
						"1.0": [0, 0, 0],
						"1.1667": [52.5, 0, 0],
						"1.2917": [68.21, 0, 0],
						"1.375": [80, 0, 0]
					},
					"position": {
						"0.0": [0, 0, 0],
						"1.0": [0, 0, 0],
						"1.375": [0, 0, 0]
					}
				},
				"front_right_hoof": {
					"rotation": {
						"0.0": [97.5, 0, 0],
						"0.375": [22.5, 0, 0],
						"0.7083": [-5, 0, 0],
						"1.0": [-20, 0, 0],
						"1.375": [97.5, 0, 0]
					},
					"position": {
						"0.0": [0, 0, 0],
						"0.375": [0, 0, 0],
						"1.375": [0, 0, 0]
					}
				},
				"front_left_leg": {
					"rotation": {
						"0.0": [7.5, 0, 2],
						"0.375": [25, 0, 2],
						"0.4583": [0, 0, 2],
						"0.7083": [-65, 0, 2],
						"0.8333": [-63.40589, 0, 2],
						"1.0": [-17.71767, 0, 2],
						"1.375": [7.5, 0, 2]
					},
					"position": {
						"0.0": [0, 0, 2.13],
						"0.375": [0, -0.8, 4],
						"0.7083": [0, -1, 0],
						"1.0": [0, -0.6, 0],
						"1.375": [0, 0, 2.13]
					},
					"scale": [0.8, 1, 0.8]
				},
				"front_left_calf": {
					"rotation": {
						"0.0": [0, 0, 0],
						"0.375": [0, 0, 0],
						"0.5": [52.5, 0, 0],
						"0.5417": [68.21, 0, 0],
						"0.7083": [80, 0, 0],
						"1.0": [-2.5, 0, 0],
						"1.375": [0, 0, 0]
					},
					"position": {
						"0.7083": [0, 0, 0],
						"1.0": [0, 0, 0]
					}
				},
				"front_left_hoof": {
					"rotation": {
						"0.0": [-5, 0, 0],
						"0.375": [-20, 0, 0],
						"0.7083": [97.5, 0, 0],
						"1.0": [22.5, 0, 0],
						"1.375": [-5, 0, 0]
					},
					"position": {
						"0.7083": [0, 0, 0],
						"1.0": [0, 0, 0]
					}
				},
				"back_right_leg": {
					"rotation": {
						"0.0": [-15, 0, 0],
						"0.7083": [15, 0, 0],
						"0.875": [0, 0, 0],
						"1.2083": [-22.5, 0, 0],
						"1.375": [-15, 0, 0]
					},
					"position": {
						"0.0": [0, 0, 0.33],
						"0.7083": [0, -0.6, 1.5],
						"1.375": [0, 0, 0.33]
					},
					"scale": {
						"0.0": [1, 1, 1],
						"0.7083": [1, 1.02, 1],
						"1.375": [1, 1, 1]
					}
				},
				"back_left_calf": {
					"rotation": {
						"0.0": [-10.26, 0, 0],
						"0.7083": [12.5, 0, 0],
						"0.875": [12.81, 0, 0],
						"1.25": [-15, 0, 0],
						"1.375": [-10.26, 0, 0]
					},
					"position": {
						"0.0": [0, 0.95, 2],
						"0.3333": [0, 0.83, 1.3],
						"0.7083": [0, -0.4, 1],
						"0.875": [0, 1.74, 1],
						"1.0833": [0, 2.85, 2],
						"1.25": [0, 1, 2],
						"1.375": [0, 0.95, 2]
					},
					"scale": [0.8, 1, 0.8]
				},
				"back_left_hoof": {
					"rotation": {
						"0.0": [25.63, 0, 0],
						"0.7083": [-25, 0, 0],
						"0.875": [50, 0, 0],
						"1.0": [75, 0, 0],
						"1.2083": [75, 0, 0],
						"1.375": [25.63, 0, 0]
					},
					"position": {
						"0.0": [0, -0.46, 0.49],
						"0.7083": [0, 0, 0.5],
						"0.875": [0, -0.35, 1.6],
						"1.0": [0, -0.7, 1.5],
						"1.2083": [0, -0.7, 1.5],
						"1.375": [0, -0.46, 0.49]
					}
				},
				"back_left_leg": {
					"rotation": {
						"0.0": [15, 0, 0],
						"0.1667": [0, 0, 0],
						"0.5417": [-22.5, 0, 0],
						"0.7083": [-15, 0, 0],
						"1.375": [15, 0, 0]
					},
					"position": {
						"0.0": [0, -0.6, 1.5],
						"0.7083": [0, 0, 0.33],
						"1.375": [0, -0.6, 1.5]
					},
					"scale": {
						"0.0": [1, 1.02, 1],
						"0.7083": [1, 1, 1],
						"1.375": [1, 1.02, 1]
					}
				},
				"back_right_calf": {
					"rotation": {
						"0.0": [12.5, 0, 0],
						"0.1667": [12.81, 0, 0],
						"0.5417": [-15, 0, 0],
						"0.7083": [-10.26, 0, 0],
						"1.375": [12.5, 0, 0]
					},
					"position": {
						"0.0": [0, -0.4, 1],
						"0.1667": [0, 1.74, 1],
						"0.375": [0, 2.85, 2],
						"0.5417": [0, 1, 2],
						"0.7083": [0, 0.95, 2],
						"1.0": [0, 0.83, 1.3],
						"1.375": [0, -0.4, 1]
					},
					"scale": [0.8, 1, 0.8]
				},
				"back_right_hoof": {
					"rotation": {
						"0.0": [-25, 0, 0],
						"0.1667": [50, 0, 0],
						"0.375": [75, 0, 0],
						"0.5417": [75, 0, 0],
						"0.5833": [58.83, 0, 0],
						"0.7083": [25.63, 0, 0],
						"1.375": [-25, 0, 0]
					},
					"position": {
						"0.0": [0, 0, 0.5],
						"0.1667": [0, -0.35, 1.6],
						"0.375": [0, -0.7, 1.5],
						"0.5417": [0, -0.7, 1.5],
						"0.5833": [0, -0.86, 0.99],
						"0.7083": [0, -0.46, 0.49],
						"1.375": [0, 0, 0.5]
					}
				},
				"neck": {
					"rotation": ["5+math.sin(query.anim_time * 510)*-5", 0, 0],
					"position": {
						"0.0": [0, 0, 0.1],
						"0.3333": [0, 0, -0.3],
						"0.6667": [0, 0, 0.1],
						"1.0": [0, 0, -0.3],
						"1.375": [0, 0, 0.1]
					}
				},
				"head": {
					"rotation": {
						"0.0": {
							"post": [0, 0, 0],
							"lerp_mode": "catmullrom"
						},
						"0.3333": {
							"post": [4.5, 0, 0],
							"lerp_mode": "catmullrom"
						},
						"0.6667": {
							"post": [0, 0, 0],
							"lerp_mode": "catmullrom"
						},
						"1.0": {
							"post": [4.5, 0, 0],
							"lerp_mode": "catmullrom"
						},
						"1.375": {
							"post": [0, 0, 0],
							"lerp_mode": "catmullrom"
						}
					},
					"position": {
						"0.0": {
							"post": [0, 0, 0],
							"lerp_mode": "catmullrom"
						},
						"0.6667": {
							"post": [0, 0, 0],
							"lerp_mode": "catmullrom"
						},
						"1.375": {
							"post": [0, 0, 0],
							"lerp_mode": "catmullrom"
						}
					}
				},
				"right": {
					"rotation": {
						"0.0": [-12.41385, 10.03764, 0.44073],
						"0.375": [-20.10325, 12.34725, -0.53481],
						"0.7083": [-12.41385, 10.03764, 0.44073],
						"1.0": [-19.62389, 4.4844, 2.73194],
						"1.375": [-12.41385, 10.03764, 0.44073]
					}
				},
				"bone3": {
					"rotation": {
						"0.0": [12.65842, -17.44001, -0.567],
						"0.375": [25.15842, -17.44001, -0.567],
						"0.7083": [12.65842, -17.44001, -0.567],
						"1.0": [25.15842, -17.44001, -0.567],
						"1.375": [12.65842, -17.44001, -0.567]
					}
				},
				"left": {
					"rotation": {
						"0.0": [-12.41385, -10.03764, -0.44073],
						"0.375": [-19.65651, -5.41067, -2.35366],
						"0.7083": [-12.41385, -10.03764, -0.44073],
						"1.0": [-20.10325, -12.34725, 0.53481],
						"1.375": [-12.41385, -10.03764, -0.44073]
					}
				},
				"bone2": {
					"rotation": {
						"0.0": [12.65842, 17.44001, 0.567],
						"0.375": [25.15842, 17.44001, 0.567],
						"0.7083": [12.65842, 17.44001, 0.567],
						"1.0": [25.15842, 17.44001, 0.567],
						"1.375": [12.65842, 17.44001, 0.567]
					}
				},
				"tail": {
					"rotation": ["5+math.sin(query.anim_time * -527) * 4", 0, 0],
					"position": {
						"0.0": [0, 0, 0],
						"0.4167": [0, 0, -0.3],
						"0.7083": [0, 0, 0.2],
						"1.0": [0, 0, -0.3],
						"1.375": [0, 0, 0]
					}
				},
				"tail_2": {
					"rotation": ["0+math.cos(query.anim_time * 530) * 5", 0, 0],
					"position": [0, 0, 0]
				},
				"blanket": {
					"rotation": {
						"0.0": [-2.5, 0, 0],
						"0.7917": [2.5, 0, 0],
						"1.375": [-2.5, 0, 0]
					}
				}
			}
		},
		"walk_back": {
			"loop": true,
			"animation_length": 1.375,
			"bones": {
				"body": {
					"rotation": ["math.sin(query.anim_time * 510)*2.5", 0, 0]
				},
				"body_piv": {
					"position": {
						"0.0": {
							"post": [0, 0, 0],
							"lerp_mode": "catmullrom"
						},
						"0.375": {
							"post": [0, 0, -0.6],
							"lerp_mode": "catmullrom"
						},
						"0.7083": {
							"post": [0, 0, 0],
							"lerp_mode": "catmullrom"
						},
						"1.0417": {
							"post": [0, 0, -0.6],
							"lerp_mode": "catmullrom"
						},
						"1.375": {
							"post": [0, 0, 0],
							"lerp_mode": "catmullrom"
						}
					}
				},
				"front_right_leg": {
					"rotation": {
						"0.0": [-65, 0, -2],
						"0.2083": [0, 0, -2],
						"0.375": [25, 0, -2],
						"0.6667": [7.5, 0, -2],
						"1.0": [-17.71767, 0, -2],
						"1.25": [-63.40589, 0, -2],
						"1.375": [-65, 0, -2]
					},
					"position": {
						"0.0": [0, -1, 0],
						"0.375": [0, -0.6, 4],
						"0.6667": [0, 0, 2.13],
						"1.0": [0, -1, 0],
						"1.375": [0, -1, 0]
					},
					"scale": [0.8, 1, 0.8]
				},
				"front_right_calf": {
					"rotation": {
						"0.0": [80, 0, 0],
						"0.0833": [68.21, 0, 0],
						"0.2083": [52.5, 0, 0],
						"0.375": [0, 0, 0],
						"1.0": [-2.5, 0, 0],
						"1.25": [46.46, 0, 0],
						"1.375": [80, 0, 0]
					},
					"position": {
						"0.0": [0, 0, 0],
						"0.375": [0, 0, 0],
						"1.375": [0, 0, 0]
					}
				},
				"front_right_hoof": {
					"rotation": {
						"0.0": [97.5, 0, 0],
						"0.375": [-20, 0, 0],
						"0.6667": [-5, 0, 0],
						"1.0": [22.5, 0, 0],
						"1.375": [97.5, 0, 0]
					},
					"position": {
						"0.0": [0, 0, 0],
						"1.0": [0, 0, 0],
						"1.375": [0, 0, 0]
					}
				},
				"front_left_leg": {
					"rotation": {
						"0.0": [7.5, 0, 2],
						"0.375": [-17.71767, 0, 2],
						"0.5417": [-63.40589, 0, 2],
						"0.6667": [-65, 0, 2],
						"0.9167": [0, 0, 2],
						"1.0": [25, 0, 2],
						"1.375": [7.5, 0, 2]
					},
					"position": {
						"0.0": [0, 0, 2.13],
						"0.375": [0, -0.6, 0],
						"0.6667": [0, -1, 0],
						"1.0": [0, -0.8, 4],
						"1.375": [0, 0, 2.13]
					},
					"scale": [0.8, 1, 0.8]
				},
				"front_left_calf": {
					"rotation": {
						"0.0": [0, 0, 0],
						"0.375": [-2.5, 0, 0],
						"0.6667": [80, 0, 0],
						"0.8333": [68.21, 0, 0],
						"0.875": [52.5, 0, 0],
						"1.0": [0, 0, 0],
						"1.375": [0, 0, 0]
					},
					"position": {
						"0.375": [0, 0, 0],
						"0.6667": [0, 0, 0]
					}
				},
				"front_left_hoof": {
					"rotation": {
						"0.0": [-5, 0, 0],
						"0.375": [22.5, 0, 0],
						"0.6667": [97.5, 0, 0],
						"1.0": [-20, 0, 0],
						"1.375": [-5, 0, 0]
					},
					"position": {
						"0.375": [0, 0, 0],
						"0.6667": [0, 0, 0]
					}
				},
				"back_right_leg": {
					"rotation": {
						"0.0": [-15, 0, 0],
						"0.1667": [-22.5, 0, 0],
						"0.5": [0, 0, 0],
						"0.6667": [15, 0, 0],
						"1.375": [-15, 0, 0]
					},
					"position": {
						"0.0": [0, 0, 0.33],
						"0.6667": [0, -0.6, 1.5],
						"1.375": [0, 0, 0.33]
					},
					"scale": {
						"0.0": [1, 1, 1],
						"0.6667": [1, 1.02, 1],
						"1.375": [1, 1, 1]
					}
				},
				"back_left_calf": {
					"rotation": {
						"0.0": [-10.26, 0, 0],
						"0.125": [-15, 0, 0],
						"0.5": [12.81, 0, 0],
						"0.6667": [12.5, 0, 0],
						"1.375": [-10.26, 0, 0]
					},
					"position": {
						"0.0": [0, 0.95, 2],
						"0.125": [0, 1, 2],
						"0.2917": [0, 2.85, 2],
						"0.5": [0, 1.74, 1],
						"0.6667": [0, -0.4, 1],
						"1.0417": [0, 0.83, 1.3],
						"1.375": [0, 0.95, 2]
					},
					"scale": [0.8, 1, 0.8]
				},
				"back_left_hoof": {
					"rotation": {
						"0.0": [25.63, 0, 0],
						"0.1667": [75, 0, 0],
						"0.375": [75, 0, 0],
						"0.5": [50, 0, 0],
						"0.6667": [-25, 0, 0],
						"1.375": [25.63, 0, 0]
					},
					"position": {
						"0.0": [0, -0.46, 0.49],
						"0.1667": [0, -0.7, 1.5],
						"0.375": [0, -0.7, 1.5],
						"0.5": [0, -0.35, 1.6],
						"0.6667": [0, 0, 0.5],
						"1.375": [0, -0.46, 0.49]
					}
				},
				"back_left_leg": {
					"rotation": {
						"0.0": [15, 0, 0],
						"0.6667": [-15, 0, 0],
						"0.8333": [-22.5, 0, 0],
						"1.2083": [0, 0, 0],
						"1.375": [15, 0, 0]
					},
					"position": {
						"0.0": [0, -0.6, 1.5],
						"0.6667": [0, 0, 0.33],
						"1.375": [0, -0.6, 1.5]
					},
					"scale": {
						"0.0": [1, 1.02, 1],
						"0.6667": [1, 1, 1],
						"1.375": [1, 1.02, 1]
					}
				},
				"back_right_calf": {
					"rotation": {
						"0.0": [12.5, 0, 0],
						"0.6667": [-10.26, 0, 0],
						"0.8333": [-15, 0, 0],
						"1.2083": [12.81, 0, 0],
						"1.375": [12.5, 0, 0]
					},
					"position": {
						"0.0": [0, -0.4, 1],
						"0.375": [0, 0.83, 1.3],
						"0.6667": [0, 0.95, 2],
						"0.8333": [0, 1, 2],
						"1.0": [0, 2.85, 2],
						"1.2083": [0, 1.74, 1],
						"1.375": [0, -0.4, 1]
					},
					"scale": [0.8, 1, 0.8]
				},
				"back_right_hoof": {
					"rotation": {
						"0.0": [-25, 0, 0],
						"0.6667": [25.63, 0, 0],
						"0.7917": [58.83, 0, 0],
						"0.8333": [75, 0, 0],
						"1.0": [75, 0, 0],
						"1.2083": [50, 0, 0],
						"1.375": [-25, 0, 0]
					},
					"position": {
						"0.0": [0, 0, 0.5],
						"0.6667": [0, -0.46, 0.49],
						"0.7917": [0, -0.86, 0.99],
						"0.8333": [0, -0.7, 1.5],
						"1.0": [0, -0.7, 1.5],
						"1.2083": [0, -0.35, 1.6],
						"1.375": [0, 0, 0.5]
					}
				},
				"neck": {
					"rotation": ["math.sin(query.anim_time * 510)*-5", 0, 0],
					"position": {
						"0.0": [0, 0, 0.4],
						"0.375": [0, 0, 0],
						"0.7083": [0, 0, 0.4],
						"1.0417": [0, 0, 0],
						"1.375": [0, 0, 0.4]
					}
				},
				"head": {
					"rotation": {
						"0.0": {
							"post": [0, 0, 0],
							"lerp_mode": "catmullrom"
						},
						"0.375": {
							"post": [4.5, 0, 0],
							"lerp_mode": "catmullrom"
						},
						"0.7083": {
							"post": [0, 0, 0],
							"lerp_mode": "catmullrom"
						},
						"1.0417": {
							"post": [4.5, 0, 0],
							"lerp_mode": "catmullrom"
						},
						"1.375": {
							"post": [0, 0, 0],
							"lerp_mode": "catmullrom"
						}
					},
					"position": {
						"0.0": {
							"post": [0, 0, 0],
							"lerp_mode": "catmullrom"
						},
						"0.7083": {
							"post": [0, 0, 0],
							"lerp_mode": "catmullrom"
						},
						"1.375": {
							"post": [0, 0, 0],
							"lerp_mode": "catmullrom"
						}
					}
				},
				"right": {
					"rotation": {
						"0.0": [-12.41385, 10.03764, 0.44073],
						"0.375": [-19.62389, 4.4844, 2.73194],
						"0.6667": [-12.41385, 10.03764, 0.44073],
						"1.0": [-20.10325, 12.34725, -0.53481],
						"1.375": [-12.41385, 10.03764, 0.44073]
					}
				},
				"bone3": {
					"rotation": {
						"0.0": [12.65842, -17.44001, -0.567],
						"0.375": [25.15842, -17.44001, -0.567],
						"0.6667": [12.65842, -17.44001, -0.567],
						"1.0": [25.15842, -17.44001, -0.567],
						"1.375": [12.65842, -17.44001, -0.567]
					}
				},
				"left": {
					"rotation": {
						"0.0": [-12.41385, -10.03764, -0.44073],
						"0.375": [-20.10325, -12.34725, 0.53481],
						"0.6667": [-12.41385, -10.03764, -0.44073],
						"1.0": [-19.65651, -5.41067, -2.35366],
						"1.375": [-12.41385, -10.03764, -0.44073]
					}
				},
				"bone2": {
					"rotation": {
						"0.0": [12.65842, 17.44001, 0.567],
						"0.375": [25.15842, 17.44001, 0.567],
						"0.6667": [12.65842, 17.44001, 0.567],
						"1.0": [25.15842, 17.44001, 0.567],
						"1.375": [12.65842, 17.44001, 0.567]
					}
				},
				"tail": {
					"rotation": ["5+math.sin(query.anim_time * -527) * 4", 0, 0],
					"position": {
						"0.0": [0, 0, 0],
						"0.375": [0, 0, -0.3],
						"0.6667": [0, 0, 0.2],
						"0.9583": [0, 0, -0.3],
						"1.375": [0, 0, 0]
					}
				},
				"tail_2": {
					"rotation": ["0+math.cos(query.anim_time * 530) * 5", 0, 0],
					"position": [0, 0, 0]
				},
				"blanket": {
					"rotation": {
						"0.0": [-2.5, 0, 0],
						"0.5833": [2.5, 0, 0],
						"1.375": [-2.5, 0, 0]
					}
				}
			}
		},
		"run": {
			"loop": true,
			"animation_length": 0.525,
			"bones": {
				"body": {
					"rotation": {
						"0.0": {
							"post": [-7, 0, 0],
							"lerp_mode": "catmullrom"
						},
						"0.1875": {
							"post": [2.5, 0, 0],
							"lerp_mode": "catmullrom"
						},
						"0.3125": {
							"post": [4.5, 0, 0],
							"lerp_mode": "catmullrom"
						},
						"0.525": {
							"post": [-7, 0, 0],
							"lerp_mode": "catmullrom"
						}
					},
					"position": {
						"0.0": {
							"post": [0, 0.7, -0.7],
							"lerp_mode": "catmullrom"
						},
						"0.1875": {
							"post": [0, 1, 0.11],
							"lerp_mode": "catmullrom"
						},
						"0.3125": {
							"post": [0, 0.2, 0.56],
							"lerp_mode": "catmullrom"
						},
						"0.4375": {
							"post": [0, 1.7, -0.16],
							"lerp_mode": "catmullrom"
						},
						"0.525": {
							"post": [0, 0.7, -0.7],
							"lerp_mode": "catmullrom"
						}
					},
					"scale": {
						"0.0": {
							"post": [1, 1.01, 1],
							"lerp_mode": "catmullrom"
						},
						"0.1875": {
							"post": [1, 1, 1.01],
							"lerp_mode": "catmullrom"
						},
						"0.3125": {
							"post": [1, 1, 0.9842],
							"lerp_mode": "catmullrom"
						},
						"0.525": {
							"post": [1, 1.01, 1],
							"lerp_mode": "catmullrom"
						}
					}
				},
				"body_piv": {
					"rotation": {
						"0.0": {
							"post": [2.5, 0, 0],
							"lerp_mode": "catmullrom"
						},
						"0.1875": {
							"post": [0, 0, 0],
							"lerp_mode": "catmullrom"
						},
						"0.525": {
							"post": [2.5, 0, 0],
							"lerp_mode": "catmullrom"
						}
					},
					"position": {
						"0.0": {
							"post": [0, -0.5, -0.3],
							"lerp_mode": "catmullrom"
						},
						"0.1875": {
							"post": [0, -1.2, 1.3],
							"lerp_mode": "catmullrom"
						},
						"0.3125": {
							"post": [0, -0.28, 0.8],
							"lerp_mode": "catmullrom"
						},
						"0.525": {
							"post": [0, -0.5, -0.3],
							"lerp_mode": "catmullrom"
						}
					},
					"scale": {
						"0.0": {
							"post": [0.9, 0.93, 0.93],
							"lerp_mode": "catmullrom"
						},
						"0.1875": {
							"post": [0.9, 0.94, 1.01],
							"lerp_mode": "catmullrom"
						},
						"0.3875": {
							"post": [0.9, 0.94, 0.98],
							"lerp_mode": "catmullrom"
						},
						"0.525": {
							"post": [0.9, 0.93, 0.93],
							"lerp_mode": "catmullrom"
						}
					}
				},
				"front_right_leg": {
					"rotation": {
						"0.0": [-30, 0, 0],
						"0.2": [27.5, 0, 0],
						"0.2375": [7.5, 0, 0],
						"0.3": [-42.70266, 1.56359, -2.13059],
						"0.4375": [-82.91505, 0.44674, -0.60874],
						"0.4875": [-65, 0.17, -0.23],
						"0.525": [-30, 0, 0]
					},
					"position": {
						"0.0": [0, 0, 1],
						"0.175": [0, -1.26, 4.08],
						"0.2": [0, -1.6, 6],
						"0.2375": [0, -0.6, 5.5],
						"0.3": [0, -0.7, 3],
						"0.4375": [0, -0.87, 1.43],
						"0.525": [0, 0, 1]
					},
					"scale": [0.8, 1, 0.8]
				},
				"front_right_calf": {
					"rotation": {
						"0.0": [0, 0, 0],
						"0.2": [0, 0, 0],
						"0.2375": [32.5, 0, 0],
						"0.3": [95, 0, 0],
						"0.35": [107.29, 0, 0],
						"0.3875": [114.01, 0, 0],
						"0.4375": [100.71, 0, 0],
						"0.475": [77.33, 0, 0],
						"0.525": [0, 0, 0]
					},
					"position": {
						"0.0": [0, 0, 0],
						"0.2": [0, 0, 0],
						"0.3": [0, 0, 1],
						"0.525": [0, 0, 0]
					}
				},
				"front_right_hoof": {
					"rotation": {
						"0.0": [67.5, 0, 0],
						"0.075": [4.02, 0, 0],
						"0.1375": [-9.64, 0, 0],
						"0.2": [-17.5, 0, 0],
						"0.2375": [54.26754, 3.66448, -7.93602],
						"0.525": [67.5, 0, 0]
					},
					"position": {
						"0.0": [0, 0.3, 0.7],
						"0.2": [0, -0.2, 0.7],
						"0.3": [0, 0.65, 1.7],
						"0.525": [0, 0.3, 0.7]
					}
				},
				"front_left_leg": {
					"rotation": {
						"0.0": [-80, 0, 0],
						"0.0875": [-68.59, 0, 0],
						"0.1": [-61.25, 0, 0],
						"0.175": [-22.5, 0, 0],
						"0.3": [27.5, 0, 0],
						"0.3625": [-25.42, 0, 0],
						"0.525": [-80, 0, 0]
					},
					"position": {
						"0.0": [0, -1, 1],
						"0.0875": [0, -1.62, 0.64],
						"0.1": [0, -1.5, 0.6],
						"0.25": [0, 0.8, 2.35],
						"0.3": [0, 0.5, 3],
						"0.3625": [0, -0.44, 4.19],
						"0.525": [0, -1, 1]
					},
					"scale": [0.8, 1, 0.8]
				},
				"front_left_calf": {
					"rotation": {
						"0.0": [96.07188, 1.85978, -1.12298],
						"0.0875": [57.71534, 1.85978, -1.12298],
						"0.1375": [-1.42812, 1.85978, -1.12298],
						"0.3": [-6.42812, 1.85978, -1.12298],
						"0.3625": [77.61729, 1.85993, -1.12099],
						"0.4375": [106.31546, 1.8599, -1.12139],
						"0.5": [117.52458, 1.85989, -1.12155],
						"0.525": [96.07188, 1.85978, -1.12298]
					},
					"position": {
						"0.0": [0, 0, 0],
						"0.3": [0, 0, 0],
						"0.5": [0, 0, 1],
						"0.525": [0, 0, 0]
					}
				},
				"front_left_hoof": {
					"rotation": {
						"0.0": [62.5, 0, 0],
						"0.1375": [20.17, 0, 0],
						"0.175": [20, 0, 0],
						"0.3": [-17.5, 0, 0],
						"0.4": [62.14, 0, 0],
						"0.525": [62.5, 0, 0]
					},
					"position": {
						"0.0": [0, 0.6, 2],
						"0.1375": [0, -0.3, 0.6],
						"0.175": [0, -0.5, 0.1],
						"0.3": [0, -0.7, 0.3],
						"0.525": [0, 0.6, 2]
					}
				},
				"back_right_leg": {
					"rotation": {
						"0.0": {
							"post": [10, 0, 0],
							"lerp_mode": "catmullrom"
						},
						"0.175": {
							"post": [17.5, 0, 0],
							"lerp_mode": "catmullrom"
						},
						"0.4375": {
							"post": [-4.98019, 0, 0],
							"lerp_mode": "catmullrom"
						},
						"0.525": {
							"post": [10, 0, 0],
							"lerp_mode": "catmullrom"
						}
					},
					"position": {
						"0.0": {
							"post": [0, -0.7, 0.5],
							"lerp_mode": "catmullrom"
						},
						"0.175": {
							"post": [0, -0.5, 1.62],
							"lerp_mode": "catmullrom"
						},
						"0.275": {
							"post": [0, -0.1, 0.54],
							"lerp_mode": "catmullrom"
						},
						"0.4375": {
							"post": [0, 1, -1.07],
							"lerp_mode": "catmullrom"
						},
						"0.525": {
							"post": [0, -0.7, 0.5],
							"lerp_mode": "catmullrom"
						}
					},
					"scale": {
						"0.0": {
							"post": [1, 1, 1],
							"lerp_mode": "catmullrom"
						},
						"0.175": {
							"post": [1, 1, 1],
							"lerp_mode": "catmullrom"
						},
						"0.325": {
							"post": [1, 0.9, 1],
							"lerp_mode": "catmullrom"
						},
						"0.525": {
							"post": [1, 1, 1],
							"lerp_mode": "catmullrom"
						}
					}
				},
				"back_left_calf": {
					"rotation": {
						"0.0": {
							"post": [6.74, 0, 0],
							"lerp_mode": "catmullrom"
						},
						"0.175": {
							"post": [15.35279, 0, 0],
							"lerp_mode": "catmullrom"
						},
						"0.4375": {
							"post": [-33.1361, 0, 0],
							"lerp_mode": "catmullrom"
						},
						"0.525": {
							"post": [6.74, 0, 0],
							"lerp_mode": "catmullrom"
						}
					},
					"position": {
						"0.0": {
							"post": [0, 0.5, 1.47],
							"lerp_mode": "catmullrom"
						},
						"0.175": {
							"post": [0, -0.45, 0.63],
							"lerp_mode": "catmullrom"
						},
						"0.325": {
							"post": [0, -0.78, 1.29],
							"lerp_mode": "catmullrom"
						},
						"0.4375": {
							"post": [0, -0.82, 1.52],
							"lerp_mode": "catmullrom"
						},
						"0.525": {
							"post": [0, 0.5, 1.47],
							"lerp_mode": "catmullrom"
						}
					},
					"scale": {
						"0.0": {
							"post": [0.8, 1, 0.8],
							"lerp_mode": "catmullrom"
						},
						"0.175": {
							"post": [0.8, 1, 0.8],
							"lerp_mode": "catmullrom"
						},
						"0.325": {
							"post": [0.8, 0.9, 0.8],
							"lerp_mode": "catmullrom"
						},
						"0.4375": {
							"post": [0.8, 0.9, 0.8],
							"lerp_mode": "catmullrom"
						},
						"0.525": {
							"post": [0.8, 1, 0.8],
							"lerp_mode": "catmullrom"
						}
					}
				},
				"back_left_hoof": {
					"rotation": {
						"0.0": [-12.5, 0, 0],
						"0.1375": [46.6, 0, 0],
						"0.2625": [64.21801, 0, 0],
						"0.375": [63.22, 0, 0],
						"0.4625": [44.22, 0, 0],
						"0.525": [-12.5, 0, 0]
					},
					"position": {
						"0.0": [0, 0, 0],
						"0.1375": [0, 0, 1.59],
						"0.2625": [0, 0, 2],
						"0.375": [0, 0, 1.5],
						"0.4625": [0, -1, 1.5],
						"0.525": [0, 0, 0]
					}
				},
				"back_left_leg": {
					"rotation": {
						"0.0": {
							"post": [-10, 0, 0],
							"lerp_mode": "catmullrom"
						},
						"0.1625": {
							"post": [10, 0, 0],
							"lerp_mode": "catmullrom"
						},
						"0.275": {
							"post": [20, 0, 0],
							"lerp_mode": "catmullrom"
						},
						"0.525": {
							"post": [-10, 0, 0],
							"lerp_mode": "catmullrom"
						}
					},
					"position": {
						"0.0": {
							"post": [0, -0.2, -0.7],
							"lerp_mode": "catmullrom"
						},
						"0.1625": {
							"post": [0, 0.3, 0.07],
							"lerp_mode": "catmullrom"
						},
						"0.275": {
							"post": [0, 0.2, 0.68],
							"lerp_mode": "catmullrom"
						},
						"0.35": {
							"post": [0, -0.26, 0.24],
							"lerp_mode": "catmullrom"
						},
						"0.525": {
							"post": [0, -0.2, -0.7],
							"lerp_mode": "catmullrom"
						}
					},
					"scale": {
						"0.0": {
							"post": [1, 1, 1],
							"lerp_mode": "catmullrom"
						},
						"0.1625": {
							"post": [1, 1, 1],
							"lerp_mode": "catmullrom"
						},
						"0.325": {
							"post": [1, 0.9, 1],
							"lerp_mode": "catmullrom"
						},
						"0.525": {
							"post": [1, 1, 1],
							"lerp_mode": "catmullrom"
						}
					}
				},
				"back_right_calf": {
					"rotation": {
						"0.0": {
							"post": [-21.00002, -0.08861, 0.15934],
							"lerp_mode": "catmullrom"
						},
						"0.2125": {
							"post": [2.92, 0, 0],
							"lerp_mode": "catmullrom"
						},
						"0.425": {
							"post": [-44.04, 0.01, -0.01],
							"lerp_mode": "catmullrom"
						},
						"0.525": {
							"post": [-21.00002, -0.08861, 0.15934],
							"lerp_mode": "catmullrom"
						}
					},
					"position": {
						"0.0": {
							"post": [0, 0, 1],
							"lerp_mode": "catmullrom"
						},
						"0.0625": {
							"post": [0, 0.4, 0.8],
							"lerp_mode": "catmullrom"
						},
						"0.1875": {
							"post": [0, 0, 1],
							"lerp_mode": "catmullrom"
						},
						"0.275": {
							"post": [0, 0, 0.86],
							"lerp_mode": "catmullrom"
						},
						"0.35": {
							"post": [0, -0.25, 2.25],
							"lerp_mode": "catmullrom"
						},
						"0.425": {
							"post": [0, -0.14, -0.42],
							"lerp_mode": "catmullrom"
						},
						"0.525": {
							"post": [0, 0, 1],
							"lerp_mode": "catmullrom"
						}
					},
					"scale": {
						"0.0": {
							"post": [0.8, 1, 0.8],
							"lerp_mode": "catmullrom"
						},
						"0.0625": {
							"post": [0.8, 1, 0.8],
							"lerp_mode": "catmullrom"
						},
						"0.125": {
							"post": [0.8, 0.98, 0.8],
							"lerp_mode": "catmullrom"
						},
						"0.1875": {
							"post": [0.8, 1.1, 0.8],
							"lerp_mode": "catmullrom"
						},
						"0.35": {
							"post": [0.8, 0.9, 0.8],
							"lerp_mode": "catmullrom"
						},
						"0.525": {
							"post": [0.8, 1, 0.8],
							"lerp_mode": "catmullrom"
						}
					}
				},
				"back_right_hoof": {
					"rotation": {
						"0.0": [27.5, 0, 0],
						"0.0625": [14.17, 0, 0],
						"0.1": [2.5, 0, 0],
						"0.175": [63.12, 0, 0],
						"0.2625": [70, 0, 0],
						"0.325": [79.38, 0, 0],
						"0.4375": [73.44, 0, 0],
						"0.525": [27.5, 0, 0]
					},
					"position": {
						"0.0": [0, -0.7, 1],
						"0.1": [0, -0.7, 0.5],
						"0.175": [0, -0.7, 1.6],
						"0.2625": [0, -0.7, 1],
						"0.525": [0, -0.7, 1]
					}
				},
				"neck": {
					"rotation": {
						"0.0": {
							"post": [12.5, 0, 0],
							"lerp_mode": "catmullrom"
						},
						"0.1875": {
							"post": [15.32, 0, 0],
							"lerp_mode": "catmullrom"
						},
						"0.3125": {
							"post": [13.14, 0, 0],
							"lerp_mode": "catmullrom"
						},
						"0.525": {
							"post": [12.5, 0, 0],
							"lerp_mode": "catmullrom"
						}
					},
					"position": {
						"0.0": {
							"post": [0, -0.7, 0.7],
							"lerp_mode": "catmullrom"
						},
						"0.1875": {
							"post": [0, -0.79, 1.46],
							"lerp_mode": "catmullrom"
						},
						"0.525": {
							"post": [0, -0.7, 0.7],
							"lerp_mode": "catmullrom"
						}
					},
					"scale": {
						"0.0": {
							"post": [1, 1, 0.98],
							"lerp_mode": "catmullrom"
						},
						"0.3125": {
							"post": [1, 1, 1],
							"lerp_mode": "catmullrom"
						},
						"0.525": {
							"post": [1, 1, 0.98],
							"lerp_mode": "catmullrom"
						}
					}
				},
				"mane": {
					"position": {
						"0.0": [0, 0, 0],
						"0.0625": [0, -0.1, 0],
						"0.3625": [0, 0, 0],
						"0.525": [0, 0, 0]
					}
				},
				"long": {
					"rotation": {
						"0.0": [0, 0, 0],
						"0.25": [-5, 0, 0],
						"0.525": [0, 0, 0]
					}
				},
				"head": {
					"rotation": {
						"0.0": {
							"post": [5, 0, 0],
							"lerp_mode": "catmullrom"
						},
						"0.0625": {
							"post": [5.32, 0, 0],
							"lerp_mode": "catmullrom"
						},
						"0.2125": {
							"post": [-5.8, 0, 0],
							"lerp_mode": "catmullrom"
						},
						"0.2875": {
							"post": [-12.14, 0, 0],
							"lerp_mode": "catmullrom"
						},
						"0.525": {
							"post": [5, 0, 0],
							"lerp_mode": "catmullrom"
						}
					},
					"position": {
						"0.0": {
							"post": [0, 0.2, -0.2],
							"lerp_mode": "catmullrom"
						},
						"0.2875": {
							"post": [0, -0.1, 0],
							"lerp_mode": "catmullrom"
						},
						"0.525": {
							"post": [0, 0.2, -0.2],
							"lerp_mode": "catmullrom"
						}
					}
				},
				"right": {
					"rotation": {
						"0.0": [-19.91385, 10.03764, 0.44073],
						"0.1875": [0.08615, 10.03764, 0.44073],
						"0.275": [2.87461, 10.03764, 0.44073],
						"0.3": [4.03444, 10.03764, 0.44073],
						"0.325": [0.19427, 10.03764, 0.44073],
						"0.5125": [-19.91385, 10.03764, 0.44073],
						"0.525": [-19.91385, 10.03764, 0.44073]
					}
				},
				"bone3": {
					"rotation": {
						"0.0": [17.65842, -17.44001, -0.567],
						"0.1875": [2.65842, -17.44001, -0.567],
						"0.275": [2.85073, -17.44001, -0.567],
						"0.4125": [13.52887, -17.44001, -0.567],
						"0.5125": [17.65842, -17.44001, -0.567],
						"0.525": [17.65842, -17.44001, -0.567]
					}
				},
				"left": {
					"rotation": {
						"0.0": [-19.91385, -10.03764, -0.44073],
						"0.1875": [0.08615, -10.03764, -0.44073],
						"0.275": [2.87461, -10.03764, -0.44073],
						"0.3": [4.03444, -10.03764, -0.44073],
						"0.325": [0.19427, -10.03764, -0.44073],
						"0.5125": [-19.91385, -10.03764, -0.44073],
						"0.525": [-19.91385, -10.03764, -0.44073]
					}
				},
				"bone2": {
					"rotation": {
						"0.0": [17.65842, 17.44001, 0.567],
						"0.1875": [2.65842, 17.44001, 0.567],
						"0.275": [2.85073, 17.44001, 0.567],
						"0.4125": [13.52887, 17.44001, 0.567],
						"0.5125": [17.65842, 17.44001, 0.567],
						"0.525": [17.65842, 17.44001, 0.567]
					}
				},
				"tail": {
					"rotation": {
						"0.0": {
							"post": [57.52301, 0.14036, -0.46442],
							"lerp_mode": "catmullrom"
						},
						"0.125": {
							"post": [42.51975, -0.28202, 0.35551],
							"lerp_mode": "catmullrom"
						},
						"0.3125": {
							"post": [45, 0, 0],
							"lerp_mode": "catmullrom"
						},
						"0.525": {
							"post": [57.52301, 0.14036, -0.46442],
							"lerp_mode": "catmullrom"
						}
					},
					"position": {
						"0.0": [0, 1, -1],
						"0.525": [0, 1, -1]
					}
				},
				"tail_2": {
					"rotation": {
						"0.0": [12.5, 0, 0],
						"0.0625": [24.5, 0, 0],
						"0.1375": [35.5, 0, 0],
						"0.175": [25.95, 0, 0],
						"0.3": [-3.14, 0, 0],
						"0.3625": [-20.38, 0, 0],
						"0.5": [14.37, 0, 0],
						"0.525": [12.5, 0, 0]
					},
					"position": {
						"0.0": [0, 0, -0.3],
						"0.1375": [0, -0.5, 0.05],
						"0.3625": [0, 0.8, 0.25],
						"0.525": [0, 0, -0.3]
					}
				},
				"body_armor": {
					"rotation": {
						"0.0": [0, 0, 0],
						"0.175": [0, 0, 0],
						"0.525": [0, 0, 0]
					}
				},
				"blanket": {
					"rotation": {
						"0.0": [-7.5, 0, 0],
						"0.25": [6.64217, -1.42989, -0.40128],
						"0.525": [-7.5, 0, 0]
					}
				}
			}
		},
		"sprint": {
			"loop": true,
			"animation_length": 0.51,
			"bones": {
				"body": {
					"rotation": {
						"0.0": [-9.5, 0, 0],
						"0.16": [0.5, 0, 0],
						"0.19": [3, 0, 0],
						"0.3": [0.5, 0, 0],
						"0.51": [-9.5, 0, 0]
					},
					"position": {
						"0.0": [0, -0.1, 0],
						"0.16": [0, -0.5, 0],
						"0.23": [0, -0.1, 0],
						"0.4": [0, 1.3, 0],
						"0.51": [0, -0.1, 0]
					},
					"scale": {
						"0.0": [1, 1, 1],
						"0.23": [1, 0.98, 1],
						"0.4": [1, 1.03, 1],
						"0.51": [1, 1, 1]
					}
				},
				"body_piv": {
					"rotation": {
						"0.0": {
							"post": [2.5, 0, 0],
							"lerp_mode": "catmullrom"
						},
						"0.16": {
							"post": [0, 0, 0],
							"lerp_mode": "catmullrom"
						},
						"0.28": {
							"post": [6.7, 0, 0],
							"lerp_mode": "catmullrom"
						},
						"0.51": {
							"post": [2.5, 0, 0],
							"lerp_mode": "catmullrom"
						}
					},
					"position": {
						"0.0": [0, 0.39177, 0.30097],
						"0.08": [0, 0.23118, 1.49076],
						"0.21": [0, 0.09933, 3.93649],
						"0.51": [0, 0.39177, 0.30097]
					},
					"scale": {
						"0.0": [1, 1, 1],
						"0.21": [1, 1, 1.02],
						"0.37": [1, 1, 1]
					}
				},
				"front_right_leg": {
					"rotation": {
						"0.0": [-57.5, 0, 0],
						"0.08": [-20, 0, 0],
						"0.22": [23.45, 0, 0],
						"0.24": [30.95, 0, 0],
						"0.32": [-35, 0, 0],
						"0.4": [-72.5, 0, 0],
						"0.44": [-77.5, 0, 0],
						"0.51": [-57.5, 0, 0]
					},
					"position": {
						"0.0": [0.4, -1, 0],
						"0.08": [0.4, 0.35, 2.43],
						"0.15": [0.4, 1.05, 3.7],
						"0.22": [0.4, -0.25, 5.97],
						"0.24": [0.4, -0.25, 5.97],
						"0.4": [0.4, 0.50308, 1.07846],
						"0.51": [0.4, -1, 0]
					},
					"scale": {
						"0.0": [0.8, 1, 0.8],
						"0.08": [0.8, 1, 0.8],
						"0.15": [0.8, 1, 0.8],
						"0.22": [0.8, 1, 0.8],
						"0.32": [0.8, 0.9, 0.8],
						"0.4": [0.9, 0.9, 0.9],
						"0.51": [0.8, 1, 0.8]
					}
				},
				"front_right_calf": {
					"rotation": {
						"0.0": [72.5, 0, 0],
						"0.08": [-2.5, 0, 0],
						"0.22": [-2.5, 0, 0],
						"0.24": [-2.5, 0, 0],
						"0.28": [67.01, 0, 0],
						"0.33": [108.89, 0, 0],
						"0.4": [99.88, 0, 0],
						"0.51": [72.5, 0, 0]
					},
					"position": {
						"0.0": [0, 0, 0],
						"0.22": [0, -0.05968, -0.19241],
						"0.33": [0, -0.61, 1.09],
						"0.4": [0, -0.22507, 0.37431],
						"0.51": [0, 0, 0]
					}
				},
				"front_right_hoof": {
					"rotation": {
						"0.0": [85, 0, 0],
						"0.08": [25, 0, 0],
						"0.14": [10, 0, 0],
						"0.19": [-5.63, 0, 0],
						"0.22": [-12.5, 0, 0],
						"0.33": [75, 0, 0],
						"0.51": [85, 0, 0]
					},
					"position": {
						"0.0": [0, 0, 0],
						"0.15": [0, 0.05, 0.09],
						"0.22": [0, 0.2, 0.13],
						"0.33": [0, 0, 1],
						"0.51": [0, 0, 0]
					}
				},
				"front_left_leg": {
					"rotation": {
						"0.0": [-85.02234, 1.15408, -2.21783],
						"0.16": [-51.35, 0, 0],
						"0.32": [34, 0, 0],
						"0.51": [-85.02234, 1.15408, -2.21783]
					},
					"position": {
						"0.0": [-0.4, -0.4, -0.4],
						"0.22": [-0.4, -0.8291, 4.22164],
						"0.32": [-0.4, -1.40127, 6.22996],
						"0.51": [-0.4, -0.4, -0.4]
					},
					"scale": {
						"0.0": [0.85, 0.85, 0.85],
						"0.08": [0.8, 1, 0.8],
						"0.16": [0.85, 0.85, 0.85],
						"0.3": [0.8, 0.8, 0.8],
						"0.4": [0.8, 0.8, 0.8],
						"0.51": [0.85, 0.85, 0.85]
					}
				},
				"front_left_calf": {
					"rotation": {
						"0.0": [97.5, 0, 0],
						"0.18": [-2.44808, -5.12443, 0],
						"0.32": [-2.44808, -5.12443, 0],
						"0.35": [36.58247, -4.77504, 0],
						"0.43": [113.16394, -3.84333, 0],
						"0.51": [97.5, 0, 0]
					},
					"position": {
						"0.0": [0, 0.3, 1.3],
						"0.08": [0, -0.14, 0.5],
						"0.16": [0, -1, 0.5],
						"0.23": [0, -1.02002, -0.04928],
						"0.32": [0, -0.96363, -0.26724],
						"0.51": [0, 0.3, 1.3]
					}
				},
				"front_left_hoof": {
					"rotation": {
						"0.0": [80, 0, 0],
						"0.14": [62.5, 0, 0],
						"0.18": [57.5, 0, 0],
						"0.22": [15, 0, 0],
						"0.3": [-5, 0, 0],
						"0.32": [-12.5, 0, 0],
						"0.4": [72.17423, 0, 0],
						"0.51": [80, 0, 0]
					},
					"position": {
						"0.0": [0, 0, 1],
						"0.22": [0, 0, 0],
						"0.32": [0, -0.37, 0.56],
						"0.4": [0, 0.6, 1],
						"0.51": [0, 0, 1]
					}
				},
				"back_right_leg": {
					"rotation": {
						"0.0": [0, 0, 0],
						"0.14": [22.5, 0, 0],
						"0.18": [17.5, 0, 0],
						"0.22": [10, 0, 0],
						"0.3": [-7.5, 0, 0],
						"0.35": [-12.5, 0, 0],
						"0.4": [-17.5, 0, 0],
						"0.51": [0, 0, 0]
					},
					"position": {
						"0.0": [0, 0, 0],
						"0.14": [0, -0.36, 0],
						"0.35": [0, -0.26, -0.72],
						"0.51": [0, 0, 0]
					}
				},
				"back_left_calf": {
					"rotation": {
						"0.0": [0, 0, 0],
						"0.14": [27.5, 0, 0],
						"0.16": [21.25, 0, 0],
						"0.18": [-2.5, 0, 0],
						"0.22": [-13.32, 0, 0],
						"0.3": [-37.5, 0, 0],
						"0.35": [-35.00393, -0.13504, 0.03247],
						"0.4": [-22.50787, -0.27008, 0.06494],
						"0.51": [0, 0, 0]
					},
					"position": {
						"0.0": [0, 0, 1],
						"0.14": [0, 0.6, 0],
						"0.18": [0, 1.6, 1],
						"0.3": [0, 2.05, 2.36],
						"0.4": [0, 3.07, 1.71],
						"0.51": [0, 0, 1]
					},
					"scale": {
						"0.0": {
							"post": [0.8, 1, 0.8],
							"lerp_mode": "catmullrom"
						},
						"0.51": {
							"post": [0.8, 1, 0.8],
							"lerp_mode": "catmullrom"
						}
					}
				},
				"back_left_hoof": {
					"rotation": {
						"0.0": [7.5, 0, 0],
						"0.05": [-11.25, 0, 0],
						"0.14": [52.5, 0, 0],
						"0.22": [74.81, 0, 0],
						"0.3": [86.61, 0, 0],
						"0.4": [60, 0, 0],
						"0.51": [7.5, 0, 0]
					},
					"position": {
						"0.0": [0, 0, 0],
						"0.14": [0, 0.3, 1.8],
						"0.3": [0, -0.32, 1.78],
						"0.4": [0, -0.7, 0.8],
						"0.51": [0, 0, 0]
					}
				},
				"back_left_leg": {
					"rotation": {
						"0.0": [-17.5, 0, 0],
						"0.14": [10, 0, 0],
						"0.18": [17.5, 0, 0],
						"0.22": [17.5, 0, 0],
						"0.3": [2.5, 0, 0],
						"0.4": [-10, 0, 0],
						"0.51": [-17.5, 0, 0]
					},
					"position": {
						"0.0": [0, 0, -1],
						"0.04": [0, 0.08, -1],
						"0.14": [0, -0.32, -0.62],
						"0.22": [0, -0.56, -0.31],
						"0.3": [0, 0.6, 0],
						"0.51": [0, 0, -1]
					}
				},
				"back_right_calf": {
					"rotation": {
						"0.0": [-20, 0, 0],
						"0.14": [5, 0, 0],
						"0.18": [20, 0, 0],
						"0.22": [12.5, 0, 0],
						"0.24": [16.25, 0, 0],
						"0.3": [-12.5, 0, 0],
						"0.4": [-37.5, 0, 0],
						"0.46": [-28.41, 0, 0],
						"0.51": [-20, 0, 0]
					},
					"position": {
						"0.0": [0, 1, 1.8],
						"0.04": [0, 0.51, 1.58],
						"0.14": [0, -0.3, 1.02],
						"0.18": [0, 0, 0.8],
						"0.22": [0, 1, 0.8],
						"0.3": [0, 3, 1.8],
						"0.4": [0, 2.57, 1.8],
						"0.51": [0, 1, 1.8]
					},
					"scale": {
						"0.0": {
							"post": [0.8, 1, 0.8],
							"lerp_mode": "catmullrom"
						},
						"0.51": {
							"post": [0.8, 1, 0.8],
							"lerp_mode": "catmullrom"
						}
					}
				},
				"back_right_hoof": {
					"rotation": {
						"0.0": [67.5, 0, 0],
						"0.08": [10, 0, 0],
						"0.14": [-15, 0, 0],
						"0.18": [27.01227, 1.61084, -5.78152],
						"0.22": [54.51227, 1.61084, -5.78152],
						"0.51": [67.5, 0, 0]
					},
					"position": {
						"0.0": [0, 0.1, 1.5],
						"0.08": [0, 0, 0],
						"0.14": [0, 0, 0.02],
						"0.18": [0, 0, 1.7],
						"0.51": [0, 0.1, 1.5]
					}
				},
				"neck": {
					"rotation": {
						"0.0": {
							"post": ["17.5+math.sin(query.anim_time * 700) *8-6", 0, 0],
							"lerp_mode": "catmullrom"
						}
					},
					"position": {
						"0.0": {
							"post": [0, 0.57809, 0.92803],
							"lerp_mode": "catmullrom"
						},
						"0.2": {
							"post": [0, 0.60267, 3.82185],
							"lerp_mode": "catmullrom"
						},
						"0.26": {
							"post": [0, 0.2, 3.54],
							"lerp_mode": "catmullrom"
						},
						"0.51": {
							"post": [0, 0.57809, 0.92803],
							"lerp_mode": "catmullrom"
						}
					}
				},
				"head": {
					"rotation": ["2.5+math.sin(query.anim_time * 700) *-6+math.cos(query.anim_time * 700) *6", 0, 0],
					"position": {
						"0.0": {
							"post": [0, 0.2, -0.2],
							"lerp_mode": "catmullrom"
						}
					}
				},
				"right": {
					"rotation": {
						"0.0": [-19.91385, 10.03764, 0.44073],
						"0.22": [-12.41385, 10.03764, 0.44073],
						"0.37": [-17.58626, 10.03764, 0.44073],
						"0.51": [-19.91385, 10.03764, 0.44073]
					}
				},
				"bone3": {
					"rotation": {
						"0.0": [25.15842, -17.44001, -0.567],
						"0.22": [20.15842, -17.44001, -0.567],
						"0.37": [32.74463, -17.44001, -0.567],
						"0.51": [25.15842, -17.44001, -0.567]
					}
				},
				"left": {
					"rotation": {
						"0.0": [-19.91385, -10.03764, -0.44073],
						"0.22": [-12.41385, -10.03764, -0.44073],
						"0.37": [-17.58626, -10.03764, -0.44073],
						"0.51": [-19.91385, -10.03764, -0.44073]
					}
				},
				"bone2": {
					"rotation": {
						"0.0": [25.15842, 17.44001, 0.567],
						"0.22": [20.15842, 17.44001, 0.567],
						"0.37": [32.74463, 17.44001, 0.567],
						"0.51": [25.15842, 17.44001, 0.567]
					}
				},
				"right_ear": {
					"rotation": [-62.10974, "43.3699+math.cos(query.anim_time * 700) *8", -75.85244]
				},
				"left_ear": {
					"rotation": [-62.10974, "-43.3699136316+math.cos(query.anim_time * 700) *-8", 75.85244]
				},
				"tail": {
					"rotation": ["50+math.cos(query.anim_time * 700) *8", 0, 0],
					"position": [0, 0.8, -1.4]
				},
				"tail_2": {
					"rotation": {
						"0.0": [20, 0, 0],
						"0.15": [-12.5, 0, 0],
						"0.45": [15, 0, 0],
						"0.51": [20, 0, 0]
					}
				}
			}
		}
	}
}