{
	"format_version": "1.8.0",
	"animations": {
		"idle": {
			"loop": true,
			"animation_length": 6,
			"bones": {
				"tail": {
					"rotation": ["math.sin(query.anim_time * 120) *5", 0, 0],
					"position": {
						"0.0": [0, "math.cos(query.anim_time * 120) * 0.2", 0],
						"3.125": [0, "math.cos(query.anim_time * 120) * 0.4", 0],
						"6.0": [0, "math.cos(query.anim_time * 120) * 0.2", 0]
					}
				},
				"neck": {
					"rotation": {
						"0.0": ["math.cos(query.anim_time * 120) * 1", 0, 0],
						"6.0": ["math.cos(query.anim_time * 120) * 1", 0, 0]
					},
					"position": {
						"0.0": [0, "math.cos(query.anim_time * 120) * 0.2", 0],
						"3.125": [0, "math.cos(query.anim_time * 120) * 0.4", 0],
						"6.0": [0, "math.cos(query.anim_time * 120) * 0.2", 0]
					},
					"scale": [1, 0.9, 1]
				},
				"head": {
					"rotation": ["math.cos(query.anim_time * 120) * -4", 0, 0],
					"scale": [1, 1.1, 1]
				},
				"left": {
					"rotation": ["math.sin(query.anim_time * 120) *-5", 0, 0]
				},
				"front_right_leg": {
					"position": [0, 0, 1]
				},
				"body_piv": {
					"rotation": {
						"0.0": [0, 0, 0],
						"6.0": [0, 0, 0]
					},
					"position": {
						"0.0": [0, "math.cos(query.anim_time * 120) * 0.2", 0],
						"3.125": [0, "math.cos(query.anim_time * 120) * 0.4", 0],
						"6.0": [0, "math.cos(query.anim_time * 120) * 0.2", 0]
					}
				},
				"back_right_leg": {
					"position": {
						"0.0": [0, "math.cos(query.anim_time * 120) * 0.2", -1],
						"3.125": [0, "math.cos(query.anim_time * 120) * 0.4", -1],
						"6.0": [0, "math.cos(query.anim_time * 120) * 0.2", -1]
					}
				},
				"back_left_calf": {
					"position": {
						"0.0": [0, "math.cos(query.anim_time * 120) * -0.2", 0],
						"3.125": [0, "math.cos(query.anim_time * 120) * -0.4", 0],
						"6.0": [0, "math.cos(query.anim_time * 120) * -0.2", 0]
					}
				},
				"back_left_leg": {
					"position": {
						"0.0": [0, "math.cos(query.anim_time * 120) * 0.2", 0],
						"3.125": [0, "math.cos(query.anim_time * 120) * 0.4", 0],
						"6.0": [0, "math.cos(query.anim_time * 120) * 0.2", 0]
					}
				},
				"back_right_calf": {
					"position": {
						"0.0": [0, "math.cos(query.anim_time * 120) * -0.2", 0],
						"3.125": [0, "math.cos(query.anim_time * 120) * -0.4", 0],
						"6.0": [0, "math.cos(query.anim_time * 120) * -0.2", 0]
					}
				},
				"right": {
					"rotation": ["math.sin(query.anim_time * 120) *-5", 0, 0]
				}
			}
		},
		"walk": {
			"loop": true,
			"animation_length": 0.9583,
			"bones": {
				"body": {
					"rotation": ["math.sin(query.anim_time * 750) * -2", 0, 0]
				},
				"body_piv": {
					"rotation": [0, 0, 0]
				},
				"front_right_leg": {
					"rotation": {
						"0.0": [-0.63, 0, 0],
						"0.2917": [27.5, 0, 0],
						"0.4167": [20, 0, 0],
						"0.5": [-2.5, 0, 0],
						"0.7083": [-41.25, 0, 0],
						"0.9583": [-0.63, 0, 0]
					},
					"position": {
						"0.0": [0, 0, 0.51],
						"0.2917": [0, 0, 3],
						"0.5": [0, 0, 1],
						"0.7083": [0, 0, -0.73],
						"0.9583": [0, 0, 0.51]
					}
				},
				"front_right_calf": {
					"rotation": {
						"0.0": [1.61, 0, 0],
						"0.2083": [3.75, 0, 0],
						"0.2917": [1.67, 0, 0],
						"0.4167": [39.59, 0, 0],
						"0.5": [57.5, 0, 0],
						"0.7083": [45, 0, 0],
						"0.7917": [0, 0, 0],
						"0.9583": [1.61, 0, 0]
					},
					"position": {
						"0.0": [0, 0, 0.3],
						"0.5": [0, 0, 0.3],
						"0.7083": [0, 0.5, 0.1],
						"0.9583": [0, 0, 0.3]
					}
				},
				"front_right_hoof": {
					"rotation": {
						"0.0": [-0.56, 0, 0],
						"0.2083": [-10, 0, 0],
						"0.5": [37.5, 0, 0],
						"0.7083": [0, 0, 0],
						"0.9583": [-0.56, 0, 0]
					}
				},
				"front_left_leg": {
					"rotation": {
						"0.0": [-2.5, 0, 0],
						"0.2083": [-41.25, 0, 0],
						"0.4583": [-0.63, 0, 0],
						"0.75": [27.5, 0, 0],
						"0.8333": [20, 0, 0],
						"0.9583": [-2.5, 0, 0]
					},
					"position": {
						"0.0": [0, 0, 1],
						"0.2083": [0, 0, -0.73],
						"0.4583": [0, 0, 0.51],
						"0.75": [0, 0, 3],
						"0.9583": [0, 0, 1]
					}
				},
				"front_left_calf": {
					"rotation": {
						"0.0": [57.5, 0, 0],
						"0.2083": [45, 0, 0],
						"0.2917": [0, 0, 0],
						"0.4583": [1.61, 0, 0],
						"0.6667": [3.75, 0, 0],
						"0.75": [1.67, 0, 0],
						"0.8333": [39.59, 0, 0],
						"0.9583": [57.5, 0, 0]
					},
					"position": {
						"0.0": [0, 0, 0.3],
						"0.2083": [0, 0.5, 0.1],
						"0.4583": [0, 0, 0.3],
						"0.9583": [0, 0, 0.3]
					}
				},
				"front_left_hoof": {
					"rotation": {
						"0.0": [37.5, 0, 0],
						"0.2083": [0, 0, 0],
						"0.4583": [-0.56, 0, 0],
						"0.6667": [-10, 0, 0],
						"0.9583": [37.5, 0, 0]
					}
				},
				"back_left_calf": {
					"rotation": {
						"0.0": [20, 0, 0],
						"0.0417": [23.93, 0, 0],
						"0.3333": [-22.5, 0, 0],
						"0.5": [-20, 0, 0],
						"0.9583": [20, 0, 0]
					},
					"position": {
						"0.0": [0, 0, 0.25],
						"0.2083": [0, 1, -1.61],
						"0.5": [0, 0, -2],
						"0.9583": [0, 0, 0.25]
					}
				},
				"back_right_calf": {
					"rotation": {
						"0.0": [-20, 0, 0],
						"0.4583": [20, 0, 0],
						"0.5": [23.93, 0, 0],
						"0.7917": [-22.5, 0, 0],
						"0.9583": [-20, 0, 0]
					},
					"position": {
						"0.0": [0, 0, -2],
						"0.4583": [0, 0, 0.25],
						"0.6667": [0, 1, -1.61],
						"0.9583": [0, 0, -2]
					}
				},
				"neck": {
					"rotation": ["math.cos(query.anim_time * 750) * 1", 0, 0]
				},
				"head": {
					"rotation": ["math.sin(query.anim_time * 750) * 4", 0, 0]
				},
				"left": {
					"rotation": ["math.sin(query.anim_time * 750) * 6", 0, 0]
				},
				"right": {
					"rotation": ["math.sin(query.anim_time * 750) * 6", 0, 0]
				},
				"tail": {
					"rotation": ["math.cos(query.anim_time * 750) * 5", 0, 0]
				}
			}
		}
	}
}