{
	"format_version": "1.8.0",
	"animations": {
		"idle": {
			"loop": true,
			"animation_length": 6,
			"bones": {
				"body_piv": {
					"rotation": [0, 0, 0],
					"position": [0, "-0.7+math.cos(query.anim_time * 120) * 0.2", 0],
					"scale": [1, 1, 0.9]
				},
				"front_right_leg": {
					"rotation": [0, 0, -2.5],
					"position": [0, 0, 2],
					"scale": [0.8, 1, 0.8]
				},
				"front_left_leg": {
					"rotation": [0, 0, 2.5],
					"position": [0, 0, 1],
					"scale": [0.8, 1, 0.8]
				},
				"back_left_calf": {
					"position": {
						"0.0": [0, "0.7+math.cos(query.anim_time * 120) * -0.2", -2],
						"6.0": [0, "0.7+math.cos(query.anim_time * 120) * -0.2", -2]
					},
					"scale": [0.8, 1, 0.8]
				},
				"back_right_calf": {
					"position": {
						"0.0": [0, "0.7+math.cos(query.anim_time * 120) * -0.2", -1],
						"6.0": [0, "0.7+math.cos(query.anim_time * 120) * -0.2", -1]
					},
					"scale": [0.8, 1, 0.8]
				},
				"neck": {
					"rotation": ["0.1+math.cos(query.anim_time * 120) * 3", 0, 0],
					"position": {
						"0.0": [0, 0, 0.7],
						"2.9375": [0, 0, 0.7],
						"5.625": [0, 0, 0.7]
					}
				},
				"head": {
					"rotation": ["-2.3+math.sin(query.anim_time * 120) * 2", 0, 0]
				},
				"right_ear": {
					"rotation": [21.14388, 29.7174, -13.19037],
					"position": [0, 0, 1],
					"scale": [1, 1.4, 1]
				},
				"left_ear": {
					"rotation": [21.14388, -29.7174, 13.19037],
					"position": [0, 0, 1],
					"scale": [1, 1.4, 1]
				},
				"tail": {
					"position": [0, 0, -1]
				},
				"front_right_hoof": {
					"rotation": [0, 0, 2.5]
				},
				"front_left_hoof": {
					"rotation": [0, 0, -2.5]
				},
				"back_right_leg": {
					"rotation": [-5, 0, 0],
					"position": [0, 0, 0]
				},
				"back_left_hoof": {
					"rotation": [5, 0, 0]
				},
				"back_left_leg": {
					"rotation": [2.5, 0, 0],
					"position": [0, 0, 0]
				},
				"back_right_hoof": {
					"rotation": [-2.5, 0, 0]
				},
				"body": {
					"scale": {
						"0.0": [1, 1, 1],
						"1.5": [1, 1.01, 1],
						"3.0": [1, 1, 1],
						"4.5": [1, 1.01, 1],
						"6.0": [1, 1, 1]
					}
				}
			}
		},
		"walk": {
			"loop": true,
			"animation_length": 1.3333,
			"bones": {
				"body_piv": {
					"rotation": ["math.sin(query.anim_time * 540)*2.5", 0, 0],
					"position": [0, -0.5, 0],
					"scale": {
						"0.0": [1, 1, 0.9],
						"1.3333": [1, 1, 0.9]
					}
				},
				"front_right_leg": {
					"rotation": {
						"0.0": [-47.5, 0, 0],
						"0.1667": [-35, 0, 0],
						"0.3333": [-10, 0, 0],
						"0.6667": [2.5, 0, 0],
						"1.0": [20, 0, 0],
						"1.0833": [5, 0, 0],
						"1.3333": [-47.5, 0, 0]
					},
					"position": {
						"0.0": [0, -1, 2],
						"0.3333": [0, 0.1, 0.8],
						"0.6667": [0, 0.3, 2],
						"1.0": [0, 0, 3],
						"1.3333": [0, -1, 2]
					},
					"scale": {
						"0.0": [0.8, 0.9, 0.7],
						"0.1667": [0.8, 0.9, 0.7],
						"0.3333": [0.8, 1, 0.8],
						"1.0": [0.8, 1, 0.8],
						"1.0833": [0.8, 0.9, 0.7],
						"1.3333": [0.8, 0.9, 0.7]
					}
				},
				"front_right_calf": {
					"rotation": {
						"0.0": [72.5, 0, 0],
						"0.0833": [36, 0, 0],
						"0.25": [2, 0, 0],
						"0.3333": [0, 0, 0],
						"0.5833": [0, 0, 0],
						"0.6667": [0, 0, 0],
						"1.0": [0, 0, 0],
						"1.0833": [45, 0, 0],
						"1.3333": [72.5, 0, 0]
					},
					"position": {
						"0.0": [0, -0.1, 0],
						"0.3333": [0, 0, 0],
						"1.0": [0, 0, 0],
						"1.3333": [0, -0.1, 0]
					}
				},
				"front_right_hoof": {
					"rotation": {
						"0.0": [61.98, 0, 0],
						"0.1667": [9.69, 0, 0],
						"0.6667": [0, 0, 0],
						"1.0": [0, 0, 0],
						"1.3333": [61.98, 0, 0]
					},
					"position": {
						"0.0": [0, -0.4, 0.38],
						"1.3333": [0, -0.4, 0.38]
					}
				},
				"front_left_leg": {
					"rotation": {
						"0.0": [2.5, 0, 0],
						"0.3333": [20, 0, 0],
						"0.4167": [5, 0, 0],
						"0.5833": [-47.5, 0, 0],
						"0.75": [-35, 0, 0],
						"0.9167": [-10, 0, 0],
						"1.3333": [2.5, 0, 0]
					},
					"position": {
						"0.0": [0, 0.3, 2],
						"0.3333": [0, 0, 3],
						"0.5833": [0, -1, 2],
						"0.9167": [0, 0.1, 0.8],
						"1.3333": [0, 0.3, 2]
					},
					"scale": {
						"0.0": [0.8, 1, 0.8],
						"0.3333": [0.8, 1, 0.8],
						"0.4167": [0.8, 0.9, 0.7],
						"0.75": [0.8, 0.9, 0.7],
						"0.9167": [0.8, 1, 0.8],
						"1.3333": [0.8, 1, 0.8]
					}
				},
				"front_left_calf": {
					"rotation": {
						"0.0": [0, 0, 0],
						"0.3333": [0, 0, 0],
						"0.4167": [45, 0, 0],
						"0.5833": [72.5, 0, 0],
						"0.6667": [36, 0, 0],
						"0.8333": [2, 0, 0],
						"0.9167": [0, 0, 0],
						"1.1667": [0, 0, 0],
						"1.3333": [0, 0, 0]
					},
					"position": {
						"0.0": [0, 0, 0],
						"0.4167": [0, 0, 0],
						"0.5833": [0, -0.1, 0],
						"0.9167": [0, 0, 0],
						"1.3333": [0, 0, 0]
					}
				},
				"front_left_hoof": {
					"rotation": {
						"0.0": [-1.88, 0, 0],
						"0.3333": [-1.88, 0, 0],
						"0.5833": [61.98, 0, 0],
						"0.8333": [11.09, 0, 0],
						"1.3333": [-1.88, 0, 0]
					},
					"position": {
						"0.0": [0, -0.05, 0.05],
						"1.3333": [0, -0.05, 0.05]
					}
				},
				"back_left_calf": {
					"rotation": {
						"0.0": [-18.36, 0, 0],
						"0.6667": [24.9754, 0.45352, -0.37558],
						"0.75": [27.19, 0, 0],
						"0.9167": [-17.18, 0, 0],
						"1.0": [-28.12, 0, 0],
						"1.3333": [-18.36, 0, 0]
					},
					"position": {
						"0.0": [-0.2, -0.14, -2],
						"0.3333": [-0.2, 0.43, -1],
						"0.6667": [-0.2, -0.2, 0],
						"1.0": [-0.2, 0.89, -3.5],
						"1.3333": [-0.2, -0.14, -2]
					},
					"scale": {
						"0.0": [0.8, 1, 0.8],
						"0.6667": [0.8, 1, 0.8],
						"0.75": [0.8, 0.8667, 0.8],
						"0.9167": [0.8, 0.9, 0.8],
						"1.3333": [0.8, 1, 0.8]
					}
				},
				"back_left_hoof": {
					"rotation": {
						"0.0": [16.87725, 1.54665, -0.20367],
						"0.3333": [-5.00596, -0.09815, -0.40191],
						"0.5833": [-20, 0, 0],
						"0.8333": [65.5, 1, 0],
						"0.9167": [55, 2.5, 0],
						"1.3333": [16.87725, 1.54665, -0.20367]
					},
					"position": {
						"0.0": [0, 0.3, 0],
						"0.3333": [0, 0.4, 0.2],
						"0.5833": [0, 0.2, 0],
						"0.8333": [0, -0.73, 0.1],
						"0.9167": [0, -0.7, 0.5],
						"1.3333": [0, 0.3, 0]
					}
				},
				"back_right_calf": {
					"rotation": {
						"0.0": [24.9754, 0.45352, -0.37558],
						"0.0833": [27.19, 0, 0],
						"0.25": [-17.18, 0, 0],
						"0.3333": [-28.12, 0, 0],
						"0.5833": [-18.36, 0, 0],
						"1.3333": [24.9754, 0.45352, -0.37558]
					},
					"position": {
						"0.0": [-0.2, -0.2, 0],
						"0.3333": [-0.2, 0.89, -3.5],
						"0.5833": [-0.2, -0.14, -2],
						"0.9167": [-0.2, 0.43, -1],
						"1.3333": [-0.2, -0.2, 0]
					},
					"scale": {
						"0.0": [0.8, 1, 0.8],
						"0.0833": [0.8, 0.8667, 0.8],
						"0.25": [0.8, 0.9, 0.8],
						"0.5833": [0.8, 1, 0.8],
						"1.3333": [0.8, 1, 0.8]
					}
				},
				"back_right_hoof": {
					"rotation": {
						"0.0": [-25, 0, 0],
						"0.25": [65.5, 1, 0],
						"0.3333": [55, 2.5, 0],
						"0.5833": [16.87816, 1.55406, -0.136],
						"0.75": [8.42426, 0.85787, -0.30417],
						"1.0": [-10.50537, -0.19383, -0.40886],
						"1.3333": [-25, 0, 0]
					},
					"position": {
						"0.0": [0, 0.2, 0],
						"0.25": [0, -0.73, 0.1],
						"0.3333": [0, -0.7, 0.5],
						"0.5833": [0, 0.3, 0],
						"1.0": [0, 0.4, 0.2],
						"1.3333": [0, 0.2, 0]
					}
				},
				"neck": {
					"rotation": ["math.sin(query.anim_time * 540)*-5", 0, 0],
					"position": {
						"0.0": [0, 0, 0.3],
						"0.3333": [0, 0, 0.6],
						"0.6667": [0, 0, 0.3],
						"1.0": [0, 0, 0.6],
						"1.3333": [0, 0, 0.3]
					}
				},
				"head": {
					"rotation": ["math.cos(query.anim_time * 540)*-3-3", 0, 0]
				},
				"right_ear": {
					"rotation": ["21.1438783649+math.sin(query.anim_time * 540)*-5+5", 29.7174, -13.19037],
					"position": [0, 0, 1],
					"scale": [1, 1.4, 1]
				},
				"left_ear": {
					"rotation": ["21.1438783649+math.sin(query.anim_time * 540)*-5+5", -29.7174, 13.19037],
					"position": [0, 0, 1],
					"scale": [1, 1.4, 1]
				},
				"body": {
					"scale": {
						"0.0": [1, 1, 1],
						"0.3333": [1, 0.97, 1],
						"0.6667": [1, 1, 1],
						"1.0": [1, 0.97, 1],
						"1.3333": [1, 1, 1]
					}
				},
				"tail": {
					"position": [0, 0, -1]
				}
			}
		},
		"run": {
			"loop": true,
			"animation_length": 0.5625,
			"bones": {
				"body_piv": {
					"rotation": {
						"0.0": {
							"post": [-1.56002, 0, 0],
							"lerp_mode": "catmullrom"
						},
						"0.2": {
							"post": [5.00074, 0, 0],
							"lerp_mode": "catmullrom"
						},
						"0.2625": {
							"post": [5.52598, 0, 0],
							"lerp_mode": "catmullrom"
						},
						"0.4875": {
							"post": [-4.17965, 0, 0],
							"lerp_mode": "catmullrom"
						},
						"0.5625": {
							"post": [-1.56002, 0, 0],
							"lerp_mode": "catmullrom"
						}
					},
					"position": {
						"0.0": {
							"post": [0, -0.5, -0.3],
							"lerp_mode": "catmullrom"
						},
						"0.2": {
							"post": [0, -0.6, 0],
							"lerp_mode": "catmullrom"
						},
						"0.425": {
							"post": [0, -1.6, -1.2],
							"lerp_mode": "catmullrom"
						},
						"0.5625": {
							"post": [0, -0.5, -0.3],
							"lerp_mode": "catmullrom"
						}
					},
					"scale": {
						"0.0": {
							"post": [1, 1, 0.9],
							"lerp_mode": "catmullrom"
						},
						"0.3375": {
							"post": [1, 0.9, 0.9],
							"lerp_mode": "catmullrom"
						},
						"0.5625": {
							"post": [1, 1, 0.9],
							"lerp_mode": "catmullrom"
						}
					}
				},
				"front_right_leg": {
					"rotation": {
						"0.0": {
							"post": [-55, 0, 0],
							"lerp_mode": "catmullrom"
						},
						"0.075": {
							"post": [-75.626, 0, 0],
							"lerp_mode": "catmullrom"
						},
						"0.125": {
							"post": [-67.71, 0, 0],
							"lerp_mode": "catmullrom"
						},
						"0.2": {
							"post": [-30, 0, 0],
							"lerp_mode": "catmullrom"
						},
						"0.3375": {
							"post": [20, 0, 0],
							"lerp_mode": "catmullrom"
						},
						"0.3875": {
							"post": [4.99641, 0, 0],
							"lerp_mode": "catmullrom"
						},
						"0.4625": {
							"post": [-32.5, 0, 0],
							"lerp_mode": "catmullrom"
						},
						"0.5625": {
							"post": [-55, 0, 0],
							"lerp_mode": "catmullrom"
						}
					},
					"position": {
						"0.0": {
							"post": [0, 0, 1],
							"lerp_mode": "catmullrom"
						},
						"0.075": {
							"post": [0, 0, 0.31],
							"lerp_mode": "catmullrom"
						},
						"0.2": {
							"post": [0, 0, 0.99],
							"lerp_mode": "catmullrom"
						},
						"0.3375": {
							"post": [0.2, 0, 4],
							"lerp_mode": "catmullrom"
						},
						"0.5625": {
							"post": [0, 0, 1],
							"lerp_mode": "catmullrom"
						}
					},
					"scale": {
						"0.0": {
							"post": [0.8, 0.95, 0.8],
							"lerp_mode": "catmullrom"
						},
						"0.2": {
							"post": [0.8, 1, 0.8],
							"lerp_mode": "catmullrom"
						},
						"0.3375": {
							"post": [0.8, 1, 0.8],
							"lerp_mode": "catmullrom"
						},
						"0.45": {
							"post": [0.8, 0.9, 0.8],
							"lerp_mode": "catmullrom"
						},
						"0.5625": {
							"post": [0.8, 0.95, 0.8],
							"lerp_mode": "catmullrom"
						}
					}
				},
				"front_left_leg": {
					"rotation": {
						"0.0": {
							"post": [-30, 0, 0],
							"lerp_mode": "catmullrom"
						},
						"0.225": {
							"post": [22.5, 0, 0],
							"lerp_mode": "catmullrom"
						},
						"0.3375": {
							"post": [-35, 0, 0],
							"lerp_mode": "catmullrom"
						},
						"0.4625": {
							"post": [-52.5, 0, 0],
							"lerp_mode": "catmullrom"
						},
						"0.5625": {
							"post": [-30, 0, 0],
							"lerp_mode": "catmullrom"
						}
					},
					"position": {
						"0.0": {
							"post": [0, 0.4, 0],
							"lerp_mode": "catmullrom"
						},
						"0.125": {
							"post": [0, 0.2, 1.5],
							"lerp_mode": "catmullrom"
						},
						"0.225": {
							"post": [0, -1, 4],
							"lerp_mode": "catmullrom"
						},
						"0.4625": {
							"post": [0, 0.27, 0.28],
							"lerp_mode": "catmullrom"
						},
						"0.5625": {
							"post": [0, 0.4, 0],
							"lerp_mode": "catmullrom"
						}
					},
					"scale": {
						"0.0": {
							"post": [0.8, 1, 0.8],
							"lerp_mode": "catmullrom"
						},
						"0.225": {
							"post": [0.8, 1, 0.8],
							"lerp_mode": "catmullrom"
						},
						"0.3875": {
							"post": [0.8, 0.9, 0.8],
							"lerp_mode": "catmullrom"
						},
						"0.5625": {
							"post": [0.8, 1, 0.8],
							"lerp_mode": "catmullrom"
						}
					}
				},
				"back_left_calf": {
					"rotation": {
						"0.0": {
							"post": [4.99828, 0.27349, 0.13586],
							"lerp_mode": "catmullrom"
						},
						"0.15": {
							"post": [31.65126, 0.00864, -1.11],
							"lerp_mode": "catmullrom"
						},
						"0.3125": {
							"post": [2.47815, -0.07373, -0.637],
							"lerp_mode": "catmullrom"
						},
						"0.45": {
							"post": [-38.24023, 0.09302, -0.05747],
							"lerp_mode": "catmullrom"
						},
						"0.5125": {
							"post": [-23.3855, 0.19328, 0.04993],
							"lerp_mode": "catmullrom"
						},
						"0.5625": {
							"post": [-2.50172, 0.27349, 0.13586],
							"lerp_mode": "catmullrom"
						}
					},
					"position": {
						"0.0": {
							"post": [0.2, 0, -3],
							"lerp_mode": "catmullrom"
						},
						"0.15": {
							"post": [0.2, 0.07, -0.71],
							"lerp_mode": "catmullrom"
						},
						"0.2": {
							"post": [0.2, 0.53, -0.04],
							"lerp_mode": "catmullrom"
						},
						"0.3125": {
							"post": [0.2, 0.72, -0.63],
							"lerp_mode": "catmullrom"
						},
						"0.45": {
							"post": [0.2, -1.05, -2.11],
							"lerp_mode": "catmullrom"
						},
						"0.5625": {
							"post": [0.2, 0, -3],
							"lerp_mode": "catmullrom"
						}
					},
					"scale": {
						"0.0": {
							"post": [0.8, 1, 0.8],
							"lerp_mode": "catmullrom"
						},
						"0.15": {
							"post": [0.8, 1, 0.8],
							"lerp_mode": "catmullrom"
						},
						"0.2": {
							"post": [0.8, 0.86, 0.8],
							"lerp_mode": "catmullrom"
						},
						"0.3125": {
							"post": [0.8, 0.86, 0.8],
							"lerp_mode": "catmullrom"
						},
						"0.5625": {
							"post": [0.8, 1, 0.8],
							"lerp_mode": "catmullrom"
						}
					}
				},
				"back_right_calf": {
					"rotation": {
						"0.0": {
							"post": [34.99565, 0, 0],
							"lerp_mode": "catmullrom"
						},
						"0.0625": {
							"post": [25.98, 0, 0],
							"lerp_mode": "catmullrom"
						},
						"0.2": {
							"post": [-15.52576, 0, 0],
							"lerp_mode": "catmullrom"
						},
						"0.325": {
							"post": [-33.88, 0, 0],
							"lerp_mode": "catmullrom"
						},
						"0.4125": {
							"post": [-3.5, 0, 0],
							"lerp_mode": "catmullrom"
						},
						"0.5625": {
							"post": [34.99565, 0, 0],
							"lerp_mode": "catmullrom"
						}
					},
					"position": {
						"0.0": {
							"post": [-0.2, 0, 0],
							"lerp_mode": "catmullrom"
						},
						"0.0625": {
							"post": [-0.2, 0.14, -1.1],
							"lerp_mode": "catmullrom"
						},
						"0.2": {
							"post": [-0.2, 0.28, -1],
							"lerp_mode": "catmullrom"
						},
						"0.2875": {
							"post": [-0.2, 0.57, -3],
							"lerp_mode": "catmullrom"
						},
						"0.3375": {
							"post": [-0.2, 0.47, -3.45],
							"lerp_mode": "catmullrom"
						},
						"0.4125": {
							"post": [-0.2, -0.69, -3.3],
							"lerp_mode": "catmullrom"
						},
						"0.5": {
							"post": [-0.2, 0.71, -1.38],
							"lerp_mode": "catmullrom"
						},
						"0.5625": {
							"post": [-0.2, 0, 0],
							"lerp_mode": "catmullrom"
						}
					},
					"scale": {
						"0.0": {
							"post": [0.8, 1, 0.8],
							"lerp_mode": "catmullrom"
						},
						"0.0625": {
							"post": [0.8, 0.9, 0.8],
							"lerp_mode": "catmullrom"
						},
						"0.2": {
							"post": [0.8, 0.9, 0.8],
							"lerp_mode": "catmullrom"
						},
						"0.2875": {
							"post": [0.8, 0.9, 0.8],
							"lerp_mode": "catmullrom"
						},
						"0.5625": {
							"post": [0.8, 1, 0.8],
							"lerp_mode": "catmullrom"
						}
					}
				},
				"neck": {
					"rotation": {
						"0.0": {
							"post": [-10, 0, 0],
							"lerp_mode": "catmullrom"
						},
						"0.2": {
							"post": [-20, 0, 0],
							"lerp_mode": "catmullrom"
						},
						"0.425": {
							"post": [-2.14152, 0, 0],
							"lerp_mode": "catmullrom"
						},
						"0.5625": {
							"post": [-10, 0, 0],
							"lerp_mode": "catmullrom"
						}
					},
					"position": {
						"0.0": {
							"post": [0, -0.4, 1],
							"lerp_mode": "catmullrom"
						},
						"0.2": {
							"post": [0, -0.07, 1.37],
							"lerp_mode": "catmullrom"
						},
						"0.425": {
							"post": [0, -0.21, 0.6],
							"lerp_mode": "catmullrom"
						},
						"0.5625": {
							"post": [0, -0.4, 1],
							"lerp_mode": "catmullrom"
						}
					}
				},
				"right_ear": {
					"rotation": {
						"0.0": {
							"post": [21.14388, 29.7174, -13.19037],
							"lerp_mode": "catmullrom"
						},
						"0.2125": {
							"post": [14.49841, 41.7336, -8.48456],
							"lerp_mode": "catmullrom"
						},
						"0.3375": {
							"post": [32.99603, 35.40928, -10.9613],
							"lerp_mode": "catmullrom"
						},
						"0.425": {
							"post": [35.88686, 33.19577, -11.82816],
							"lerp_mode": "catmullrom"
						},
						"0.5625": {
							"post": [21.14388, 29.7174, -13.19037],
							"lerp_mode": "catmullrom"
						}
					},
					"position": {
						"0.0": {
							"post": [0, 0, 1],
							"lerp_mode": "catmullrom"
						},
						"0.5625": {
							"post": [0, 0, 1],
							"lerp_mode": "catmullrom"
						}
					},
					"scale": {
						"0.0": {
							"post": [1, 1.4, 1],
							"lerp_mode": "catmullrom"
						},
						"0.5625": {
							"post": [1, 1.4, 1],
							"lerp_mode": "catmullrom"
						}
					}
				},
				"left_ear": {
					"rotation": {
						"0.0": {
							"post": [21.14388, -29.7174, 13.19037],
							"lerp_mode": "catmullrom"
						},
						"0.2125": {
							"post": [14.49841, -41.7336, 8.48456],
							"lerp_mode": "catmullrom"
						},
						"0.3375": {
							"post": [32.99603, -35.40928, 10.9613],
							"lerp_mode": "catmullrom"
						},
						"0.425": {
							"post": [35.88686, -33.19577, 11.82816],
							"lerp_mode": "catmullrom"
						},
						"0.5625": {
							"post": [21.14388, -29.7174, 13.19037],
							"lerp_mode": "catmullrom"
						}
					},
					"position": {
						"0.0": {
							"post": [0, 0, 1],
							"lerp_mode": "catmullrom"
						},
						"0.5625": {
							"post": [0, 0, 1],
							"lerp_mode": "catmullrom"
						}
					},
					"scale": {
						"0.0": {
							"post": [1, 1.4, 1],
							"lerp_mode": "catmullrom"
						},
						"0.5625": {
							"post": [1, 1.4, 1],
							"lerp_mode": "catmullrom"
						}
					}
				},
				"tail": {
					"rotation": {
						"0.0": {
							"post": [25.01333, 0, 0],
							"lerp_mode": "catmullrom"
						},
						"0.1625": {
							"post": [33.2617, -0.14199, -0.01866],
							"lerp_mode": "catmullrom"
						},
						"0.35": {
							"post": [34.50137, -0.3615, -0.04752],
							"lerp_mode": "catmullrom"
						},
						"0.5625": {
							"post": [25.01333, 0, 0],
							"lerp_mode": "catmullrom"
						}
					},
					"position": {
						"0.0": {
							"post": [0, -0.9, -1],
							"lerp_mode": "catmullrom"
						},
						"0.5625": {
							"post": [0, -0.9, -1],
							"lerp_mode": "catmullrom"
						}
					}
				},
				"body": {
					"rotation": {
						"0.0": {
							"post": [0, 0, 0],
							"lerp_mode": "catmullrom"
						},
						"0.2": {
							"post": [5, 0, 0],
							"lerp_mode": "catmullrom"
						},
						"0.425": {
							"post": [-5, 0, 0],
							"lerp_mode": "catmullrom"
						},
						"0.5625": {
							"post": [0, 0, 0],
							"lerp_mode": "catmullrom"
						}
					},
					"position": {
						"0.0": {
							"post": [0, 0.3, 0],
							"lerp_mode": "catmullrom"
						},
						"0.2": {
							"post": [0, 0, 0],
							"lerp_mode": "catmullrom"
						},
						"0.425": {
							"post": [0, 0.56, 0],
							"lerp_mode": "catmullrom"
						},
						"0.5625": {
							"post": [0, 0.3, 0],
							"lerp_mode": "catmullrom"
						}
					}
				},
				"front_right_calf": {
					"rotation": {
						"0.0": {
							"post": [92.5, 0, 0],
							"lerp_mode": "catmullrom"
						},
						"0.075": {
							"post": [69.16667, 0, 0],
							"lerp_mode": "catmullrom"
						},
						"0.2": {
							"post": [-2.5, 0, 0],
							"lerp_mode": "catmullrom"
						},
						"0.3375": {
							"post": [-2.5, 0, 0],
							"lerp_mode": "catmullrom"
						},
						"0.375": {
							"post": [32.46676, -0.16093, 0.50985],
							"lerp_mode": "catmullrom"
						},
						"0.4625": {
							"post": [72.40208, -0.15275, 1.54059],
							"lerp_mode": "catmullrom"
						},
						"0.5125": {
							"post": [88.89689, -0.58178, 1.4286],
							"lerp_mode": "catmullrom"
						},
						"0.5625": {
							"post": [92.5, 0, 0],
							"lerp_mode": "catmullrom"
						}
					},
					"position": {
						"0.0": {
							"post": [0, 0, 0],
							"lerp_mode": "catmullrom"
						},
						"0.3375": {
							"post": [0, 0, 0.17],
							"lerp_mode": "catmullrom"
						},
						"0.4625": {
							"post": [0, 0, -1],
							"lerp_mode": "catmullrom"
						},
						"0.5625": {
							"post": [0, 0, 0],
							"lerp_mode": "catmullrom"
						}
					}
				},
				"front_right_hoof": {
					"rotation": {
						"0.0": {
							"post": [20, 0, 0],
							"lerp_mode": "catmullrom"
						},
						"0.125": {
							"post": [47.5, 0, 0],
							"lerp_mode": "catmullrom"
						},
						"0.2": {
							"post": [20, 0, 0],
							"lerp_mode": "catmullrom"
						},
						"0.3375": {
							"post": [-12.5, 0, 0],
							"lerp_mode": "catmullrom"
						},
						"0.4625": {
							"post": [65, 0, 0],
							"lerp_mode": "catmullrom"
						},
						"0.5625": {
							"post": [20, 0, 0],
							"lerp_mode": "catmullrom"
						}
					},
					"position": {
						"0.0": {
							"post": [0, 0, 1],
							"lerp_mode": "catmullrom"
						},
						"0.2": {
							"post": [0, -0.5, 0],
							"lerp_mode": "catmullrom"
						},
						"0.4625": {
							"post": [0, -0.7, 0.5],
							"lerp_mode": "catmullrom"
						},
						"0.5625": {
							"post": [0, 0, 1],
							"lerp_mode": "catmullrom"
						}
					}
				},
				"front_left_calf": {
					"rotation": {
						"0.0": {
							"post": [0, 0, 0],
							"lerp_mode": "catmullrom"
						},
						"0.225": {
							"post": [0, 0, 0],
							"lerp_mode": "catmullrom"
						},
						"0.3": {
							"post": [56.25, 0, 0],
							"lerp_mode": "catmullrom"
						},
						"0.3375": {
							"post": [77.5, 0, 0],
							"lerp_mode": "catmullrom"
						},
						"0.425": {
							"post": [75.78783, 0.61914, 0.78186],
							"lerp_mode": "catmullrom"
						},
						"0.4625": {
							"post": [60, 0, 0],
							"lerp_mode": "catmullrom"
						},
						"0.5625": {
							"post": [0, 0, 0],
							"lerp_mode": "catmullrom"
						}
					}
				},
				"front_left_hoof": {
					"rotation": {
						"0.0": {
							"post": [17.5, 0, 0],
							"lerp_mode": "catmullrom"
						},
						"0.2": {
							"post": [-20, 0, 0],
							"lerp_mode": "catmullrom"
						},
						"0.4625": {
							"post": [60, 0, 0],
							"lerp_mode": "catmullrom"
						},
						"0.5625": {
							"post": [17.5, 0, 0],
							"lerp_mode": "catmullrom"
						}
					},
					"position": {
						"0.0": {
							"post": [0, -0.8, 0],
							"lerp_mode": "catmullrom"
						},
						"0.2": {
							"post": [0, 0.2, 0.1],
							"lerp_mode": "catmullrom"
						},
						"0.3": {
							"post": [0, -0.07, 1.37],
							"lerp_mode": "catmullrom"
						},
						"0.5625": {
							"post": [0, -0.8, 0],
							"lerp_mode": "catmullrom"
						}
					}
				},
				"back_left_hoof": {
					"rotation": {
						"0.0": {
							"post": [-2.49843, -0.36442, 0.30364],
							"lerp_mode": "catmullrom"
						},
						"0.075": {
							"post": [-17.49938, -0.43008, 0.51277],
							"lerp_mode": "catmullrom"
						},
						"0.15": {
							"post": [55.45797, -0.17115, 0.55943],
							"lerp_mode": "catmullrom"
						},
						"0.425": {
							"post": [62.78125, 0.27805, 0.30307],
							"lerp_mode": "catmullrom"
						},
						"0.5": {
							"post": [23.61344, -0.10743, 0.30341],
							"lerp_mode": "catmullrom"
						},
						"0.5625": {
							"post": [-2.49843, -0.36442, 0.30364],
							"lerp_mode": "catmullrom"
						}
					},
					"position": {
						"0.0": {
							"post": [0, 0, 0],
							"lerp_mode": "catmullrom"
						},
						"0.075": {
							"post": [0, 0, 0.7],
							"lerp_mode": "catmullrom"
						},
						"0.425": {
							"post": [0, -0.7, 0.66],
							"lerp_mode": "catmullrom"
						},
						"0.5625": {
							"post": [0, 0, 0],
							"lerp_mode": "catmullrom"
						}
					}
				},
				"back_right_hoof": {
					"rotation": {
						"0.0": {
							"post": [57.5, 0, 0],
							"lerp_mode": "catmullrom"
						},
						"0.1625": {
							"post": [69.99832, 0.42039, 0.16258],
							"lerp_mode": "catmullrom"
						},
						"0.2875": {
							"post": [52.47643, 0.62975, 0.66179],
							"lerp_mode": "catmullrom"
						},
						"0.375": {
							"post": [50, 0, 0],
							"lerp_mode": "catmullrom"
						},
						"0.4125": {
							"post": [12.7505, -0.12355, 0.10291],
							"lerp_mode": "catmullrom"
						},
						"0.5": {
							"post": [-7.49832, -0.41184, 0.34304],
							"lerp_mode": "catmullrom"
						},
						"0.5625": {
							"post": [57.5, 0, 0],
							"lerp_mode": "catmullrom"
						}
					},
					"position": {
						"0.0": {
							"post": [0, -0.5, 0.6],
							"lerp_mode": "catmullrom"
						},
						"0.1625": {
							"post": [0, -0.4, 0.6],
							"lerp_mode": "catmullrom"
						},
						"0.2875": {
							"post": [0, -0.46, 0.83],
							"lerp_mode": "catmullrom"
						},
						"0.375": {
							"post": [0, -0.6, 0.4],
							"lerp_mode": "catmullrom"
						},
						"0.5625": {
							"post": [0, -0.5, 0.6],
							"lerp_mode": "catmullrom"
						}
					}
				},
				"head": {
					"rotation": {
						"0.0": {
							"post": [-2.5, 0, 0],
							"lerp_mode": "catmullrom"
						},
						"0.0625": {
							"post": [-5.66728, 0, 0],
							"lerp_mode": "catmullrom"
						},
						"0.2": {
							"post": [-5, 0, 0],
							"lerp_mode": "catmullrom"
						},
						"0.425": {
							"post": [2.8, 0, 0],
							"lerp_mode": "catmullrom"
						},
						"0.5625": {
							"post": [-2.5, 0, 0],
							"lerp_mode": "catmullrom"
						}
					},
					"position": {
						"0.0": {
							"post": [0, 0, 0],
							"lerp_mode": "catmullrom"
						},
						"0.2": {
							"post": [0, -0.2, 0],
							"lerp_mode": "catmullrom"
						},
						"0.5625": {
							"post": [0, 0, 0],
							"lerp_mode": "catmullrom"
						}
					}
				}
			}
		},
		"run2": {
			"loop": true,
			"animation_length": 0.5625,
			"bones": {
				"body_piv": {
					"rotation": ["math.cos(query.anim_time * 640) *-6+math.sin(query.anim_time * 640) *3", 0, 0],
					"position": [0, "-0.1+math.cos(query.anim_time * 640) *0.50-0.3", 0],
					"scale": {
						"0.0": {
							"post": [1, 1, 0.9],
							"lerp_mode": "catmullrom"
						},
						"0.3375": {
							"post": [1, 0.9, 0.9],
							"lerp_mode": "catmullrom"
						},
						"0.5625": {
							"post": [1, 1, 0.9],
							"lerp_mode": "catmullrom"
						}
					}
				},
				"front_right_leg": {
					"rotation": {
						"0.0": {
							"post": [-55, 0, 0],
							"lerp_mode": "catmullrom"
						},
						"0.075": {
							"post": [-75.626, 0, 0],
							"lerp_mode": "catmullrom"
						},
						"0.125": {
							"post": [-67.71, 0, 0],
							"lerp_mode": "catmullrom"
						},
						"0.2": {
							"post": [-30, 0, 0],
							"lerp_mode": "catmullrom"
						},
						"0.3375": {
							"post": [20, 0, 0],
							"lerp_mode": "catmullrom"
						},
						"0.3875": {
							"post": [4.99641, 0, 0],
							"lerp_mode": "catmullrom"
						},
						"0.4625": {
							"post": [-32.5, 0, 0],
							"lerp_mode": "catmullrom"
						},
						"0.5625": {
							"post": [-55, 0, 0],
							"lerp_mode": "catmullrom"
						}
					},
					"position": {
						"0.0": {
							"post": [0, -0.5, 1],
							"lerp_mode": "catmullrom"
						},
						"0.075": {
							"post": [0, -0.5, 0.31],
							"lerp_mode": "catmullrom"
						},
						"0.2": {
							"post": [0, -0.5, 0.99],
							"lerp_mode": "catmullrom"
						},
						"0.3375": {
							"post": [0.2, -0.5, 4],
							"lerp_mode": "catmullrom"
						},
						"0.5625": {
							"post": [0, -0.5, 1],
							"lerp_mode": "catmullrom"
						}
					},
					"scale": {
						"0.0": {
							"post": [0.8, 0.95, 0.8],
							"lerp_mode": "catmullrom"
						},
						"0.2": {
							"post": [0.8, 1, 0.8],
							"lerp_mode": "catmullrom"
						},
						"0.3375": {
							"post": [0.8, 1, 0.8],
							"lerp_mode": "catmullrom"
						},
						"0.45": {
							"post": [0.8, 0.9, 0.8],
							"lerp_mode": "catmullrom"
						},
						"0.5625": {
							"post": [0.8, 0.95, 0.8],
							"lerp_mode": "catmullrom"
						}
					}
				},
				"front_left_leg": {
					"rotation": {
						"0.0": {
							"post": [-30, 0, 0],
							"lerp_mode": "catmullrom"
						},
						"0.225": {
							"post": [22.5, 0, 0],
							"lerp_mode": "catmullrom"
						},
						"0.4625": {
							"post": [-65, 0, 0],
							"lerp_mode": "catmullrom"
						},
						"0.5625": {
							"post": [-30, 0, 0],
							"lerp_mode": "catmullrom"
						}
					},
					"position": {
						"0.0": {
							"post": [0, 0.9, 1],
							"lerp_mode": "catmullrom"
						},
						"0.125": {
							"post": [0, -0.3, 1.5],
							"lerp_mode": "catmullrom"
						},
						"0.225": {
							"post": [0, -1.5, 4],
							"lerp_mode": "catmullrom"
						},
						"0.4625": {
							"post": [0, -0.23, 0.28],
							"lerp_mode": "catmullrom"
						},
						"0.5625": {
							"post": [0, 0.9, 1],
							"lerp_mode": "catmullrom"
						}
					},
					"scale": {
						"0.0": {
							"post": [0.8, 1, 0.8],
							"lerp_mode": "catmullrom"
						},
						"0.225": {
							"post": [0.8, 1, 0.8],
							"lerp_mode": "catmullrom"
						},
						"0.3875": {
							"post": [0.8, 0.9, 0.8],
							"lerp_mode": "catmullrom"
						},
						"0.5625": {
							"post": [0.8, 1, 0.8],
							"lerp_mode": "catmullrom"
						}
					}
				},
				"back_left_calf": {
					"rotation": {
						"0.0": {
							"post": [4.99828, 0.27349, 0.13586],
							"lerp_mode": "catmullrom"
						},
						"0.15": {
							"post": [31.65126, 0.00864, -1.11],
							"lerp_mode": "catmullrom"
						},
						"0.45": {
							"post": [-38.24023, 0.09302, -0.05747],
							"lerp_mode": "catmullrom"
						},
						"0.5625": {
							"post": [-2.50172, 0.27349, 0.13586],
							"lerp_mode": "catmullrom"
						}
					},
					"position": {
						"0.0": {
							"post": [0.2, 0, -3],
							"lerp_mode": "catmullrom"
						},
						"0.075": {
							"post": [0.2, -0.53, -1.95],
							"lerp_mode": "catmullrom"
						},
						"0.2": {
							"post": [0.2, 0.53, -0.04],
							"lerp_mode": "catmullrom"
						},
						"0.45": {
							"post": [0.2, -1.05, -2.11],
							"lerp_mode": "catmullrom"
						},
						"0.5625": {
							"post": [0.2, 0, -3],
							"lerp_mode": "catmullrom"
						}
					},
					"scale": {
						"0.0": {
							"post": [0.8, 1, 0.8],
							"lerp_mode": "catmullrom"
						},
						"0.15": {
							"post": [0.8, 1, 0.8],
							"lerp_mode": "catmullrom"
						},
						"0.2": {
							"post": [0.8, 0.86, 0.8],
							"lerp_mode": "catmullrom"
						},
						"0.3125": {
							"post": [0.8, 0.86, 0.8],
							"lerp_mode": "catmullrom"
						},
						"0.5625": {
							"post": [0.8, 1, 0.8],
							"lerp_mode": "catmullrom"
						}
					}
				},
				"back_right_calf": {
					"rotation": {
						"0.0": {
							"post": [34.99565, 0, 0],
							"lerp_mode": "catmullrom"
						},
						"0.0625": {
							"post": [25.98, 0, 0],
							"lerp_mode": "catmullrom"
						},
						"0.325": {
							"post": [-33.88, 0, 0],
							"lerp_mode": "catmullrom"
						},
						"0.5625": {
							"post": [34.99565, 0, 0],
							"lerp_mode": "catmullrom"
						}
					},
					"position": {
						"0.0": {
							"post": [-0.2, 0, 0],
							"lerp_mode": "catmullrom"
						},
						"0.2": {
							"post": [-0.2, 1.02, -1.68],
							"lerp_mode": "catmullrom"
						},
						"0.2875": {
							"post": [-0.2, 0.01, -2.46],
							"lerp_mode": "catmullrom"
						},
						"0.4125": {
							"post": [-0.2, -0.39, -3.3],
							"lerp_mode": "catmullrom"
						},
						"0.475": {
							"post": [-0.2, 0.46, -2.06],
							"lerp_mode": "catmullrom"
						},
						"0.5625": {
							"post": [-0.2, 0, 0],
							"lerp_mode": "catmullrom"
						}
					},
					"scale": {
						"0.0": {
							"post": [0.8, 1, 0.8],
							"lerp_mode": "catmullrom"
						},
						"0.0625": {
							"post": [0.8, 0.9, 0.8],
							"lerp_mode": "catmullrom"
						},
						"0.2": {
							"post": [0.8, 0.9, 0.8],
							"lerp_mode": "catmullrom"
						},
						"0.2875": {
							"post": [0.8, 0.9, 0.8],
							"lerp_mode": "catmullrom"
						},
						"0.5625": {
							"post": [0.8, 1, 0.8],
							"lerp_mode": "catmullrom"
						}
					}
				},
				"neck": {
					"rotation": {
						"0.0": ["-7.5+math.sin(query.anim_time * 640) *8+10+math.sin(query.anim_time * 640) *-4", 0, 0],
						"0.25": ["-15.5+math.sin(query.anim_time * 640) *8+10+math.sin(query.anim_time * 640) *-4", 0, 0],
						"0.5625": ["-7.5+math.sin(query.anim_time * 640) *8+10+math.sin(query.anim_time * 640) *-4", 0, 0]
					},
					"position": [0, 0, 0.6]
				},
				"right_ear": {
					"rotation": {
						"0.0": {
							"post": [21.14388, 29.7174, -13.19037],
							"lerp_mode": "catmullrom"
						},
						"0.2125": {
							"post": [14.49841, 41.7336, -8.48456],
							"lerp_mode": "catmullrom"
						},
						"0.3375": {
							"post": [32.99603, 35.40928, -10.9613],
							"lerp_mode": "catmullrom"
						},
						"0.425": {
							"post": [35.88686, 33.19577, -11.82816],
							"lerp_mode": "catmullrom"
						},
						"0.5625": {
							"post": [21.14388, 29.7174, -13.19037],
							"lerp_mode": "catmullrom"
						}
					},
					"position": {
						"0.0": {
							"post": [0, 0, 1],
							"lerp_mode": "catmullrom"
						},
						"0.5625": {
							"post": [0, 0, 1],
							"lerp_mode": "catmullrom"
						}
					},
					"scale": {
						"0.0": {
							"post": [1, 1.4, 1],
							"lerp_mode": "catmullrom"
						},
						"0.5625": {
							"post": [1, 1.4, 1],
							"lerp_mode": "catmullrom"
						}
					}
				},
				"left_ear": {
					"rotation": {
						"0.0": {
							"post": [21.14388, -29.7174, 13.19037],
							"lerp_mode": "catmullrom"
						},
						"0.2125": {
							"post": [14.49841, -41.7336, 8.48456],
							"lerp_mode": "catmullrom"
						},
						"0.3375": {
							"post": [32.99603, -35.40928, 10.9613],
							"lerp_mode": "catmullrom"
						},
						"0.425": {
							"post": [35.88686, -33.19577, 11.82816],
							"lerp_mode": "catmullrom"
						},
						"0.5625": {
							"post": [21.14388, -29.7174, 13.19037],
							"lerp_mode": "catmullrom"
						}
					},
					"position": {
						"0.0": {
							"post": [0, 0, 1],
							"lerp_mode": "catmullrom"
						},
						"0.5625": {
							"post": [0, 0, 1],
							"lerp_mode": "catmullrom"
						}
					},
					"scale": {
						"0.0": {
							"post": [1, 1.4, 1],
							"lerp_mode": "catmullrom"
						},
						"0.5625": {
							"post": [1, 1.4, 1],
							"lerp_mode": "catmullrom"
						}
					}
				},
				"tail": {
					"rotation": ["math.cos(query.anim_time * 640) *10+10", 0, 0]
				},
				"front_right_calf": {
					"rotation": {
						"0.0": {
							"post": [92.5, 0, 0],
							"lerp_mode": "catmullrom"
						},
						"0.075": {
							"post": [69.16667, 0, 0],
							"lerp_mode": "catmullrom"
						},
						"0.2": {
							"post": [10, 0, 0],
							"lerp_mode": "catmullrom"
						},
						"0.25": {
							"post": [-9.25, 0.01, -0.02],
							"lerp_mode": "catmullrom"
						},
						"0.3375": {
							"post": [-2.5, 0, 0],
							"lerp_mode": "catmullrom"
						},
						"0.375": {
							"post": [32.46676, -0.16093, 0.50985],
							"lerp_mode": "catmullrom"
						},
						"0.4625": {
							"post": [72.40208, -0.15275, 1.54059],
							"lerp_mode": "catmullrom"
						},
						"0.5125": {
							"post": [88.89689, -0.58178, 1.4286],
							"lerp_mode": "catmullrom"
						},
						"0.5625": {
							"post": [92.5, 0, 0],
							"lerp_mode": "catmullrom"
						}
					},
					"position": {
						"0.0": {
							"post": [0, 0, 0],
							"lerp_mode": "catmullrom"
						},
						"0.3375": {
							"post": [0, 0.5, 0.17],
							"lerp_mode": "catmullrom"
						},
						"0.4625": {
							"post": [0, 0, -1],
							"lerp_mode": "catmullrom"
						},
						"0.5625": {
							"post": [0, 0, 0],
							"lerp_mode": "catmullrom"
						}
					}
				},
				"front_right_hoof": {
					"rotation": {
						"0.0": {
							"post": [20, 0, 0],
							"lerp_mode": "catmullrom"
						},
						"0.125": {
							"post": [70, 0, 0],
							"lerp_mode": "catmullrom"
						},
						"0.2": {
							"post": [20, 0, 0],
							"lerp_mode": "catmullrom"
						},
						"0.3375": {
							"post": [-12.5, 0, 0],
							"lerp_mode": "catmullrom"
						},
						"0.4625": {
							"post": [65, 0, 0],
							"lerp_mode": "catmullrom"
						},
						"0.5625": {
							"post": [20, 0, 0],
							"lerp_mode": "catmullrom"
						}
					},
					"position": {
						"0.0": {
							"post": [0, 0, 1],
							"lerp_mode": "catmullrom"
						},
						"0.2": {
							"post": [0, -0.5, 0],
							"lerp_mode": "catmullrom"
						},
						"0.4625": {
							"post": [0, -0.7, 0.5],
							"lerp_mode": "catmullrom"
						},
						"0.5625": {
							"post": [0, 0, 1],
							"lerp_mode": "catmullrom"
						}
					}
				},
				"front_left_calf": {
					"rotation": {
						"0.0": {
							"post": [15, 0, 0],
							"lerp_mode": "catmullrom"
						},
						"0.05": {
							"post": [-5.73, -0.05, -0.06],
							"lerp_mode": "catmullrom"
						},
						"0.125": {
							"post": [-0.36918, -0.02607, -0.03293],
							"lerp_mode": "catmullrom"
						},
						"0.2125": {
							"post": [0, 0, 0],
							"lerp_mode": "catmullrom"
						},
						"0.3": {
							"post": [56.25, 0, 0],
							"lerp_mode": "catmullrom"
						},
						"0.4625": {
							"post": [77.44404, 0.52285, 0.66026],
							"lerp_mode": "catmullrom"
						},
						"0.5625": {
							"post": [15, 0, 0],
							"lerp_mode": "catmullrom"
						}
					},
					"position": [0, 0.5, 0]
				},
				"front_left_hoof": {
					"rotation": {
						"0.0": {
							"post": [17.5, 0, 0],
							"lerp_mode": "catmullrom"
						},
						"0.125": {
							"post": [-4.76, 0, 0],
							"lerp_mode": "catmullrom"
						},
						"0.2": {
							"post": [-17.5, 0, 0],
							"lerp_mode": "catmullrom"
						},
						"0.4625": {
							"post": [60, 0, 0],
							"lerp_mode": "catmullrom"
						},
						"0.5625": {
							"post": [17.5, 0, 0],
							"lerp_mode": "catmullrom"
						}
					},
					"position": {
						"0.0": {
							"post": [0, -0.8, 0],
							"lerp_mode": "catmullrom"
						},
						"0.2": {
							"post": [0, 0.2, 0.1],
							"lerp_mode": "catmullrom"
						},
						"0.3": {
							"post": [0, -0.07, 1.37],
							"lerp_mode": "catmullrom"
						},
						"0.5625": {
							"post": [0, -0.8, 0],
							"lerp_mode": "catmullrom"
						}
					}
				},
				"back_left_hoof": {
					"rotation": {
						"0.0": {
							"post": [-2.49843, -0.36442, 0.30364],
							"lerp_mode": "catmullrom"
						},
						"0.075": {
							"post": [-17.49938, -0.43008, 0.51277],
							"lerp_mode": "catmullrom"
						},
						"0.15": {
							"post": [55.45797, -0.17115, 0.55943],
							"lerp_mode": "catmullrom"
						},
						"0.425": {
							"post": [62.78125, 0.27805, 0.30307],
							"lerp_mode": "catmullrom"
						},
						"0.5": {
							"post": [23.61344, -0.10743, 0.30341],
							"lerp_mode": "catmullrom"
						},
						"0.5625": {
							"post": [-2.49843, -0.36442, 0.30364],
							"lerp_mode": "catmullrom"
						}
					},
					"position": {
						"0.0": {
							"post": [0, 0, 0],
							"lerp_mode": "catmullrom"
						},
						"0.075": {
							"post": [0, 0, 0.7],
							"lerp_mode": "catmullrom"
						},
						"0.425": {
							"post": [0, -0.7, 0.66],
							"lerp_mode": "catmullrom"
						},
						"0.5625": {
							"post": [0, 0, 0],
							"lerp_mode": "catmullrom"
						}
					}
				},
				"back_right_hoof": {
					"rotation": {
						"0.0": {
							"post": [57.5, 0, 0],
							"lerp_mode": "catmullrom"
						},
						"0.1625": {
							"post": [69.99832, 0.42039, 0.16258],
							"lerp_mode": "catmullrom"
						},
						"0.2875": {
							"post": [52.47643, 0.62975, 0.66179],
							"lerp_mode": "catmullrom"
						},
						"0.375": {
							"post": [50, 0, 0],
							"lerp_mode": "catmullrom"
						},
						"0.4125": {
							"post": [12.7505, -0.12355, 0.10291],
							"lerp_mode": "catmullrom"
						},
						"0.5": {
							"post": [-7.49832, -0.41184, 0.34304],
							"lerp_mode": "catmullrom"
						},
						"0.5625": {
							"post": [57.5, 0, 0],
							"lerp_mode": "catmullrom"
						}
					},
					"position": {
						"0.0": {
							"post": [0, -0.5, 0.6],
							"lerp_mode": "catmullrom"
						},
						"0.1625": {
							"post": [0, -0.4, 0.6],
							"lerp_mode": "catmullrom"
						},
						"0.2875": {
							"post": [0, -0.46, 0.83],
							"lerp_mode": "catmullrom"
						},
						"0.375": {
							"post": [0, -0.6, 0.4],
							"lerp_mode": "catmullrom"
						},
						"0.5625": {
							"post": [0, -0.5, 0.6],
							"lerp_mode": "catmullrom"
						}
					}
				},
				"head": {
					"rotation": ["-10+math.cos(query.anim_time * 640) *6+3", 0, 0]
				}
			}
		},
		"Base": {
			"animation_length": 0.3333,
			"bones": {
				"body_piv": {
					"position": [0, -1, 0],
					"scale": [1, 1, 0.9]
				},
				"front_right_leg": {
					"position": [0, 0, 1],
					"scale": [0.8, 1, 0.8]
				},
				"front_left_leg": {
					"position": [0, 0, 1],
					"scale": [0.8, 1, 0.8]
				},
				"back_left_calf": {
					"position": [0, 1, -1],
					"scale": [0.8, 1, 0.8]
				},
				"back_right_calf": {
					"position": [0, 1, -1],
					"scale": [0.8, 1, 0.8]
				},
				"neck": {
					"position": [0, 0, 0.7]
				},
				"right_ear": {
					"rotation": [21.14388, 29.7174, -13.19037],
					"position": [0, 0, 1],
					"scale": [1, 1.4, 1]
				},
				"left_ear": {
					"rotation": [21.14388, -29.7174, 13.19037],
					"position": [0, 0, 1],
					"scale": [1, 1.4, 1]
				},
				"tail": {
					"position": [0, 0, -1]
				}
			}
		}
	}
}