{
    "display": {
        "icon": {
            "item": "alexsmobs:animal_dictionary"
        },
        "title": {
            "translate": "advancements.alexsmobs.root.title"
        },
        "description": {
            "translate": "advancements.alexsmobs.root.desc"
        },
        "background": "alexsmobs:textures/advancement_background.png",
        "show_toast": true,
        "announce_to_chat": false,
        "hidden": false
    },
    "criteria": {
        "tick": {
            "trigger": "minecraft:tick",
            "conditions": {
                "player": {
                    "type": "minecraft:player"
                }
            }
        }
    }
}