{
"type": "origins:multiple",
   "small_callback": {
		"type": "origins:action_on_callback",
		"entity_action_chosen": {
			"type": "origins:execute_command",
			"command": "function mystbound-origins:hobbit_callon"
		},
		"entity_action_lost": {
			"type": "origins:execute_command",
			"command": "function mystbound-origins:hobbit_callback"
		},
		"execute_chosen_when_orb": true
	},
	"small_constant": {
		"type": "origins:action_over_time",
		"entity_action": {
			"type": "origins:execute_command",
			"command": "execute unless entity @s[pehkui.scale_nbt={\"pehkui:scale_data_types\":{\"pehkui:height\":{scale:0.6f}}}] run function mystbound-origins:hobbit_callon"
		},
		"interval": 50
	},
    "name": "Small stature",
    "description": "You are a bit less than 1.5 blocks tall"
}