{
	"name": "Delicate Flower",
	"description": "Rockets will hurt you when used, unless you have Elytra equipped.",
	"type": "origins:active_self",
	"key": {
		"key": "key.use",
		"continuous": true
	},
	"badges": [],
	"condition": {
		"type": "origins:and",
		"conditions": [
			{
				"type": "origins:equipped_item",
				"equipment_slot": "chest",
				"inverted": true,
				"item_condition": {
					"type": "origins:ingredient",
					"ingredient": {
						"item": "minecraft:elytra"
					}
				}
			},
			{
				"type": "origins:or",
				"conditions": [
					{
						"type": "origins:equipped_item",
						"equipment_slot": "offhand",
						"item_condition": {
							"type": "origins:ingredient",
							"ingredient": {
								"item": "minecraft:firework_rocket"
							}
						}
					},
					{
						
						"type": "origins:equipped_item",
						"equipment_slot": "mainhand",
						"item_condition": {
							"type": "origins:ingredient",
							"ingredient": {
								"item": "minecraft:firework_rocket"
							}
						}
					}
				]
			}
		]
		
	},
	"entity_action": {
		"type": "origins:damage",
		"amount": 10,
		"damage_type": "minecraft:generic"
	}
}