{
	"name": "Tragic Coincidence",
	"description":"Metal armor withers you. Iron tools don't work.",
	"type":"origins:multiple",
	"badges": [
		{
			"type":"origins:tooltip",
			"sprite":"minecraft:textures/item/netherite_chestplate.png",
			"text":["\"Metal\" includes Chainmail, Iron, Gold & Netherite."]
		}
	],
	"armor": {
		"type":"origins:action_over_time",
		"interval": 20,
		"entity_action": {
			"type":"origins:apply_effect",
			"effect":{
				"effect":"minecraft:wither",
				"duration":40,
				"amplifier":1,
				"is_ambient":true,
				"show_particles":false,
				"show_icon":false
			}
		},
		"condition":{
			"type":"origins:or",
			"conditions":[
				{
					"type": "origins:equipped_item",
					"equipment_slot": "head",
					"item_condition": {
						"type": "origins:ingredient",
						"ingredient":{
							"tag":"sprites:metalarmor"
						}
					}
				},
				{
					"type": "origins:equipped_item",
					"equipment_slot": "chest",
					"item_condition": {
						"type": "origins:ingredient",
						"ingredient":{
							"tag":"sprites:metalarmor"
						}
					}
				},
				{
					"type": "origins:equipped_item",
					"equipment_slot": "legs",
					"item_condition": {
						"type": "origins:ingredient",
						"ingredient":{
							"tag":"sprites:metalarmor"
						}
					}
				},
				{
					"type": "origins:equipped_item",
					"equipment_slot": "feet",
					"item_condition": {
						"type": "origins:ingredient",
						"ingredient":{
							"tag":"sprites:metalarmor"
						}
					}
				}
			]
		}
	},
	"tools": {
		"type":"origins:action_over_time",
		"interval": 20,
		"entity_action": {
			"type":"origins:apply_effect",
			"effect":{
				"effect":"minecraft:mining_fatigue",
				"duration":40,
				"amplifier":3,
				"is_ambient":true,
				"show_particles":false,
				"show_icon":true
			}
		},
		"condition":{
			"type":"origins:or",
			"conditions":[
				{
					"type": "origins:equipped_item",
					"equipment_slot": "mainhand",
					"item_condition": {
						"type": "origins:ingredient",
						"ingredient":{
							"tag":"sprites:metaltools"
						}
					}
				},
				{
					"type": "origins:equipped_item",
					"equipment_slot": "offhand",
					"item_condition": {
						"type": "origins:ingredient",
						"ingredient":{
							"tag":"sprites:metaltools"
						}
					}
				}
			]
		}
	}	
}