{
	"hidden": true,
	"type": "apoli:action_when_damage_taken",
	"cooldown": 20,
	"condition": {
		"type": "apoli:or",
		"conditions": [
			{

				"type": "apoli:riding"
			},
			{
				"type": "apoli:resource",
				"resource": "sprites:shared/ridecd",
				"compare_to": 0,
				"comparison": ">"
			}
		]
	},
	"entity_action": {
		"type": "apoli:and",
		"actions": [
			{
				"type": "apoli:trigger_cooldown",
				"power": "sprites:shared/ridecd"
			},
			{
				"type": "apoli:dismount"
			}
		]
	}
}