{
    "name": "Blessed by a Fae",
    "description": "You can ride anything... Damage dismounts you, and disables this ability. Taking further damage refreshes the disable.",
    "type": "origins:action_on_entity_use",
    "badges": [
		{
			"type":"origins:tooltip",
			"sprite":"minecraft:textures/item/saddle.png",
			"text":["...even other players!"]
		},
        {
			"type":"origins:tooltip",
			"sprite":"minecraft:textures/item/dragon_breath.png",
			"text":["Dragons, Wardens, and Withers cannot be ridden."]
		}
	],
    "condition": {
        "type": "apoli:and",
        "conditions": [
            {
                "type": "apoli:resource",
                "resource": "sprites:shared/ridecd",
                "compare_to": 0,
                "comparison": "=="
            },
            {
                "type": "apoli:sneaking",
                "inverted": true
            }
        ]
    },
    "bientity_action": {
        "type": "origins:mount"
    },
    "bientity_condition": {
        "type": "apoli:target_condition",
        "condition": {
            "inverted": true,
            "type": "apoli:or",
            "conditions": [
                {
                    "type": "apoli:entity_type",
                    "entity_type": "minecraft:ender_dragon"
                },
                {
                    "type": "apoli:entity_type",
                    "entity_type": "minecraft:wither"
                },
                {
                    "type": "apoli:entity_type",
                    "entity_type": "minecraft:warden"
                }
            ]
        }
    },
    "item_condition": {
        "type": "origins:empty"
    },
    "hands": [
        "main_hand"
    ],
    "action_result":"success",
    "priority": -1
}