{
    "name": "Horns",
    "description": "Your racial ability is to leap forward, striking with knock back damage in a cone",
    "type": "origins:active",
    "entity_action": {
        "type": "origins:and",
        "actions": [
            {
                "type": "origins:add_velocity",
                "x": 2.0,
                "y": 0.5,
                "z": 0.0
            },
            {
                "type": "origins:area_of_effect",
                "radius": 3.0,
                "action": {
                    "type": "origins:action_on_hit",
                    "bientity_action": {
                        "type": "origins:add_velocity",
                        "z": 2
                    }
                },
                "effect_condition": {
                    "type": "origins:horizontal"
                }
            }
        ]
    },
    "cooldown": 20,
    "hud_render": {
        "sprite_location": "origins:textures/gui/community/spirit.png",
        "bar_index": 1
    },
    "key": {
        "key": "key.origins.primary_active",
        "continuous": false
    }
}