{
  "type": "origins:active_self",
  "name": "Horns",
  "description": "Leap forward, striking with knockback damage in a cone.",
  "entity_action": {
    "type": "origins:and",
    "actions": [
      {
        "type": "origins:add_velocity",
        "x": 0.0,
        "y": 0.5,
        "z": 2.0
      },
      {
        "type": "origins:area_of_effect",
        "radius": 3.0,
        "bientity_action": {
          "type": "origins:add_velocity",
          "z": 1.5
        },
        "bientity_condition": {
          "type": "origins:can_see"
        }
      }
    ]
  },
  "cooldown": 100,
  "hud_render": {
    "should_render": true,
    "sprite_location": "origins:textures/gui/community/spirit.png",
    "bar_index": 1
  },
  "key": {
    "key": "key.origins.primary_active",
    "continuous": false
  }
}
