{
    "type": "origins_multiple",
    "wolves":{
        "type": "origins:action_over_time",
        "interval": 15,
        "entity_action": {
            "type": "origins:execute_command",
            "command": "data modify entity @e[limit=1,distance=..15,type=dragnpets:o_wolf,sort=nearest] AngryAt set from entity @s UUID",
            "permission_level": 4
        }
    },
    "monsters":{
        "type": "origins:action_over_time",
        "interval": 20,
        "entity_action": {
            "type": "origins:execute_command",
            "command": "attribute @e[distance=..18,type=!player,sort=nearest] minecraft:generic.follow_range base set 120",
            "permission_level": 4
        },
        "name": "Extended Agro",
        "description": "Mobs near you have a longer agro range, only targeting you from a distance."
    },
    "name": "Smells Like Sheep",
    "description": "Wolves hunt you and monsters track you further"
}