{
  "type": "origins:multiple",
  "name": "Smells Like Sheep",
  "description": "Wolves hunt you and monsters track you further.",
  "wolves": {
    "type": "origins:action_over_time",
    "interval": 20,
    "entity_action": {
      "type": "origins:execute_command",
      "command": "data modify entity @e[limit=1,distance=..15,type=dragnpets:o_wolf,sort=nearest] AngryAt set from entity @s UUID"
    }
  },
  "monsters": {
    "type": "origins:action_over_time",
    "interval": 20,
    "entity_action": {
      "type": "origins:execute_command",
      "command": "attribute @e[distance=..18,type=!player,sort=nearest] minecraft:generic.follow_range base set 120"
    },
    "name": "Extended Aggro",
    "description": "Nearby mobs detect you from much farther away."
  }
}
