{
    "type": "origins:multiple",
      "cold_sweat_heat_dampening": {
          "type": "origins:action_on_callback",  
          "entity_action_added": {
              "type": "origins:execute_command",
              "command": "attribute @s cold_sweat:heat_dampening base set -0.25",
              "permission_level": 4
          },
          "entity_action_chosen": {
              "type": "origins:execute_command",
              "command": "attribute @s cold_sweat:heat_dampening base set -0.25",
              "permission_level": 4
          },
          "entity_action_removed": {
              "type": "origins:execute_command",
              "command": "attribute @s cold_sweat:heat_dampening base set 0",
              "permission_level": 4
          },
          "entity_action_respawned": {
              "type": "origins:execute_command",
              "command": "attribute @s cold_sweat:heat_dampening base set -0.25",
              "permission_level": 4
          },
          "execute_chosen_when_orb": true
      },
      "cold_sweat_cold_dampening": {
          "type": "origins:action_on_callback",
          "entity_action_added": {
              "type": "origins:execute_command",
              "command": "attribute @s cold_sweat:cold_dampening base set 0.5",
              "permission_level": 4
          },
          "entity_action_chosen": {
              "type": "origins:execute_command",
              "command": "attribute @s cold_sweat:cold_dampening base set 0.5",
              "permission_level": 4
          },
          "entity_action_removed": {
              "type": "origins:execute_command",
              "command": "attribute @s cold_sweat:cold_dampening base set 0",
              "permission_level": 4
          },
          "entity_action_respawned": {
              "type": "origins:execute_command",
              "command": "attribute @s cold_sweat:cold_dampening base set 0.5",
              "permission_level": 4
          },
          "execute_chosen_when_orb": true
      },
      "cold_sweat_freezing_point": {
          "type": "origins:action_on_callback",
          "entity_action_added": {
              "type": "origins:execute_command",
              "command": "attribute @s cold_sweat:freezing_point base set -0.6",
              "permission_level": 4
          },
          "entity_action_chosen": {
              "type": "origins:execute_command",
              "command": "attribute @s cold_sweat:freezing_point base set -0.6",
              "permission_level": 4
          },
          "entity_action_removed": {
              "type": "origins:execute_command",
              "command": "attribute @s cold_sweat:freezing_point base set 0",
              "permission_level": 4
          },
          "entity_action_respawned": {
              "type": "origins:execute_command",
              "command": "attribute @s cold_sweat:freezing_point base set -0.6",
              "permission_level": 4
          },
          "execute_chosen_when_orb": true
      },
        "cold_sweat_burning_point": {
          "type": "origins:action_on_callback",
          "entity_action_added": {
              "type": "origins:execute_command",
              "command": "attribute @s cold_sweat:burning_point base set 1.25",
              "permission_level": 4
          },
          "entity_action_chosen": {
              "type": "origins:execute_command",
              "command": "attribute @s cold_sweat:burning_point base set 1.25",
              "permission_level": 4
          },
          "entity_action_removed": {
              "type": "origins:execute_command",
              "command": "attribute @s cold_sweat:burning_point base set 1.6",
              "permission_level": 4
          },
          "entity_action_respawned": {
              "type": "origins:execute_command",
              "command": "attribute @s cold_sweat:burning_point base set 1.25",
              "permission_level": 4
          },
          "execute_chosen_when_orb": true
      },
      "name": "Thick Fur",
      "description": "Your legs keep you warm; you warm up 25% faster and cool 50% slower with a livable range of 5 to 88 degrees"
  }