{
	"name":"Pixiesque",
	"description":"You have 7 hearts, are half a block tall, and your reach is reduced.",
	"type":"origins:multiple",
	"badges": [
		{
			"type":"origins:tooltip",
			"sprite":"minecraft:textures/mob_effect/strength.png",
			"text":["Attack speed is increased."]
		}
	],
	"tiny":{
	   "type":"origins:action_on_callback",
	   "execute_chosen_when_orb":true,
	   "entity_action_lost":{
			"type":"origins:execute_command",
			"command":"scale reset @s"
		},
	   "entity_action_chosen":{
			"type":"origins:and",
			"actions":[
				{
					"type":"origins:execute_command",
					"command":"scale set pehkui:height 0.45 @s"
				},
				{
					"type":"origins:execute_command",
					"command":"scale set pehkui:width 0.45 @s"
				},
				{
					"type":"origins:execute_command",
					"command":"scale persist set true @s"
				}
			]
	   },
	   "entity_action_respawned":{
			"type":"origins:and",
			"actions":[
				{
					"type":"origins:execute_command",
					"command":"scale set pehkui:height 0.45 @s"
				},
				{
					"type":"origins:execute_command",
					"command":"scale set pehkui:width 0.45 @s"
				},
				{
					"type":"origins:execute_command",
					"command":"scale persist set true @s"
				}
			]
	   }
	},
	"weak": {
		"type":"origins:attribute",
		"update_health":true,
		"modifiers":[
			{
				"attribute": "minecraft:generic.max_health",
				"operation": "addition",
				"value": -6,
				"name": "Max Health"
			},
			{
				"attribute": "reach-entity-attributes:reach",
				"operation": "addition",
				"value": -0.5,
				"name": "Block Reach"
			},
			{
				"attribute": "reach-entity-attributes:attack_range",
				"operation": "addition",
				"value": -0.5,
				"name": "Attack Range"
			},
			{
				"attribute": "minecraft:generic.attack_speed",
				"operation": "addition",
				"value": 0.3,
				"name": "Attack Speed"
			}
		]
	}
}