{
    "config": {
        "lava_level": {
            "above_bottom": 8
        },
        "aquifers_enabled": true,
        "debug_settings": {
            "water_state": {
                "Properties": {
                    "waterlogged": "false",
                    "lit": "false",
                    "candles": "1"
                },
                "Name": "minecraft:candle"
            },
            "lava_state": {
                "Name": "minecraft:orange_stained_glass"
            },
            "barrier_state": {
                "Name": "minecraft:glass"
            },
            "air_state": {
                "Properties": {
                    "powered": "false",
                    "facing": "north",
                    "face": "wall"
                },
                "Name": "minecraft:oak_button"
            }
        },
        "probability": 0,
        "y": {
            "min_inclusive": {
                "absolute": 40
            },
            "max_inclusive": {
                "absolute": 90
            },
            "type": "minecraft:uniform"
        },
        "yScale": {
            "type": "minecraft:uniform",
            "value": {
                "min_inclusive": 6,
                "max_exclusive": 8
            }
        },
        "vertical_rotation": {
            "type": "minecraft:uniform",
            "value": {
                "min_inclusive": -0.125,
                "max_exclusive": 0.125
            }
        },
        "shape": {
            "horizontal_radius_factor": {
                "type": "minecraft:uniform",
                "value": {
                    "min_inclusive": 0.25,
                    "max_exclusive": 1
                }
            },
            "vertical_radius_default_factor": 0,
            "vertical_radius_center_factor": 5,
            "distance_factor": {
                "type": "minecraft:uniform",
                "value": {
                    "min_inclusive": 0.5,
                    "max_exclusive": 1
                }
            },
            "thickness": {
                "type": "minecraft:uniform",
                "value": {
                    "min_inclusive": 0.25,
                    "max_exclusive": 1.35
                }
            },
            "width_smoothness": 6
        },
        "replaceable": "#minecraft:overworld_carver_replaceables"
    },
    "type": "minecraft:canyon"
}