{
	"format_version": "1.12.0",
	"minecraft:geometry": [
		{
			"description": {
				"identifier": "geometry.unknown",
				"texture_width": 128,
				"texture_height": 128,
				"visible_bounds_width": 5,
				"visible_bounds_height": 4.5,
				"visible_bounds_offset": [0, 1.75, 0]
			},
			"bones": [
				{
					"name": "body",
					"pivot": [0, 15.53294, 0]
				},
				{
					"name": "body_piv",
					"parent": "body",
					"pivot": [0, 15.53293, 0],
					"cubes": [
						{
							"origin": [-4.05294, 12.63823, -4.24235],
							"size": [8.10588, 8.74705, 7.4847],
							"inflate": -0.2,
							"pivot": [0, 14.49058, -1],
							"rotation": [2.5, 0, 0],
							"uv": {
								"north": {"uv": [0, 57], "uv_size": [8, 8.5]},
								"east": {"uv": [49, 63], "uv_size": [7.5, 8.5]},
								"south": {"uv": [61, 7], "uv_size": [8, 8.5]},
								"west": {"uv": [63, 56], "uv_size": [7.5, 8.5]},
								"up": {"uv": [65, 26], "uv_size": [8, 7.5]},
								"down": {"uv": [34, 72.5], "uv_size": [8, -7.5]}
							}
						},
						{
							"origin": [-4.05294, 11.8363, -5.13052],
							"size": [8.10588, 3.74706, 6.68471],
							"inflate": -0.31,
							"pivot": [0, 16.70983, -1.88816],
							"rotation": [10, 0, 0],
							"uv": {
								"north": {"uv": [73, 30], "uv_size": [8, 3.5]},
								"east": {"uv": [56, 40], "uv_size": [6.5, 3.5]},
								"south": {"uv": [74, 64], "uv_size": [8, 3.5]},
								"west": {"uv": [77, 34], "uv_size": [6.5, 3.5]},
								"up": {"uv": [0, 66], "uv_size": [8, 6.5]},
								"down": {"uv": [68, 22.5], "uv_size": [8, -6.5]}
							}
						},
						{
							"origin": [-4.20559, 11.90331, 1.85404],
							"size": [8.41118, 9.62811, 8.89752],
							"inflate": -0.25,
							"pivot": [0, 16.21737, 6.3028],
							"rotation": [-5, 0, 0],
							"uv": {
								"north": {"uv": [52, 11], "uv_size": [8.5, 9.5]},
								"east": {"uv": [9, 44], "uv_size": [9, 9.5]},
								"south": {"uv": [52, 21], "uv_size": [8.5, 9.5]},
								"west": {"uv": [18, 44], "uv_size": [9, 9.5]},
								"up": {"uv": [18, 54], "uv_size": [8.5, 9]},
								"down": {"uv": [54, 54], "uv_size": [8.5, -9]}
							}
						},
						{
							"origin": [0.25265, 11.1642, -11.66299],
							"size": [4.03399, 10.61011, 8.81646],
							"inflate": -0.35,
							"uv": {
								"north": {"uv": [71, 49], "uv_size": [4, 10.5]},
								"east": {"uv": [19, 33], "uv_size": [9, 10.5]},
								"south": {"uv": [72, 0], "uv_size": [4, 10.5]},
								"west": {"uv": [28, 33], "uv_size": [9, 10.5]},
								"up": {"uv": [10, 24], "uv_size": [4, 9]},
								"down": {"uv": [51, 81], "uv_size": [4, -9]}
							}
						},
						{
							"origin": [-4.28664, 11.1642, -11.66299],
							"size": [4.03399, 10.61011, 8.81646],
							"inflate": -0.35,
							"uv": {
								"north": {"uv": [27, 72], "uv_size": [4, 10.5]},
								"east": {"uv": [34, 0], "uv_size": [9, 10.5]},
								"south": {"uv": [47, 72], "uv_size": [4, 10.5]},
								"west": {"uv": [34, 11], "uv_size": [9, 10.5]},
								"up": {"uv": [0, 73], "uv_size": [4, 9]},
								"down": {"uv": [4, 82], "uv_size": [4, -9]}
							}
						},
						{
							"origin": [-4.05294, 11.21281, -11.34823],
							"size": [8.10588, 10.46647, 8.10588],
							"inflate": -0.4,
							"uv": {
								"north": {"uv": [0, 46], "uv_size": [8, 10.5]},
								"east": {"uv": [46, 45], "uv_size": [8, 10.5]},
								"south": {"uv": [37, 47], "uv_size": [8, 10.5]},
								"west": {"uv": [52, 0], "uv_size": [8, 10.5]},
								"up": {"uv": [63, 40], "uv_size": [8, 8]},
								"down": {"uv": [63, 56], "uv_size": [8, -8]}
							}
						}
					]
				},
				{
					"name": "wool_body",
					"parent": "body_piv",
					"pivot": [0, 16.21736, 7.30281],
					"cubes": [
						{
							"origin": [-4.70559, 10.65331, -11.95156],
							"size": [9.41118, 11.22811, 8.39752],
							"inflate": -0.15,
							"uv": {
								"north": {"uv": [15, 0], "uv_size": [9.5, 11]},
								"east": {"uv": [0, 35], "uv_size": [8.5, 11]},
								"south": {"uv": [15, 11], "uv_size": [9.5, 11]},
								"west": {"uv": [37, 36], "uv_size": [8.5, 11]},
								"up": {"uv": [27, 53], "uv_size": [9.5, 8.5]},
								"down": {"uv": [8, 62.5], "uv_size": [9.5, -8.5]}
							}
						},
						{
							"origin": [-4.55294, 10.63823, -4.24235],
							"size": [9.10588, 11.24705, 8.4847],
							"inflate": -0.2,
							"uv": {
								"north": {"uv": [25, 0], "uv_size": [9, 11]},
								"east": {"uv": [43, 0], "uv_size": [8.5, 11]},
								"south": {"uv": [25, 11], "uv_size": [9, 11]},
								"west": {"uv": [43, 11], "uv_size": [8.5, 11]},
								"up": {"uv": [54, 54], "uv_size": [9, 8.5]},
								"down": {"uv": [56, 39.5], "uv_size": [9, -8.5]}
							}
						},
						{
							"origin": [-4.70559, 10.65331, 2.85404],
							"size": [9.41118, 11.22811, 9.09752],
							"inflate": -0.15,
							"uv": {
								"north": {"uv": [15, 22], "uv_size": [9.5, 11]},
								"east": {"uv": [25, 22], "uv_size": [9, 11]},
								"south": {"uv": [0, 24], "uv_size": [9.5, 11]},
								"west": {"uv": [10, 33], "uv_size": [9, 11]},
								"up": {"uv": [27, 44], "uv_size": [9.5, 9]},
								"down": {"uv": [46, 45], "uv_size": [9.5, -9]}
							}
						}
					]
				},
				{
					"name": "saddlebags",
					"parent": "body_piv",
					"pivot": [0, 18.64352, 5.67412],
					"cubes": [
						{
							"origin": [-7.14259, 14.33375, -5.77765],
							"size": [14.28518, 6.50353, 11.42353],
							"inflate": -0.2,
							"uv": {
								"north": {"uv": [34, 22], "uv_size": [14.5, 6.5]},
								"east": {"uv": [37, 58], "uv_size": [11.5, 6.5]},
								"south": {"uv": [37, 29], "uv_size": [14.5, 6.5]},
								"west": {"uv": [60, 0], "uv_size": [11.5, 6.5]},
								"up": {"uv": [0, 0], "uv_size": [14.5, 11.5]},
								"down": {"uv": [0, 23.5], "uv_size": [14.5, -11.5]}
							}
						}
					]
				},
				{
					"name": "back_right_leg",
					"parent": "body_piv",
					"pivot": [-2.83706, 17.83293, 5.88059]
				},
				{
					"name": "right_thigh_wool",
					"parent": "back_right_leg",
					"pivot": [0, 14.59058, 15.60763],
					"cubes": [
						{
							"origin": [-4.86163, 10.55812, 3.34012],
							"size": [4.84915, 10.10468, 6.40422],
							"inflate": -0.19,
							"uv": {
								"north": {"uv": [69, 65], "uv_size": [5, 10]},
								"east": {"uv": [61, 16], "uv_size": [6.5, 10]},
								"south": {"uv": [57, 70], "uv_size": [5, 10]},
								"west": {"uv": [27, 62], "uv_size": [6.5, 10]},
								"up": {"uv": [49, 56], "uv_size": [5, 6.5]},
								"down": {"uv": [73, 29.5], "uv_size": [5, -6.5]}
							}
						}
					]
				},
				{
					"name": "back_left_calf",
					"parent": "back_right_leg",
					"pivot": [-2.83706, 13.02588, 7.1097],
					"cubes": [
						{
							"origin": [-4.45823, 8.10588, 5.38999],
							"size": [3.24235, 5.67411, 4.37624],
							"inflate": -0.2,
							"uv": {
								"north": {"uv": [81, 0], "uv_size": [3, 5.5]},
								"east": {"uv": [76, 0], "uv_size": [4.5, 5.5]},
								"south": {"uv": [0, 82], "uv_size": [3, 5.5]},
								"west": {"uv": [76, 15], "uv_size": [4.5, 5.5]},
								"up": {"uv": [69, 83], "uv_size": [3, 4.5]},
								"down": {"uv": [83, 74.5], "uv_size": [3, -4.5]}
							}
						},
						{
							"origin": [-3.88894, 1.12917, 6.83917],
							"size": [2.10377, 7.97671, 2.42706],
							"uv": {
								"north": {"uv": [21, 82], "uv_size": [2, 8]},
								"east": {"uv": [8, 81], "uv_size": [2.5, 8]},
								"south": {"uv": [23, 82], "uv_size": [2, 8]},
								"west": {"uv": [11, 81], "uv_size": [2.5, 8]},
								"up": {"uv": [63, 85], "uv_size": [2, 2.5]},
								"down": {"uv": [72, 88.5], "uv_size": [2, -2.5]}
							}
						}
					]
				},
				{
					"name": "back_left_hoof",
					"parent": "back_left_calf",
					"pivot": [-2.83706, 1.50753, 6.826],
					"cubes": [
						{
							"origin": [-3.96811, 0.00189, 5.86836],
							"size": [2.2621, 2.09809, 2.1801],
							"inflate": 0.01,
							"uv": {
								"north": {"uv": [86, 76], "uv_size": [2.5, 2]},
								"east": {"uv": [87, 51], "uv_size": [2, 2]},
								"south": {"uv": [86, 78], "uv_size": [2.5, 2]},
								"west": {"uv": [87, 53], "uv_size": [2, 2]},
								"up": {"uv": [79, 86], "uv_size": [2.5, 2]},
								"down": {"uv": [82, 88], "uv_size": [2.5, -2]}
							}
						}
					]
				},
				{
					"name": "back_left_leg",
					"parent": "body_piv",
					"pivot": [2.83706, 17.83293, 5.88059]
				},
				{
					"name": "left_thigh_wool",
					"parent": "back_left_leg",
					"pivot": [0, 14.59058, 15.60763],
					"cubes": [
						{
							"origin": [0.01248, 10.55812, 3.34012],
							"size": [4.84915, 10.10468, 6.40422],
							"inflate": -0.19,
							"uv": {
								"north": {"uv": [62, 70], "uv_size": [5, 10]},
								"east": {"uv": [8, 63], "uv_size": [6.5, 10]},
								"south": {"uv": [71, 39], "uv_size": [5, 10]},
								"west": {"uv": [15, 63], "uv_size": [6.5, 10]},
								"up": {"uv": [31, 73], "uv_size": [5, 6.5]},
								"down": {"uv": [36, 79.5], "uv_size": [5, -6.5]}
							}
						}
					]
				},
				{
					"name": "back_right_calf",
					"parent": "back_left_leg",
					"pivot": [2.83706, 13.02588, 7.1097],
					"cubes": [
						{
							"origin": [1.21588, 8.10588, 5.38999],
							"size": [3.24235, 5.67411, 4.37624],
							"inflate": -0.2,
							"uv": {
								"north": {"uv": [3, 82], "uv_size": [3, 5.5]},
								"east": {"uv": [76, 39], "uv_size": [4.5, 5.5]},
								"south": {"uv": [82, 6], "uv_size": [3, 5.5]},
								"west": {"uv": [77, 6], "uv_size": [4.5, 5.5]},
								"up": {"uv": [83, 75], "uv_size": [3, 4.5]},
								"down": {"uv": [84, 4.5], "uv_size": [3, -4.5]}
							}
						},
						{
							"origin": [1.78517, 1.12917, 6.83917],
							"size": [2.10377, 7.97671, 2.42706],
							"uv": {
								"north": {"uv": [25, 82], "uv_size": [2, 8]},
								"east": {"uv": [81, 12], "uv_size": [2.5, 8]},
								"south": {"uv": [67, 82], "uv_size": [2, 8]},
								"west": {"uv": [14, 81], "uv_size": [2.5, 8]},
								"up": {"uv": [85, 86], "uv_size": [2, 2.5]},
								"down": {"uv": [87, 2.5], "uv_size": [2, -2.5]}
							}
						}
					]
				},
				{
					"name": "back_right_hoof",
					"parent": "back_right_calf",
					"pivot": [2.83706, 1.50753, 6.826],
					"cubes": [
						{
							"origin": [1.70601, 0.00189, 5.86836],
							"size": [2.2621, 2.09809, 2.1801],
							"inflate": 0.01,
							"uv": {
								"north": {"uv": [87, 3], "uv_size": [2.5, 2]},
								"east": {"uv": [54, 87], "uv_size": [2, 2]},
								"south": {"uv": [27, 87], "uv_size": [2.5, 2]},
								"west": {"uv": [87, 55], "uv_size": [2, 2]},
								"up": {"uv": [30, 87], "uv_size": [2.5, 2]},
								"down": {"uv": [33, 89], "uv_size": [2.5, -2]}
							}
						}
					]
				},
				{
					"name": "tail",
					"parent": "body_piv",
					"pivot": [0, 20.42755, 11.49993],
					"cubes": [
						{
							"origin": [-1.61171, 14.38586, 10.00676],
							"size": [3.22342, 6.43752, 2.8087],
							"inflate": 0.05,
							"uv": {
								"north": {"uv": [49, 22], "uv_size": [3, 6.5]},
								"east": {"uv": [81, 27], "uv_size": [3, 6.5]},
								"south": {"uv": [81, 38], "uv_size": [3, 6.5]},
								"west": {"uv": [51, 81], "uv_size": [3, 6.5]},
								"up": {"uv": [34, 29], "uv_size": [3, 3]},
								"down": {"uv": [34, 65], "uv_size": [3, -3]}
							}
						}
					]
				},
				{
					"name": "front_right_leg",
					"parent": "body",
					"pivot": [-1.93176, 12.15881, -8.71382],
					"cubes": [
						{
							"origin": [-3.63494, 7.29529, -10.61964],
							"size": [3.40635, 6.4847, 3.97565],
							"inflate": -0.2,
							"uv": {
								"north": {"uv": [79, 45], "uv_size": [3.5, 6.5]},
								"east": {"uv": [18, 73], "uv_size": [4, 6.5]},
								"south": {"uv": [79, 52], "uv_size": [3.5, 6.5]},
								"west": {"uv": [22, 75], "uv_size": [4, 6.5]},
								"up": {"uv": [52, 31], "uv_size": [3.5, 4]},
								"down": {"uv": [61, 30], "uv_size": [3.5, -4]}
							}
						}
					]
				},
				{
					"name": "front_right_calf",
					"parent": "front_right_leg",
					"pivot": [-1.93176, 7.70059, -8.71382],
					"cubes": [
						{
							"origin": [-2.98365, 1.12917, -9.80435],
							"size": [2.10377, 7.7873, 2.34506],
							"uv": {
								"north": {"uv": [55, 72], "uv_size": [2, 8]},
								"east": {"uv": [71, 75], "uv_size": [2.5, 8]},
								"south": {"uv": [65, 80], "uv_size": [2, 8]},
								"west": {"uv": [18, 80], "uv_size": [2.5, 8]},
								"up": {"uv": [47, 69], "uv_size": [2, 2.5]},
								"down": {"uv": [78, 29.5], "uv_size": [2, -2.5]}
							}
						}
					]
				},
				{
					"name": "front_right_hoof",
					"parent": "front_right_calf",
					"pivot": [-1.93176, 1.80753, -8.99752],
					"cubes": [
						{
							"origin": [-3.06281, 0.00189, -10.77516],
							"size": [2.26209, 2.09809, 2.0981],
							"inflate": 0.01,
							"uv": {
								"north": {"uv": [85, 8], "uv_size": [2.5, 2]},
								"east": {"uv": [76, 21], "uv_size": [2, 2]},
								"south": {"uv": [85, 10], "uv_size": [2.5, 2]},
								"west": {"uv": [46, 87], "uv_size": [2, 2]},
								"up": {"uv": [54, 85], "uv_size": [2.5, 2]},
								"down": {"uv": [57, 87], "uv_size": [2.5, -2]}
							}
						}
					]
				},
				{
					"name": "front_left_leg",
					"parent": "body",
					"pivot": [1.93176, 12.15881, -8.71382],
					"cubes": [
						{
							"origin": [0.22859, 7.29529, -10.61964],
							"size": [3.40635, 6.4847, 3.97565],
							"inflate": -0.2,
							"uv": {
								"north": {"uv": [79, 68], "uv_size": [3.5, 6.5]},
								"east": {"uv": [75, 49], "uv_size": [4, 6.5]},
								"south": {"uv": [79, 75], "uv_size": [3.5, 6.5]},
								"west": {"uv": [67, 75], "uv_size": [4, 6.5]},
								"up": {"uv": [75, 56], "uv_size": [3.5, 4]},
								"down": {"uv": [27, 87], "uv_size": [3.5, -4]}
							}
						}
					]
				},
				{
					"name": "front_left_calf",
					"parent": "front_left_leg",
					"pivot": [1.93176, 7.70059, -8.71382],
					"cubes": [
						{
							"origin": [0.87988, 1.12917, -9.80435],
							"size": [2.10377, 7.7873, 2.34506],
							"uv": {
								"north": {"uv": [77, 80], "uv_size": [2, 8]},
								"east": {"uv": [37, 80], "uv_size": [2.5, 8]},
								"south": {"uv": [6, 82], "uv_size": [2, 8]},
								"west": {"uv": [74, 80], "uv_size": [2.5, 8]},
								"up": {"uv": [72, 83], "uv_size": [2, 2.5]},
								"down": {"uv": [85, 61.5], "uv_size": [2, -2.5]}
							}
						}
					]
				},
				{
					"name": "front_left_hoof",
					"parent": "front_left_calf",
					"pivot": [1.93176, 1.80753, -8.99752],
					"cubes": [
						{
							"origin": [0.80072, 0.00189, -10.77516],
							"size": [2.26209, 2.09809, 2.0981],
							"inflate": 0.01,
							"uv": {
								"north": {"uv": [60, 85], "uv_size": [2.5, 2]},
								"east": {"uv": [48, 87], "uv_size": [2, 2]},
								"south": {"uv": [86, 70], "uv_size": [2.5, 2]},
								"west": {"uv": [87, 49], "uv_size": [2, 2]},
								"up": {"uv": [86, 72], "uv_size": [2.5, 2]},
								"down": {"uv": [86, 76], "uv_size": [2.5, -2]}
							}
						}
					]
				},
				{
					"name": "neck",
					"parent": "body",
					"pivot": [0, 18.04352, -9.56702],
					"rotation": [-60, 0, 0],
					"cubes": [
						{
							"origin": [-2.27427, 15.71954, -20.5934],
							"size": [4.54854, 4.68371, 12.0729],
							"inflate": -0.41,
							"pivot": [0, 18.0614, -14.55695],
							"rotation": [-15, 0, 0],
							"uv": {
								"north": {"uv": [55, 80], "uv_size": [4.5, 4.5]},
								"east": {"uv": [65, 34], "uv_size": [12, 4.5]},
								"south": {"uv": [60, 80], "uv_size": [4.5, 4.5]},
								"west": {"uv": [57, 65], "uv_size": [12, 4.5]},
								"up": {"uv": [22, 63], "uv_size": [4.5, 12]},
								"down": {"uv": [42, 77], "uv_size": [4.5, -12]}
							}
						},
						{
							"origin": [-2.27247, 18.88, -22.50728],
							"size": [4.54494, 3.56562, 6.02979],
							"inflate": -0.2,
							"pivot": [0, 20.96142, -19.60264],
							"rotation": [7.5, 0, 0],
							"uv": {
								"north": {"uv": [82, 63], "uv_size": [4.5, 3.5]},
								"east": {"uv": [79, 59], "uv_size": [6, 3.5]},
								"south": {"uv": [79, 82], "uv_size": [4.5, 3.5]},
								"west": {"uv": [31, 80], "uv_size": [6, 3.5]},
								"up": {"uv": [74, 68], "uv_size": [4.5, 6]},
								"down": {"uv": [74, 80], "uv_size": [4.5, -6]}
							}
						},
						{
							"origin": [-2.27247, 18.6811, -17.3898],
							"size": [4.54494, 3.66512, 7.95129],
							"inflate": -0.205,
							"pivot": [0, 21.12542, -13.69864],
							"rotation": [-7.5, 0, 0],
							"uv": {
								"north": {"uv": [83, 20], "uv_size": [4.5, 3.5]},
								"east": {"uv": [69, 11], "uv_size": [8, 3.5]},
								"south": {"uv": [40, 83], "uv_size": [4.5, 3.5]},
								"west": {"uv": [71, 60], "uv_size": [8, 3.5]},
								"up": {"uv": [8, 73], "uv_size": [4.5, 8]},
								"down": {"uv": [13, 81], "uv_size": [4.5, -8]}
							}
						}
					]
				},
				{
					"name": "head",
					"parent": "neck",
					"pivot": [0, 21.25208, -21.76069],
					"rotation": [77.5, 0, 0],
					"cubes": [
						{
							"origin": [-2.13373, 20.06564, -27.26523],
							"size": [4.26746, 2.51186, 5.29519],
							"pivot": [-0.2, 21.76981, -24.42445],
							"rotation": [-2.5, 0, 0],
							"uv": {
								"north": {"uv": [84, 12], "uv_size": [4.5, 2.5]},
								"east": {"uv": [83, 24], "uv_size": [5.5, 2.5]},
								"south": {"uv": [84, 15], "uv_size": [4.5, 2.5]},
								"west": {"uv": [83, 67], "uv_size": [5.5, 2.5]},
								"up": {"uv": [41, 77], "uv_size": [4.5, 5.5]},
								"down": {"uv": [78, 26.5], "uv_size": [4.5, -5.5]}
							}
						},
						{
							"origin": [-2.13373, 18.81041, -27.57155],
							"size": [4.26746, 1.81742, 2.49984],
							"inflate": -0.01,
							"pivot": [-0.2, 19.10517, -26.62212],
							"rotation": [-13.5, 0, 0],
							"uv": {
								"north": {"uv": [57, 63], "uv_size": [4.5, 2]},
								"east": {"uv": [40, 87], "uv_size": [2.5, 2]},
								"south": {"uv": [83, 57], "uv_size": [4.5, 2]},
								"west": {"uv": [43, 87], "uv_size": [2.5, 2]},
								"up": {"uv": [84, 27], "uv_size": [4.5, 2.5]},
								"down": {"uv": [84, 32.5], "uv_size": [4.5, -2.5]}
							}
						},
						{
							"origin": [-2.24717, 18.20215, -25.74263],
							"size": [4.49434, 2.73511, 3.64532],
							"pivot": [-0.2, 19.5436, -24.12168],
							"rotation": [-10, 0, 0],
							"uv": {
								"north": {"uv": [31, 84], "uv_size": [4.5, 2.5]},
								"east": {"uv": [84, 42], "uv_size": [3.5, 2.5]},
								"south": {"uv": [84, 33], "uv_size": [4.5, 2.5]},
								"west": {"uv": [84, 80], "uv_size": [3.5, 2.5]},
								"up": {"uv": [45, 83], "uv_size": [4.5, 3.5]},
								"down": {"uv": [83, 48.5], "uv_size": [4.5, -3.5]}
							}
						},
						{
							"origin": [-2.24717, 18.20215, -25.74263],
							"size": [4.49434, 2.73511, 3.64532],
							"pivot": [-0.2, 19.5436, -24.12168],
							"rotation": [-10, 0, 0],
							"uv": {
								"north": {"uv": [31, 84], "uv_size": [4.5, 2.5]},
								"east": {"uv": [84, 42], "uv_size": [3.5, 2.5]},
								"south": {"uv": [84, 33], "uv_size": [4.5, 2.5]},
								"west": {"uv": [84, 80], "uv_size": [3.5, 2.5]},
								"up": {"uv": [45, 83], "uv_size": [4.5, 3.5]},
								"down": {"uv": [83, 48.5], "uv_size": [4.5, -3.5]}
							}
						},
						{
							"origin": [-2.24717, 18.20215, -25.74263],
							"size": [4.49434, 2.73511, 3.64532],
							"pivot": [-0.2, 19.5436, -24.12168],
							"rotation": [-10, 0, 0],
							"uv": {
								"north": {"uv": [31, 84], "uv_size": [4.5, 2.5]},
								"east": {"uv": [84, 42], "uv_size": [3.5, 2.5]},
								"south": {"uv": [84, 33], "uv_size": [4.5, 2.5]},
								"west": {"uv": [84, 80], "uv_size": [3.5, 2.5]},
								"up": {"uv": [45, 83], "uv_size": [4.5, 3.5]},
								"down": {"uv": [83, 48.5], "uv_size": [4.5, -3.5]}
							}
						},
						{
							"origin": [2.2, 21.16951, -24.85993],
							"size": [0, 0.7, 0.7],
							"pivot": [2.2, 21.65208, -24.16069],
							"rotation": [-12.5, 0, 0],
							"uv": {
								"north": {"uv": [0, 0], "uv_size": [0, 0.5]},
								"east": {"uv": [8, 49], "uv_size": [0.5, 0.5]},
								"south": {"uv": [0, 0], "uv_size": [0, 0.5]},
								"west": {"uv": [45, 49], "uv_size": [0.5, 0.5]},
								"up": {"uv": [0, 0.5], "uv_size": [0, -0.5]},
								"down": {"uv": [0, 0.5], "uv_size": [0, -0.5]}
							}
						},
						{
							"origin": [1.49, 21.16951, -24.85993],
							"size": [0.7, 0.7, 0.8],
							"pivot": [2.2, 21.65208, -24.16069],
							"rotation": [-12.5, 0, 0],
							"uv": {
								"north": {"uv": [8, 50], "uv_size": [0.5, 0.5]},
								"east": {"uv": [14, 32], "uv_size": [1, 0.5]},
								"south": {"uv": [45, 50], "uv_size": [0.5, 0.5]},
								"west": {"uv": [36, 32], "uv_size": [1, 0.5]},
								"up": {"uv": [9, 43], "uv_size": [0.5, 1]},
								"down": {"uv": [8, 47], "uv_size": [0.5, -1]}
							}
						},
						{
							"origin": [-2.25, 21.16951, -24.85993],
							"size": [0, 0.7, 0.7],
							"pivot": [-2.19, 21.65208, -24.16069],
							"rotation": [-12.5, 0, 0],
							"uv": {
								"north": {"uv": [0, 0], "uv_size": [0, 0.5]},
								"east": {"uv": [8, 51], "uv_size": [0.5, 0.5]},
								"south": {"uv": [0, 0], "uv_size": [0, 0.5]},
								"west": {"uv": [45, 51], "uv_size": [0.5, 0.5]},
								"up": {"uv": [0, 0.5], "uv_size": [0, -0.5]},
								"down": {"uv": [0, 0.5], "uv_size": [0, -0.5]}
							}
						},
						{
							"origin": [-2.19, 21.19471, -24.89002],
							"size": [0.7, 0.7, 0.8],
							"pivot": [-1.85, 21.52728, -24.29079],
							"rotation": [-12.5, 0, 0],
							"uv": {
								"north": {"uv": [8, 52], "uv_size": [0.5, 0.5]},
								"east": {"uv": [8, 47], "uv_size": [1, 0.5]},
								"south": {"uv": [45, 52], "uv_size": [0.5, 0.5]},
								"west": {"uv": [45, 47], "uv_size": [1, 0.5]},
								"up": {"uv": [8, 48], "uv_size": [0.5, 1]},
								"down": {"uv": [45, 49], "uv_size": [0.5, -1]}
							}
						}
					]
				},
				{
					"name": "right_ear",
					"parent": "head",
					"pivot": [-1.50891, 22.36753, -22.17333],
					"cubes": [
						{
							"origin": [-2.58239, 22.38588, -22.85081],
							"size": [2.04697, 3.84047, 0.97348],
							"inflate": -0.2,
							"uv": {
								"north": {"uv": [47, 65], "uv_size": [2, 4]},
								"east": {"uv": [14, 24], "uv_size": [1, 4]},
								"south": {"uv": [69, 7], "uv_size": [2, 4]},
								"west": {"uv": [14, 28], "uv_size": [1, 4]},
								"up": {"uv": [34, 32], "uv_size": [2, 1]},
								"down": {"uv": [52, 36], "uv_size": [2, -1]}
							}
						}
					]
				},
				{
					"name": "left_ear",
					"parent": "head",
					"pivot": [1.50891, 22.36753, -22.17333],
					"cubes": [
						{
							"origin": [0.53542, 22.38588, -22.85081],
							"size": [2.04697, 3.84047, 0.97348],
							"inflate": -0.2,
							"uv": {
								"north": {"uv": [67, 70], "uv_size": [2, 4]},
								"east": {"uv": [9, 35], "uv_size": [1, 4]},
								"south": {"uv": [76, 45], "uv_size": [2, 4]},
								"west": {"uv": [9, 39], "uv_size": [1, 4]},
								"up": {"uv": [54, 35], "uv_size": [2, 1]},
								"down": {"uv": [56, 45], "uv_size": [2, -1]}
							}
						}
					]
				},
				{
					"name": "mouth",
					"parent": "head",
					"pivot": [0, 20.94583, -27.65643],
					"rotation": [-5, 0, 0],
					"cubes": [
						{
							"origin": [-1.8215, 18.93163, -29.74558],
							"size": [3.643, 1.28899, 2.72273],
							"inflate": -0.1,
							"pivot": [-0.2, 21.14091, -27.10116],
							"rotation": [1, 0, 0],
							"uv": {
								"north": {"uv": [45, 56], "uv_size": [3.5, 1.5]},
								"east": {"uv": [56, 87], "uv_size": [2.5, 1.5]},
								"south": {"uv": [84, 18], "uv_size": [3.5, 1.5]},
								"west": {"uv": [59, 87], "uv_size": [2.5, 1.5]},
								"up": {"uv": [84, 83], "uv_size": [3.5, 2.5]},
								"down": {"uv": [85, 7.5], "uv_size": [3.5, -2.5]}
							}
						},
						{
							"origin": [-1.9465, 19.60377, -29.9751],
							"size": [3.893, 3.11181, 3.44773],
							"inflate": -0.2,
							"uv": {
								"north": {"uv": [68, 23], "uv_size": [4, 3]},
								"east": {"uv": [84, 36], "uv_size": [3.5, 3]},
								"south": {"uv": [77, 12], "uv_size": [4, 3]},
								"west": {"uv": [84, 39], "uv_size": [3.5, 3]},
								"up": {"uv": [83, 49], "uv_size": [4, 3.5]},
								"down": {"uv": [83, 56.5], "uv_size": [4, -3.5]}
							}
						}
					]
				},
				{
					"name": "jaw",
					"parent": "mouth",
					"pivot": [0, 18.54323, -27.15466]
				}
			]
		}
	]
}