{
    "type": "origins:multiple",
    "iron":{
        "type": "origins:item_action",
        "item_condition": {
        "type": "origins:ingredient",
        "ingredient": {
            "item": "minecraft:iron_ingot"
        }
        },
        "entity_action": {
        "type": "origins:and",
        "actions": [
            {
            "type": "origins:consume",
            "amount": 1
            },
            {
            "type": "origins:grant_power",
            "power": "mystbound:warforged-origin/eat-metal/iron"
            }
        ]
        },
        "condition": {
        "type": "origins:has_power",
        "power": "mystbound:warforged-origin/eat-metal/iron",
        "inverted": true
        }
    },
    "steel":{
        "type": "origins:item_action",
        "item_condition": {
        "type": "origins:ingredient",
        "ingredient": {
            "item": "magistuarmory:steel_ingot"
        }
        },
        "entity_action": {
        "type": "origins:and",
        "actions": [
            {
            "type": "origins:consume",
            "amount": 1
            },
            {
            "type": "origins:grant_power",
            "power": "mystbound:warforged-origin/eat-metal/steel"
            }
        ]
        },
        "condition": {
        "type": "origins:has_power",
        "power": "mystbound:warforged-origin/eat-metal/steel",
        "inverted": true
        }
    },
    "ancient_metal":{
        "type": "origins:item_action",
        "item_condition": {
        "type": "origins:ingredient",
        "ingredient": {
            "item": "cataclysm:ancient_metal_ingot"
        }
        },
        "entity_action": {
        "type": "origins:and",
        "actions": [
            {
            "type": "origins:consume",
            "amount": 1
            },
            {
            "type": "origins:grant_power",
            "power": "mystbound:warforged-origin/eat-metal/ancient_metal"
            }
        ]
        },
        "condition": {
        "type": "origins:has_power",
        "power": "mystbound:warforged-origin/eat-metal/ancient_metal",
        "inverted": true
        }
    },
    "dark":{
        "type": "origins:item_action",
        "item_condition": {
        "type": "origins:ingredient",
        "ingredient": {
            "item": "born_in_chaos_v1:dark_metal_ingot"
        }
        },
        "entity_action": {
        "type": "origins:and",
        "actions": [
            {
            "type": "origins:consume",
            "amount": 1
            },
            {
            "type": "origins:grant_power",
            "power": "mystbound:warforged-origin/eat-metal/dark-metal"
            }
        ]
        },
        "condition": {
        "type": "origins:has_power",
        "power": "mystbound:warforged-origin/eat-metal/dark-metal",
        "inverted": true
        }
    },
    "depth":{
        "type": "origins:item_action",
        "item_condition": {
        "type": "origins:ingredient",
        "ingredient": {
            "item": "seadwellers:depth_ingot"
        }
        },
        "entity_action": {
        "type": "origins:and",
        "actions": [
            {
            "type": "origins:consume",
            "amount": 1
            },
            {
            "type": "origins:grant_power",
            "power": "mystbound:warforged-origin/eat-metal/depth"
            }
        ]
        },
        "condition": {
        "type": "origins:has_power",
        "power": "mystbound:warforged-origin/eat-metal/depth",
        "inverted": true
        }
    },
    "dark_steel":{
        "type": "origins:item_action",
        "item_condition": {
        "type": "origins:ingredient",
        "ingredient": {
            "item": "cataclysm:black_steel_ingot"
        }
        },
        "entity_action": {
        "type": "origins:and",
        "actions": [
            {
            "type": "origins:consume",
            "amount": 1
            },
            {
            "type": "origins:grant_power",
            "power": "mystbound:warforged-origin/eat-metal/dark_steel"
            }
        ]
        },
        "condition": {
        "type": "origins:has_power",
        "power": "mystbound:warforged-origin/eat-metal/dark_steel",
        "inverted": true
        }
    },
    "netherite":{
        "type": "origins:item_action",
        "item_condition": {
        "type": "origins:ingredient",
        "ingredient": {
            "item": "minecraft:netherite_ingot"
        }
        },
        "entity_action": {
        "type": "origins:and",
        "actions": [
            {
            "type": "origins:consume",
            "amount": 1
            },
            {
            "type": "origins:grant_power",
            "power": "mystbound:warforged-origin/eat-metal/netherite"
            }
        ]
        },
        "condition": {
        "type": "origins:has_power",
        "power": "mystbound:warforged-origin/eat-metal/netherite",
        "inverted": true
        }
    }
}
  