{
    "name": "Right to Repair",
    "description": "you can consume iron to gain regeneration. Amount of iron impacts regen time and level",
    "type": "origins:multiple",
    "ingot": {
        "type": "origins:action_on_item_use",
        "entity_action": {
            "type": "origins:and",
            "actions": [
                {
                    "type": "origins:consume",
                    "item_condition": {
                        "type": "origins:ingredient",
                        "ingredient": {
                            "item": "minecraft:iron_ingot"
                        }
                    }
                },
                {
                    "type": "origins:apply_effect",
                    "effect": {
                        "effect": "minecraft:regeneration",
                        "duration": 100,
                        "amplifier": 0
                    }
                }
            ]
        },
        "item_condition": {
            "type": "origins:ingredient",
            "ingredient": {
                "item": "minecraft:iron_ingot"
            }
        },
        "cooldown": 60,
        "hud_render": {
            "should_render": true,
            "sprite_location": "origins:textures/gui/resource_bar.png",
            "bar_index": 0
        },
        "key": {
            "key": "key.minecraft.use"
        }
    },
    "block": {
        "type": "origins:action_on_item_use",
        "entity_action": {
          "type": "origins:and",
          "actions": [
            {
              "type": "origins:consume",
              "item_condition": {
                "type": "origins:ingredient",
                "ingredient": {
                  "item": "minecraft:iron_block"
                }
              }
            },
            {
              "type": "origins:apply_effect",
              "effect": {
                "effect": "minecraft:regeneration",
                "duration": 200,
                "amplifier": 1
              }
            }
          ]
        },
        "item_condition": {
          "type": "origins:ingredient",
          "ingredient": {
            "item": "minecraft:iron_block"
          }
        },
        "cooldown": 60,
        "hud_render": {
          "should_render": false
        },
        "key": {
          "key": "key.minecraft.use"
        }
      }
      
}