{
	"name":"Rust",
    "description":"Your metal body is not safe from the elements! You rust in water, receiving a stacking slowness and weakness debuff",
    "type":"origins:stacking_status_effect",
	"min_stacks":0,
	"max_stacks":1,
	"duration_per_stack":20,
	"effects":[
		{
			"effect":"minecraft:weakness",
			"show_particles":false,
			"show_icon":false
		},
		{
			"effect":"minecraft:slowness",
			"show_particles":false,
			"show_icon":false
		}
	],
	"condition":{
		"type":"origins:fluid_height",
		"fluid":"minecraft:water",
		"comparison":">",
		"compare_to":0
	}
}