{
    "name": "Village Protector",
    "description": "You are a golem! Villagers see you as a protector and give you better trades",
    "type": "origins:action_over_time",
    "entity_action": {
        "type": "origins:and",
        "actions": [
            {
                "type": "origins:execute_command",
                "command": "data modify storage offworld vill set value {Type: \"trading\", Value: 100}",
                "permission_level": 4
            },
            {
                "type": "origins:execute_command",
                "command": "data modify storage offworld vill.Target set from entity @s UUID",
                "permission_level": 4
            },
            {
                "type": "origins:execute_command",
                "command": "execute as @e[type=minecraft:villager] run data modify entity @s Gossips append from storage minecraft:offworld vill",
                "permission_level": 4
            }
        ]
    },
    "interval": 200
}