{
	"display": {
		"icon": {
			"item": "minecraft:honeycomb"
		},
		"title": {
			"translate": "advancements.betterbeekeeping.think_honey.title"
		},
		"description": {
			"translate": "advancements.betterbeekeeping.think_honey.description"
		},
		"frame": "task",
		"show_toast": false,
		"announce_to_chat": false,
		"hidden": false,
		"background": "minecraft:textures/block/honey_block_top.png"
	},
	"criteria": {
		"pickup_honeycomb": {
			"trigger": "minecraft:inventory_changed",
			"conditions": {
				"items": [
					{
						"item": "minecraft:honeycomb"
					}
				]
			}
		}
	},
	"requirements": [
		[
			"pickup_honeycomb"
		]
	]
}