{
  "type": "origins:action_over_time",
  "name": "Hunger Weakness",
  "description": "Gain Weakness I while your hunger is at 3/5 (12 food points) or lower.",
  "interval": 10,
  "entity_action": {
    "type": "origins:apply_effect",
    "effect": {
      "effect": "minecraft:weakness",
      "duration": 40,
      "amplifier": 0,
      "show_particles": true,
      "show_icon": true
    }
  },
  "condition": {
    "type": "origins:food_level",
    "comparison": "<=",
    "compare_to": 12
  },
  "falling_action": {
    "type": "origins:clear_effect",
    "effect": "minecraft:weakness"
  }
}
