{
  "type": "origins:active_self",
  "key": {
    "key": "key.origins.primary_active",
    "continuous": false
  },
  "entity_action": {
    "type": "origins:and",
    "actions": [
      {
        "type": "origins:apply_effect",
        "effect": {
          "effect": "majruszsdifficulty:bleeding_immunity",
          "duration": 200,
          "amplifier": 0,
          "show_particles": false,
          "show_icon": true
        }
      },
      {
        "type": "origins:apply_effect",
        "effect": {
          "effect": "minecraft:regeneration",
          "duration": 200,
          "amplifier": 2,
          "show_particles": true,
          "show_icon": true
        }
      }
    ]
  },
  "cooldown": 1200,
  "hud_render": {
    "should_render": true,
    "sprite_location": "origins:textures/gui/community/spiderkolo/resource_bar_02.png",
    "bar_index": 9
  },
  "name": "Thick Blood",
  "description": "Once every minutes you can activate 10 seconds of bleed resistance and regeneration"
}