{
    "type": "origins:multiple",
    "fox-tag": {
        "type": "origins:action_on_chosen",
        "entity_action": {
            "type": "origins:execute_command",
            "command": "tag @s add prey"
        }
    },
    "polar-bear": {
        "type": "origins:action_over_time",
        "interval": 40,
        "entity_action": {
            "type": "origins:execute_command",
            "command": "execute as @e[type=minecraft:polar_bear, distance=..16] at @s run data modify entity @s AngryAt set from entity @a[distance=..16,limit=1]"
        },
        "condition": {
            "type": "origins:entity_type",
            "entity_type": "minecraft:player"
        },
        "hud_render": {
            "should_render": false
        }
    }, 
    "name": "Natural Prey",
    "description": "Due to being a prey animal, wolves, polar bears, and hunting dogs will attack you"
}