{
    "display": {
        "announce_to_chat": false,
        "title": {
            "translate": "advancements.story.root.title"
        },
        "description": {
            "translate": "advancements.story.root.description"
        },
        "icon": {
            "item": "minecraft:grass_block"
        },
        "frame": "task",
        "show_toast": false,
        "hidden": false
    },
    "criteria": {
        "tick": {
            "trigger": "minecraft:tick"
        }
    }
}