{
  "parent": "minecraft:story/upgrade_tools",
  "criteria": {
    "iron": {
      "trigger": "minecraft:inventory_changed",
      "conditions": {
        "items": [
          {
            "items": [
              "minecraft:iron_ingot"
            ]
          }
        ]
      }
    }
  },
  "display": {
    "icon": {
      "item": "minecraft:iron_ingot"
    },
    "title": {
      "translate": "advancements.story.smelt_iron.title"
    },
    "description": {
      "translate": "advancements.story.smelt_iron.description"
    },
    "frame": "task",
    "show_toast": true,
    "announce_to_chat": false,
    "hidden": false
  },
  "requirements": [
    [
      "iron"
    ]
  ]
}