{
  "parent": "vinery:main/fruits_of_the_field",
  "display": {
    "icon": {
      "item": "minecraft:apple"
    },
    "title": {
      "translate": "advancement.vinery.forbidden_fruit"
    },
    "description": {
      "translate": "advancement.vinery.forbidden_fruit.desc"
    },
    "frame": "task",
    "show_toast": true,
    "announce_to_chat": false,
    "hidden": false
  },
  "criteria": {
    "apple": {
      "trigger": "minecraft:inventory_changed",
      "conditions": {
        "items": [
          {
            "items": [
              "minecraft:apple"
            ]
          }
        ]
      }
    }
  },
  "requirements": [
    [
      "apple"
    ]
  ]
}
