{
  "display": {
    "icon": {
      "item": "vinery:wine_bottle"
    },
    "title": {
      "translate": "advancement.vinery.root"
    },
    "description": {
      "translate": "advancement.vinery.root.desc"
    },
    "frame": "task",
    "show_toast": false,
    "announce_to_chat": false,
    "hidden": false,
    "background": "vinery:textures/block/dark_cherry_planks.png"
  },
  "criteria": {
    "seeds": {
      "trigger": "minecraft:inventory_changed",
      "conditions": {}
    }
  },
  "requirements": [
    [
      "seeds"
    ]
  ]
}