{
  "type": "origins:prevent_item_use",
  "item_condition": {
    "type": "origins:and",
    "conditions": [
      {
        "type": "origins:or",
        "conditions": [
          {
            "type": "origins:ingredient",
            "ingredient": {
              "tag": "mystbound-origins:raw_seafood"
            }
          },
          {
            "type": "origins:ingredient",
            "ingredient": {
              "tag": "mystbound-origins:man-eater"
            }
          }
        ],
        "inverted": true
      },
      {
        "type": "origins:food"
      },
      {
        "type": "origins:ingredient",
        "ingredient": {
          "tag": "mystbound-origins:ignore_diet"
        },
        "inverted": true
      }
    ]
  },
  "name": "Pescatarian Maneater",
  "description": "You can only eat fish and humanoid flesh"
}