{
	"name": "Dash",
	"description": "Use a burst of dust to gain forward momentum.",
	"type":"origins:active_self",
	"key":{
		"key":"key.origins.primary_active"
	},
	"badges": [
		{
			"type":"origins:tooltip",
			"sprite":"minecraft:textures/mob_effect/jump_boost.png",
			"text":["Use with [",{"keybind":"key.origins.primary_active"},"]"]
		}
	],
	"entity_action":{
	   "type":"origins:and",
	   "actions":[
			{
				"type": "apoli:play_sound",
				"sound": "minecraft:entity.firework_rocket.large_blast_far",
				"category": "master"
			},
			{
				"type":"origins:apply_effect",
				"effect":{
					"effect":"minecraft:resistance",
					"duration":20,
					"amplifier":0,
					"is_ambient":true,
					"show_particles":false,
					"show_icon":false
				}
			},
			{
				"type":"origins:add_velocity",
				"x":0.0,
				"y":0.1,
				"z":0.5,
				"space":"local",
				"client":true
			},
			{
				"type": "origins:spawn_particles",
				"particle": {
					"type": "minecraft:end_rod",
					"params": ""
				},
				"count": 20,
				"speed": 0.25,
				"force": false,
				"spread": {"x": 0.12, "y": 0.2, "z": 0.12}
			},
			{
				"type": "origins:change_resource",
				"resource": "sprites:air/common/dust",
				"change": -600
			}
	   ]
	},
	"condition":{
	   "type":"origins:and",
	   "conditions":[
			{
				"type":"origins:sneaking",
				"inverted":true
			},
			{
				"type": "origins:riding",
				"inverted": true
			},
			{
				"type": "origins:resource",
				"resource": "sprites:air/common/dust",
				"comparison": ">",
				"compare_to": 400
			}
	   ]
	}
 }