{
	"name":"Flutter",
	"type":"origins:active_self",
	"description": "Pop a bit of dust, flying forward and upwards.",
	"cooldown": 40,
	"badges": [
		{
			"type":"origins:tooltip",
			"sprite":"minecraft:textures/mob_effect/slow_falling.png",
			"text":["Use with [",{"keybind":"key.origins.primary_active"},"]"]
		}
	],
	"key": {
		"key": "key.origins.primary_active",
		"continuous": true
	},
	"entity_action":{
	   "type":"origins:and",
	   "actions": [
			{
				"type": "apoli:play_sound",
				"sound": "minecraft:entity.phantom.flap",
				"category": "master"
			},
			{
				"type": "origins:add_velocity",
				"x": 0.0,
				"z": 0.3,
				"y": 0.15,
				"space": "local",
				"client":true,
				"set":true
			},
			{
				"type":"origins:apply_effect",
				"effect":{
					"effect":"minecraft:levitation",
					"duration":20,
					"amplifier":-1,
					"is_ambient":true,
					"show_particles":false,
					"show_icon":false
				}
			},
			{
				"type":"origins:apply_effect",
				"effect":{
					"effect":"minecraft:slow_falling",
					"duration":60,
					"amplifier":0,
					"is_ambient":true,
					"show_particles":false,
					"show_icon":false
				}
			},
			{
				"type": "origins:spawn_particles",
				"particle": {
					"type": "minecraft:end_rod",
					"params": ""
				},
				"count": 7,
				"speed": 0.15,
				"force": false,
				"spread": {"x": 0.05, "y": 0, "z": 0.05}
			},
			{
				"type": "origins:change_resource",
				"resource": "sprites:air/common/dust",
				"change": -600
			}
	   ]
	},
	"condition":{
	   "type":"origins:and",
	   "conditions":[
		 	{
				"type": "origins:resource",
				"resource": "sprites:air/common/dust",
				"comparison": ">",
				"compare_to": 0
			},
			{
				"type": "origins:riding",
				"inverted": true
			}
	   ]
	}
 }