{
	"name": "Float",
	"description": "You can hover, locking your vertical movement.",
	"type": "origins:multiple",
	"badges": [
		{
			"type":"origins:tooltip",
			"sprite":"minecraft:textures/mob_effect/levitation.png",
			"text":["Toggle with [",{"keybind":"key.sneak"},"]"]
		}
	],
	"isholding": {
		"type": "origins:resource",
		"min": 0,
		"max": 1,
		"min_action": {
			"type": "apoli:play_sound",
			"sound": "minecraft:block.amethyst_block.place",
			"category": "master"
		},
		"max_action": {
			"type": "apoli:play_sound",
			"sound": "minecraft:block.amethyst_block.hit",
			"category": "master"
		}
	},
	"active": {
		"type": "apoli:active_self",
		"key": {
			"key": "key.sneak",
			"continuous": false
		},
		"condition": {
			"type":"origins:and",
			"conditions":[
				{
					"type":"origins:riding",
					"inverted":true
				},
				{
					"type":"origins:on_block",
					"inverted":true
				}
			]
		},
		"entity_action": {
			"type": "apoli:if_else",
			"condition": {
				"type": "apoli:resource",
				"resource": "*:*_isholding",
				"compare_to": 0,
				"comparison": "=="
			},
			"if_action": {
				"type": "apoli:change_resource",
				"resource": "*:*_isholding",
				"change": 1,
				"operation": "set"
			},
			"else_action": {
				"type": "apoli:change_resource",
				"resource": "*:*_isholding",
				"change": 0,
				"operation": "set"
			}
		}
	},
	"holdnofall": {
		"type": "origins:modify_falling",
		"velocity": 0,
		"take_fall_damage": false,
		"condition": {
			"type": "apoli:resource",
			"resource": "*:*_isholding",
			"compare_to": 1,
			"comparison": "=="
		}
	},
	"holdslowfall": {
		"type": "origins:modify_falling",
		"velocity": 0.02,
		"take_fall_damage": false,
		"condition": {
			"type": "origins:sneaking"
		}
	},
	"effect": {
		"type": "origins:stacking_status_effect",
		"min_stacks": 0,
		"max_stacks": 1,
		"duration_per_stack": 20,
		"condition": {
			"type": "apoli:resource",
			"resource": "*:*_isholding",
			"compare_to": 1,
			"comparison": "=="
		},
		"effects": [
			{
				"effect":"minecraft:levitation",
				"duration":20,
				"amplifier":-1,
				"is_ambient":true,
				"show_particles":false,
				"show_icon":true
			},
			{
				"effect":"minecraft:speed",
				"duration":20,
				"amplifier":1,
				"is_ambient":true,
				"show_particles":false,
				"show_icon":false
			}
		]
	},
	"particles": {
		"type": "origins:action_over_time",
		"interval": 5,
		"entity_action": {
			"type": "origins:spawn_particles",
			"particle": {
				"type": "minecraft:end_rod",
				"params": ""
			},
			"count": 1,
			"speed": 0,
			"force": true,
			"spread":{
				"x":0,
				"y":0,
				"z":0
			},
			"offset_y": -0.1
		},
		"condition": {
			"type": "apoli:resource",
			"resource": "*:*_isholding",
			"compare_to": 1,
			"comparison": "=="
		}
	}
}