{
	"name": "Free Fall",
    "description": "Getting hit with a projectile will cause you to fall from the sky! You won't be able to fly again until 30 seconds pass.",
	"type": "origins:multiple",
	
	"removeWings": {
		"type": "origins:self_action_when_hit",
		"entity_action": {
			"type": "origins:revoke_power",
			"power": "sprites:air/unique/wings",
			"source": "sprites:lux"
		},
		"hud_render": {
			"sprite_location": "origins:textures/gui/resource_bar.png",
			"bar_index": 3
		},
		"damage_condition": {
			"type": "origins:projectile"
		},
		"cooldown": 600
	},
	"removeDust": {
		"type": "origins:self_action_when_hit",
		"entity_action": {
			"type": "origins:revoke_power",
			"power": "sprites:air/common/dust",
			"source": "sprites:lux"
		},
		"damage_condition": {
			"type": "origins:projectile"
		},
		"cooldown": 600
	},
    "removeHover": {
		"type": "origins:self_action_when_hit",
		"entity_action": {
			"type": "origins:revoke_power",
			"power": "sprites:air/unique/hover",
			"source": "sprites:lux"
		},
		"damage_condition": {
			"type": "origins:projectile"
		},
		"cooldown": 600
	},
    "removeFlutter": {
		"type": "origins:self_action_when_hit",
		"entity_action": {
			"type": "origins:revoke_power",
			"power": "sprites:air/unique/flutter",
			"source": "sprites:lux"
		},
	
		"damage_condition": {
			"type": "origins:projectile"
		},
		"cooldown": 600
	},

	
	"getWings": {
			"type": "origins:self_action_when_hit", 
			"damage_condition": {
			"type": "origins:projectile"
		},
		"entity_action": {
			"type": "origins:delay",
			"ticks": 600,
			"action": {
				"type": "origins:grant_power",
				"power": "sprites:air/unique/wings",
				"source": "sprites:lux"
			}
		},
		"cooldown": 600
	},
    "getDust": {
			"type": "origins:self_action_when_hit", 
			"damage_condition": {
			"type": "origins:projectile"
		},
		"entity_action": {
			"type": "origins:delay",
			"ticks": 600,
			"action": {
				"type": "origins:grant_power",
				"power": "sprites:air/common/dust",
				"source": "sprites:lux"
			}
		},
		"cooldown": 600
	},
    "getHover": {
			"type": "origins:self_action_when_hit", 
			"damage_condition": {
			"type": "origins:projectile"
		},
		"entity_action": {
			"type": "origins:delay",
			"ticks": 600,
			"action": {
				"type": "origins:grant_power",
				"power": "sprites:air/unique/hover",
				"source": "sprites:lux"
			}
		},
		"cooldown": 600
	},
    "getFlutter": {
            "type": "origins:self_action_when_hit", 
            "damage_condition": {
            "type": "origins:projectile"
        },
        "entity_action": {
            "type": "origins:delay",
            "ticks": 600,
            "action": {
                "type": "origins:grant_power",
                "power": "sprites:air/unique/flutter",
                "source": "sprites:lux"
            }
        },
        "cooldown": 600
    }
}