{
	"name": "Sylph",
	"description": "You are winged. Speed in air is greatly improved.",
	"type":"origins:multiple",
	"badges": [
		{
			"type":"origins:tooltip",
			"sprite":"minecraft:textures/item/spire_armor_trim_smithing_template.png",
			"text":["You break blocks faster in air."]
		}
	],
	"winged": {
		"type":"origins:elytra_flight",
		"texture_location": "minecraft:textures/entity/elytra.png",
		"render_elytra":true
	},
	"airspeed": {
		"type": "apoli:modify_velocity",
		"axes": ["x","z"],
		"modifier": {
			"operation": "multiply_total",
			"value": 0.4
		},
		"condition": {
			"type": "origins:and",
			"conditions": [
				{
					"type": "origins:fluid_height",
					"fluid": "minecraft:water",
					"comparison": "==",
					"compare_to": 0
				},
				{
					"type": "origins:on_block",
					"inverted": true
				}
			]
		}
	},
	"airbreak": {
		"type": "origins:modify_break_speed",
		"modifier": {
			"operation": "multiply_total",
			"value": 5
		},
		"condition": {
			"type": "origins:and",
			"conditions": [
				{
					"type": "origins:fluid_height",
					"fluid": "minecraft:water",
					"comparison": "==",
					"compare_to": 0
				},
				{
					"type": "origins:on_block",
					"inverted": true
				}
			]
		}
	}
}