{
	"name": "Paper Frame",
	"description": "Fire deals extra damage. Swimming is a challenge, you are slower in water.",
	"type": "origins:multiple",
	"swim": {
		"type": "origins:modify_swim_speed",
		"modifier": {
			"operation": "addition",
			"value": -0.01
		}
	},
	"legacyfire":{
		"type": "origins:modify_damage_taken",
		"damage_condition": {
			"type": "origins:fire"
		},
		"modifier": {
			"operation": "multiply_base",
			"value": 3
		}
	},
	"fire": {
		"type": "origins:modify_damage_taken",
		"condition": {
			"type": "origins:in_tag",
			"tag": "minecraft:is_fire"
		},
		"modifier": {
			"operation": "multiply_base",
			"value": 3
		}
	}
}