{
	"name":"gain",
	"hidden": true,
	"type": "apoli:action_over_time",
	"interval": 1,
	"condition": {
		"type": "apoli:and",
		"conditions": [
			{
				"type": "apoli:resource",
				"resource": "sprites:air/common/dust",
				"compare_to": 1000,
				"comparison": "<"
			},
			{
				"type": "apoli:or",
				"conditions": [
					{
						"type": "apoli:daytime"
					},
					{      
						"type": "apoli:in_block",
						"block_condition": {
							"type": "apoli:light_level",
							"comparison": ">",
							"light_type": "block",
							"compare_to": 0
						}
					}
				]
			}
		]
	},
	"entity_action": {
		"type": "apoli:if_else_list",
    	"actions": [
			{
				"condition": {      
					"type": "apoli:in_block",
					"block_condition": {
						"type": "apoli:light_level",
						"light_type": "block",
						"comparison": ">",
						"compare_to": 12
					}
				},
				"action": {
					"type": "apoli:change_resource",
					"resource": "sprites:air/common/dust",
					"change": 7
				}
			},
			{
				"condition": {      
					"type": "apoli:in_block",
					"block_condition": {
						"type": "apoli:light_level",
						"light_type": "block",
						"comparison": ">",
						"compare_to": 9
					}
				},
				"action": {
					"type": "apoli:change_resource",
					"resource": "sprites:air/common/dust",
					"change": 4
				}
			},
			{
				"condition": {      
					"type": "apoli:in_block",
					"block_condition": {
						"type": "apoli:light_level",
						"light_type": "block",
						"comparison": ">",
						"compare_to": 0
					}
				},
				"action": {
					"type": "apoli:change_resource",
					"resource": "sprites:air/common/dust",
					"change": 2
				}
			},
			{
				"condition": {      
					"type": "apoli:in_block",
					"block_condition": {
						"type": "apoli:light_level",
						"comparison": ">",
						"light_type": "sky",
						"compare_to": 4
					}
				},
				"action": {
					"type": "apoli:if_else",
					"condition": {
						"type": "apoli:in_rain"
					},
					"if_action": {
						"type": "apoli:change_resource",
						"resource": "sprites:air/common/dust",
						"change": 3
					},
					"else_action": {
						"type": "apoli:change_resource",
						"resource": "sprites:air/common/dust",
						"change": 6
					}
				}
			}
		]
	}
}