{
	"name": "Amethyst Conduit",
	"description": "Channel pixie dust into Amethyst Shards to float. Hold in offhand to float down. Affects mounts.",
	"type": "origins:multiple",
	"up_self": {
		"type": "origins:action_over_time",
		"hidden": true,
		"interval": 10,
		"condition": {
			"type": "origins:equipped_item",
			"equipment_slot": "mainhand",
			"item_condition": {
				"type": "origins:ingredient",
				"ingredient": {
					"item": "minecraft:amethyst_shard"
				}
			}
		},
		"entity_action": {
			"type": "origins:and",
			"actions": [
				{
					"type": "origins:apply_effect",
					"effect": {
						"effect": "minecraft:levitation",
						"duration": 39,
						"amplifier": 0,
						"show_icon": true,
						"show_particles":false
					}
				},
				{
					"type": "origins:apply_effect",
					"effect": {
						"effect": "minecraft:glowing",
						"duration": 39,
						"amplifier": 1,
						"show_icon": false,
						"show_particles":false
					}
				},
				{
					"type": "origins:riding_action",
					"action": {
						"type": "origins:and",
						"actions": [
							{
								"type": "origins:apply_effect",
								"effect": {
									"effect": "minecraft:levitation",
									"duration": 39,
									"amplifier": 0,
									"show_icon": true,
									"show_particles":false
								}
							},
							{
								"type": "origins:apply_effect",
								"effect": {
									"effect": "minecraft:glowing",
									"duration": 39,
									"amplifier": 1,
									"show_icon": false,
									"show_particles":false
								}
							},
							{
								"type": "origins:apply_effect",
								"effect": {
									"effect": "minecraft:slow_falling",
									"duration": 200,
									"amplifier": 0,
									"show_icon": true,
									"show_particles":false
								}
							}
						]
					}
				}
			]
		}
	},
	"down_self": {
		"type": "origins:action_over_time",
		"hidden": true,
		"interval": 10,
		"condition": {
			"type": "origins:equipped_item",
			"equipment_slot": "offhand",
			"item_condition": {
				"type": "origins:ingredient",
				"ingredient": {
					"item": "minecraft:amethyst_shard"
				}
			}
		},
		"entity_action": {
			"type": "origins:and",
			"actions": [
				{
					"type": "origins:apply_effect",
					"effect": {
						"effect": "minecraft:slow_falling",
						"duration": 39,
						"amplifier": 0,
						"show_icon": false,
						"show_particles":false
					}
				},
				{
					"type": "origins:riding_action",
					"action": {
						"type": "origins:and",
						"actions": [
							{
								"type": "origins:apply_effect",
								"effect": {
									"effect": "minecraft:slow_falling",
									"duration": 39,
									"amplifier": 0,
									"show_icon": true,
									"show_particles":false
								}
							},
							{
								"type": "origins:apply_effect",
								"effect": {
									"effect": "minecraft:glowing",
									"duration": 39,
									"amplifier": 1,
									"show_icon": false,
									"show_particles":false
								}
							}
						]
					}
				}
			]
		}
	},
	"particles": {
		"type": "origins:action_over_time",
		"hidden": true,
		"interval": 40,
		"entity_action": {
			"type": "origins:spawn_particles",
			"particle": {
				"type": "minecraft:dripping_obsidian_tear",
				"params": ""
			},
			"visible_in_first_person": false,
			"count": 2,
			"speed": 1,
			"force": true,
			"spread": {"x": 8.0, "y": 3.0, "z": 8.0},
			"offset_y": -1
		},
		"condition": {
			"type": "origins:or",
			"conditions": [
				{
					"type": "origins:equipped_item",
					"equipment_slot": "mainhand",
					"item_condition": {
						"type": "origins:ingredient",
						"ingredient": {
							"item": "minecraft:amethyst_shard"
						}
					}
				},
				{
					"type": "origins:equipped_item",
					"equipment_slot": "offhand",
					"item_condition": {
						"type": "origins:ingredient",
						"ingredient": {
							"item": "minecraft:amethyst_shard"
						}
					}
				}
			]
		}
	}
}