{
  "condition": "any_of",
  "terms": [
    {
      "condition": "all_of",
      "terms": [
        {
          "condition": "location_check",
          "predicate": {
            "block": {
              "blocks": [
                "minecraft:player_head"
              ]
            }
          }
        },
        {
          "condition": "any_of",
          "terms": [
            {
              "condition": "location_check",
              "offsetY": -1,
              "predicate": {
                "block": {
                  "blocks": [
                    "minecraft:redstone_block"
                  ]
                }
              }
            },
            {
              "condition": "location_check",
              "offsetY": -1,
              "predicate": {
                "block": {
                  "state": {
                    "powered": true
                  },
                  "tag": "eroxenwire:binary_source_powered"
                }
              }
            },
            {
              "condition": "location_check",
              "offsetY": -1,
              "predicate": {
                "block": {
                  "state": {
                    "lit": true
                  },
                  "tag": "eroxenwire:binary_source_lit"
                }
              }
            }
          ]
        }
      ]
    },
    {
      "condition": "all_of",
      "terms": [
        {
          "condition": "location_check",
          "predicate": {
            "block": {
              "blocks": [
                "minecraft:player_wall_head"
              ],
              "state": {
                "facing": "north"
              }
            }
          }
        },
        {
          "condition": "any_of",
          "terms": [
            {
              "condition": "location_check",
              "offsetZ": 1,
              "predicate": {
                "block": {
                  "blocks": [
                    "minecraft:redstone_block"
                  ]
                }
              }
            },
            {
              "condition": "location_check",
              "offsetZ": 1,
              "predicate": {
                "block": {
                  "state": {
                    "powered": true
                  },
                  "tag": "eroxenwire:binary_source_powered"
                }
              }
            },
            {
              "condition": "location_check",
              "offsetZ": 1,
              "predicate": {
                "block": {
                  "state": {
                    "lit": true
                  },
                  "tag": "eroxenwire:binary_source_lit"
                }
              }
            }
          ]
        }
      ]
    },
    {
      "condition": "all_of",
      "terms": [
        {
          "condition": "location_check",
          "predicate": {
            "block": {
              "blocks": [
                "minecraft:player_wall_head"
              ],
              "state": {
                "facing": "east"
              }
            }
          }
        },
        {
          "condition": "any_of",
          "terms": [
            {
              "condition": "location_check",
              "offsetX": -1,
              "predicate": {
                "block": {
                  "blocks": [
                    "minecraft:redstone_block"
                  ]
                }
              }
            },
            {
              "condition": "location_check",
              "offsetX": -1,
              "predicate": {
                "block": {
                  "state": {
                    "powered": true
                  },
                  "tag": "eroxenwire:binary_source_powered"
                }
              }
            },
            {
              "condition": "location_check",
              "offsetX": -1,
              "predicate": {
                "block": {
                  "state": {
                    "lit": true
                  },
                  "tag": "eroxenwire:binary_source_lit"
                }
              }
            }
          ]
        }
      ]
    },
    {
      "condition": "all_of",
      "terms": [
        {
          "condition": "location_check",
          "predicate": {
            "block": {
              "blocks": [
                "minecraft:player_wall_head"
              ],
              "state": {
                "facing": "south"
              }
            }
          }
        },
        {
          "condition": "any_of",
          "terms": [
            {
              "condition": "location_check",
              "offsetZ": -1,
              "predicate": {
                "block": {
                  "blocks": [
                    "minecraft:redstone_block"
                  ]
                }
              }
            },
            {
              "condition": "location_check",
              "offsetZ": -1,
              "predicate": {
                "block": {
                  "state": {
                    "powered": true
                  },
                  "tag": "eroxenwire:binary_source_powered"
                }
              }
            },
            {
              "condition": "location_check",
              "offsetZ": -1,
              "predicate": {
                "block": {
                  "state": {
                    "lit": true
                  },
                  "tag": "eroxenwire:binary_source_lit"
                }
              }
            }
          ]
        }
      ]
    },
    {
      "condition": "all_of",
      "terms": [
        {
          "condition": "location_check",
          "predicate": {
            "block": {
              "blocks": [
                "minecraft:player_wall_head"
              ],
              "state": {
                "facing": "west"
              }
            }
          }
        },
        {
          "condition": "any_of",
          "terms": [
            {
              "condition": "location_check",
              "offsetX": 1,
              "predicate": {
                "block": {
                  "blocks": [
                    "minecraft:redstone_block"
                  ]
                }
              }
            },
            {
              "condition": "location_check",
              "offsetX": 1,
              "predicate": {
                "block": {
                  "state": {
                    "powered": true
                  },
                  "tag": "eroxenwire:binary_source_powered"
                }
              }
            },
            {
              "condition": "location_check",
              "offsetX": 1,
              "predicate": {
                "block": {
                  "state": {
                    "lit": true
                  },
                  "tag": "eroxenwire:binary_source_lit"
                }
              }
            }
          ]
        }
      ]
    }
  ]
}