{
  "argument1": {
    "argument1": 4,
    "argument2": {
      "argument": {
        "argument1": {
          "argument1": "amplified_nether:climate/depth",
          "argument2": {
            "argument1": {
              "argument1": {
                "argument1": 0,
                "argument2": {
                  "argument1": 1,
                  "argument2": {
                    "argument1": -1,
                    "argument2": {
                      "argument": {
                        "type": "minecraft:blend_alpha"
                      },
                      "type": "minecraft:cache_once"
                    },
                    "type": "minecraft:mul"
                  },
                  "type": "minecraft:add"
                },
                "type": "minecraft:mul"
              },
              "argument2": {
                "argument1": {
                  "type": "minecraft:clamp",
                  "min": 0,
                  "max": 1.28,
                  "input": {
                    "type": "minecraft:spline",
                    "spline": {
                      "coordinate": "amplified_nether:climate/continentalness",
                      "points": [
                        {
                          "location": -0.3,
                          "value": {
                            "coordinate": "amplified_nether:climate/erosion",
                            "points": [
                              {
                                "location": -0.25,
                                "value": {
                                  "coordinate": "amplified_nether:climate/weirdness",
                                  "points": [
                                    {
                                      "location": -0.5,
                                      "value": 2.25,
                                      "derivative": 0
                                    },
                                    {
                                      "location": 0,
                                      "value": 1,
                                      "derivative": 0
                                    },
                                    {
                                      "location": 0.5,
                                      "value": 0.4,
                                      "derivative": 0
                                    }
                                  ]
                                },
                                "derivative": -0.1
                              },
                              {
                                "location": 0,
                                "value": {
                                  "coordinate": "amplified_nether:climate/weirdness",
                                  "points": [
                                    {
                                      "location": 0,
                                      "value": 0,
                                      "derivative": 0
                                    }
                                  ]
                                },
                                "derivative": 0
                              }
                            ]
                          },
                          "derivative": 0
                        },
                        {
                          "location": 0,
                          "value": {
                            "coordinate": "amplified_nether:climate/erosion",
                            "points": [
                              {
                                "location": 0,
                                "value": {
                                  "coordinate": "amplified_nether:climate/weirdness",
                                  "points": [
                                    {
                                      "location": 0,
                                      "value": 0,
                                      "derivative": 0
                                    }
                                  ]
                                },
                                "derivative": 0
                              }
                            ]
                          },
                          "derivative": 0
                        },
                        {
                          "location": 0.3,
                          "value": {
                            "coordinate": "amplified_nether:climate/erosion",
                            "points": [
                              {
                                "location": -0.3,
                                "value": {
                                  "coordinate": "amplified_nether:climate/weirdness",
                                  "points": [
                                    {
                                      "location": 0,
                                      "value": 0,
                                      "derivative": 0
                                    }
                                  ]
                                },
                                "derivative": 0
                              },
                              {
                                "location": 0,
                                "value": {
                                  "coordinate": "amplified_nether:climate/weirdness",
                                  "points": [
                                    {
                                      "location": 0.75,
                                      "value": 0.1,
                                      "derivative": 0
                                    },
                                    {
                                      "location": -0.6,
                                      "value": 0.2,
                                      "derivative": 1
                                    },
                                    {
                                      "location": 0.3,
                                      "value": 0.1,
                                      "derivative": -0.5
                                    },
                                    {
                                      "location": 0,
                                      "value": 0,
                                      "derivative": 0
                                    },
                                    {
                                      "location": 0.3,
                                      "value": 0.15,
                                      "derivative": 2
                                    },
                                    {
                                      "location": 0.6,
                                      "value": 0.5,
                                      "derivative": -0.5
                                    },
                                    {
                                      "location": 0.75,
                                      "value": 0.1,
                                      "derivative": 0
                                    }
                                  ]
                                },
                                "derivative": 0
                              },
                              {
                                "location": 0.3,
                                "value": {
                                  "coordinate": "amplified_nether:climate/weirdness",
                                  "points": [
                                    {
                                      "location": 0.75,
                                      "value": 0.2,
                                      "derivative": 0
                                    },
                                    {
                                      "location": -0.6,
                                      "value": 0.425,
                                      "derivative": 1
                                    },
                                    {
                                      "location": 0.3,
                                      "value": 0.1,
                                      "derivative": -0.5
                                    },
                                    {
                                      "location": 0,
                                      "value": 0,
                                      "derivative": 0
                                    },
                                    {
                                      "location": 0.3,
                                      "value": 0.3,
                                      "derivative": 2
                                    },
                                    {
                                      "location": 0.6,
                                      "value": 0.9,
                                      "derivative": -2
                                    },
                                    {
                                      "location": 0.75,
                                      "value": 0.3,
                                      "derivative": 0
                                    }
                                  ]
                                },
                                "derivative": 0
                              }
                            ]
                          },
                          "derivative": 0
                        }
                      ]
                    }
                  }
                },
                "argument2": {
                  "argument": {
                    "type": "minecraft:blend_alpha"
                  },
                  "type": "minecraft:cache_once"
                },
                "type": "minecraft:mul"
              },
              "type": "minecraft:add"
            },
            "argument2": {
              "argument": {
                "noise": "minecraft:jagged",
                "xz_scale": 1500,
                "y_scale": 15,
                "type": "minecraft:noise"
              },
              "type": "minecraft:half_negative"
            },
            "type": "minecraft:mul"
          },
          "type": "minecraft:add"
        },
        "argument2": "amplified_nether:climate/factor",
        "type": "minecraft:mul"
      },
      "type": "minecraft:quarter_negative"
    },
    "type": "minecraft:mul"
  },
  "argument2": "amplified_nether:math/base_3d_noise",
  "type": "minecraft:add"
}
