{
	"replace": false,
	"values": [
		"minecraft:ender_dragon",
		"minecraft:wither",
		{"id":"spellbladenext:magus","required":false},
		{"id":"spellbladenext:archmagus","required":false},
		{"id":"soulsweapons:forlorn","required":false},
		{"id":"soulsweapons:soulmass","required":false},
		{"id":"soulsweapons:ghost_warrior","required":false},
		{"id":"soulsweapons:evil_forlorn","required":false},
		{"id":"soulsweapons:chaos_monarch","required":false},
		{"id":"soulsweapons:dark_sorcerer","required":false},
		{"id":"soulsweapons:draugr_boss","required":false},
		{"id":"soulsweapons:night_prowler","required":false},
		{"id":"soulsweapons:night_shade","required":false},
		{"id":"soulsweapons:moonknight","required":false},
		{"id":"soulsweapons:returning_knight","required":false},
		{"id":"soulsweapons:withered_demon","required":false},
		{"id":"soulsweapons:accursed_lord_boss","required":false},
		{"id":"whisperwoods:hirschgeist","required":false},
		{"id":"adventurez:stone_golem","required":false},
		{"id":"adventurez:the_eye","required":false},
		{"id":"adventurez:tiny_eye","required":false},
		{"id":"adventurez:void_shadow","required":false},
		{"id":"born_in_chaos_v1:lifestealer","required":false},
		{"id":"born_in_chaos_v1:lifestealer_true_form","required":false},
		{"id":"born_in_chaos_v1:missioner","required":false},
		{"id":"cataclysm:ender_golem","required":false},
		{"id":"cataclysm:ender_guardian","required":false},
		{"id":"cataclysm:netherite_monstrosity","required":false},
		{"id":"cataclysm:ignited_revenant","required":false},
		{"id":"cataclysm:ignis","required":false},
		{"id":"cataclysm:the_harbinger","required":false},
		{"id":"aquamirae:captain_cornelia","required":false},
		{"id":"cataclysm:scylla","required":false},
		{"id":"bosses_of_mass_destruction:lich","required":false},
		{"id":"bosses_of_mass_destruction:obsidilith","required":false},
		{"id":"bosses_of_mass_destruction:gauntlet","required":false},
		{"id":"bosses_of_mass_destruction:void_blossom","required":false},
		{"id":"dungeonnowloading:chaos_spawner","required":false},
		{"id":"dungeonnowloading:fairkeeper_boros","required":false},
		{"id":"dungeonnowloading:fairkeeper_ouros","required":false}

	]
}