{
    "parent": "lootr:root",
    "display": {
        "icon": {
            "item": "minecraft:chest_minecart"
        },
        "title": {
            "translate": "lootr.advancements.1cart.title"
        },
        "description": {
            "translate": "lootr.advancements.1cart.description"
        },
        "frame": "task",
        "show_toast": true,
        "announce_to_chat": false,
        "hidden": false
    },
    "criteria": {
        "opened_cart": {
            "trigger": "lootr:cart_opened",
            "conditions": {}
        }
    },
    "requirements": [
        [
            "opened_cart"
        ]
    ]
}