{
    "type": "origins:multiple",
    "lightning_resist": {
        "type": "origins:attribute",
            "modifier": {
                "attribute": "irons_spellbooks:lightning_magic_resist",
                "operation": "addition",
                "value": 0.2
            }
    },
    "blood_resist": {
        "type": "origins:attribute",
            "modifier": {
                "attribute": "irons_spellbooks:blood_magic_resist",
                "operation": "addition",
                "value": 0.2
            }
    },
    "holy_resist": {
        "type": "origins:attribute",
            "modifier": {
                "attribute": "irons_spellbooks:holy_magic_resist",
                "operation": "addition",
                "value": 0.2
            }
    },
    "evocation_resist": {
        "type": "origins:attribute",
            "modifier": {
                "attribute": "irons_spellbooks:evocation_magic_resist",
                "operation": "addition",
                "value": 0.2
            }
    },
    "ender_resist": {
        "type": "origins:attribute",
            "modifier": {
                "attribute": "irons_spellbooks:ender_magic_resist",
                "operation": "addition",
                "value": 0.2
            }
    },
    "ice_resist": {
        "type": "origins:attribute",
            "modifier": {
                "attribute": "irons_spellbooks:ice_magic_resist",
                "operation": "addition",
                "value": 0.2
            }
    },
    "nature_resist": {
        "type": "origins:attribute",
            "modifier": {
                "attribute": "irons_spellbooks:nature_magic_resist",
                "operation": "addition",
                "value": 0.2
            }
    },
    "fire_weakness": {
        "type": "origins:attribute",
            "modifier": {
                "attribute": "irons_spellbooks:fire_magic_resist",
                "operation": "addition",
                "value": -0.5
            }
    },
    "ars_mana": {
        "type": "origins:attribute",
        "modifier": {
            "attribute": "ars_nouveau:ars_nouveau.perk.max_mana",
            "operation": "addition",
            "value": 30
        }
    },
    "irons_mana": {
        "type": "origins:attribute",
        "modifier": {
            "attribute": "irons_spellbooks:max_mana",
            "operation": "addition",
            "value": 30
        }
    },
    
     
       
    "name": "Magical",
    "description": "You are a magical being with more mana and innate magic resistance, but fire burns twice as hot for you."
}