{
	"type": "origins:active_self",
	"entity_action": {
		"type": "origins:choice",
		"actions": [{
				"element": {
					"type": "origins:execute_command",
					"command": "function mystbound-origins:mischief1"
				},
				"weight": 15
			},
			{
				"element": {
					"type": "origins:execute_command",
					"command": "function mystbound-origins:mischief2"
				},
				"weight": 15
			},
			{
				"element": {
					"type": "origins:execute_command",
					"command": "power grant @s mystbound-origins:pixie-origin/mischief_launch"
				},
				"weight": 15
			},
			{
				"element": {
					"type": "origins:execute_command",
					"command": "execute at @p[distance=..30] run playsound minecraft:entity.creeper.primed hostile @s ^ ^ ^-2 1 0.7"
				},
				"weight": 1
			},
			{
				"element": {
					"type": "origins:execute_command",
					"command": "execute at @p[distance=..30] run playsound mystbound-origins:door_knock ambient @s ~ ~ ~ 1 1"
				},
				"weight": 1
			}
		]
	},
	"key": {
		"key": "key.origins.secondary_active"
	},
	"hud_render": {
		"should_render": true,
		"sprite_location": "origins:textures/gui/community/huang/resource_bar_01.png",
		"bar_index": 21
	},
	"cooldown": 600,
	"name": "Mischief Maketh Man",
	"description": "Presto! Play a little trick with a random sound or fake explosion"
}