{
	"type": "origins:action_on_callback",
	"entity_action_gained": {
		"type": "origins:and",
		"actions": [{
				"type": "origins:add_velocity",
				"z": 3.5,
				"space": "local"
			},
			{
				"type": "origins:raycast",
				"distance": 16,
				"block": true,
				"entity": false,
				"shape_type": "visual",
				"fluid_handling": "none",
				"block_action": {
					"type": "origins:execute_command",
					"command": "function mystbound-origins:pixie_fake_explosion"
				},
				"miss_action": {
					"type": "origins:execute_command",
					"command": "function mystbound-origins:pixie_fake_explosion"
				},
				"command_along_ray": "function mystbound-origins:pixie_fake_explosion"
			},
			{
				"type": "origins:execute_command",
				"command": "power revoke @s medievalorigins:pixie/mischief_launch"
			}
		]
	}
}