{
	"type": "origins:multiple",
	"hidden": true,
	"attributes": {
		"type": "origins:attribute",
		"modifiers": [
			{
				"attribute": "minecraft:generic.movement_speed",
				"operation": "multiply_total",
				"value": 0.2
			},
			{
				"attribute": "minecraft:generic.max_health",
				"operation": "addition",
				"value": -10.0
			}
		]
	},
	"air_speed": {
		"type": "origins:attribute_modify_transfer",
		"class": "modify_air_speed",
		"attribute": "minecraft:generic.movement_speed",
		"multiplier": -0.4
	},
	"base": {
        "type": "origins:action_on_callback",
        "entity_action_added": {
            "type": "origins:execute_command",
            "command": "scale set pehkui:base 0.2 @s",
            "permission_level": 4
        },
        "entity_action_chosen": {
            "type": "origins:execute_command",
            "command": "scale set pehkui:base 0.2 @s",
            "permission_level": 4
        },
        "entity_action_removed": {
            "type": "origins:execute_command",
            "command": "scale reset @s",
            "permission_level": 4
        },
        "entity_action_respawned": {
            "type": "origins:execute_command",
            "command": "scale set pehkui:base 0.2 @s",
            "permission_level": 4
        },
        "execute_chosen_when_orb": true
    },
    "cpm_fix": {
        "type": "origins:action_on_callback",
        "entity_action_added": {
            "type": "origins:delay",
            "ticks": 40,
            "action": {
                "type": "origins:execute_command",
                "command": "scale set pehkui:base 0.2 @s",
                "permission_level": 4
            }
        },
        "entity_action_respawned": {
            "type": "origins:delay",
            "ticks": 40,
            "action": {
                "type": "origins:execute_command",
                "command": "scale set pehkui:base 0.2 @s",
                "permission_level": 4
            }
        }
    }
}