{
	"name": "Soggy Wings",
    "description": "You Cant fly with wet wings! So long as you are wet you cannot fly",
	"type": "origins:multiple",
	
	"removefly": {
		"type": "origins:action_over_time",
		"interval": 20,
		"condition": {
			"type": "cold_sweat:wet"
		},
		"entity_action": {
			"type": "origins:revoke_power",
			"power": "mystbound-origins/draconic-origin/dragon-wings",
			"source": "mystbound-origins/draconic"
		}
	},
	
	"getfly": {
			"type": "origins:action_over_time",
		"interval": 20,
		"condition": {
			"type": "cold_sweat:wet",
			"inverted": true
		},
		"entity_action": {
			"type": "origins:revoke_power",
			"power": "mystbound-origins/draconic-origin/dragon-wings",
			"source": "mystbound-origins/draconic"
		}
	}
}