{
    "type": "origins:multiple",
    "cold_resist": {
        "type": "origins:attribute",
            "modifier": {
                "attribute": "irons_spellbooks:cold_magic_resist",
                "operation": "addition",
                "value": 0.5
            }
    },
    "fire_weak": {
        "type": "origins:attribute",
            "modifier": {
                "attribute": "irons_spellbooks:fire_magic_resist",
                "operation": "addition",
                "value": -0.5
            }
    },
    "name": "Coldbound",
    "description": "Your fur insilates you from the cold, but is kindling for flames. You are resistant to cold magic and weak to fire magic."
}