{
  "type": "origins:active_self",
  "key": {
    "key": "key.origins.primary_active",
    "continuous": false
  },
  "entity_action": {
    "type": "origins:and",
    "actions": [
      {
        "type": "origins:apply_effect",
        "effect": {
          "effect": "feathers:endurance",
          "duration": 1200,
          "amplifier": 0,
          "show_particles": false,
          "show_icon": true
        }
      },
      {
        "type": "origins:apply_effect",
        "effect": {
          "effect": "feathers:energized",
          "duration": 1200,
          "amplifier": 0,
          "show_particles": true,
          "show_icon": true
        }
      }
    ]
  },
  "cooldown": 6000,
  "hud_render": {
    "should_render": true,
    "sprite_location": "origins:textures/gui/community/spiderkolo/resource_bar_02.png",
    "bar_index": 15
  },
  "name": "Energy Burst",
  "description": "Once every 5 minutes you can gain 1 minute of the endurance and energized effects"
}