{
  "temperature": 0.0,
  "temperature_modifier": "frozen",
  "downfall": 0.5,
  "has_precipitation": true,
  "effects": {
    "sky_color": 16777215,
    "fog_color": 13224393,
    "water_color": 5334160,
    "water_fog_color": 2171215,
    "grass_color": 13081978,
    "foliage_color": 14316854,
    "mood_sound": {
      "sound": "minecraft:ambient.cave",
      "tick_delay": 6000,
      "block_search_extent": 8,
      "offset": 2
    }
  },
  "spawners": {
    "monster": [
      {
        "type": "minecraft:spider",
        "weight": 100,
        "minCount": 4,
        "maxCount": 4
      },
      {
        "type": "minecraft:zombie",
        "weight": 95,
        "minCount": 4,
        "maxCount": 4
      },
      {
        "type": "minecraft:zombie_villager",
        "weight": 5,
        "minCount": 1,
        "maxCount": 1
      },
      {
        "type": "minecraft:skeleton",
        "weight": 100,
        "minCount": 4,
        "maxCount": 4
      },
      {
        "type": "minecraft:creeper",
        "weight": 100,
        "minCount": 4,
        "maxCount": 4
      },
      {
        "type": "minecraft:slime",
        "weight": 100,
        "minCount": 4,
        "maxCount": 4
      },
      {
        "type": "minecraft:enderman",
        "weight": 10,
        "minCount": 1,
        "maxCount": 4
      },
      {
        "type": "minecraft:witch",
        "weight": 5,
        "minCount": 1,
        "maxCount": 1
      }
    ],
    "creature": [
      {
        "type": "minecraft:sheep",
        "weight": 12,
        "minCount": 4,
        "maxCount": 4
      },
      {
        "type": "minecraft:pig",
        "weight": 10,
        "minCount": 4,
        "maxCount": 4
      },
      {
        "type": "minecraft:chicken",
        "weight": 10,
        "minCount": 4,
        "maxCount": 4
      },
      {
        "type": "minecraft:cow",
        "weight": 8,
        "minCount": 4,
        "maxCount": 4
      },
      {
        "type": "minecraft:wolf",
        "weight": 8,
        "minCount": 4,
        "maxCount": 4
      },
      {
        "type": "minecraft:rabbit",
        "weight": 4,
        "minCount": 2,
        "maxCount": 3
      },
      {
        "type": "minecraft:fox",
        "weight": 8,
        "minCount": 2,
        "maxCount": 4
      }
    ],
    "ambient": [
      {
        "type": "minecraft:bat",
        "weight": 10,
        "minCount": 8,
        "maxCount": 8
      }
    ],
    "axolotls": [],
    "underground_water_creature": [
      {
        "type": "minecraft:glow_squid",
        "weight": 10,
        "minCount": 4,
        "maxCount": 6
      }
    ],
    "water_creature": [],
    "water_ambient": [],
    "misc": []
  },
  "spawn_costs": {},
  "carvers": {
    "air": [
      "minecraft:cave",
      "minecraft:cave_extra_underground",
      "minecraft:canyon"
    ]
  },
  "features": [
    [
      "wythers:terrain/feature/stone_pile",
      "wythers:terrain/local/stone_cliffs",
      "wythers:terrain/extended/scree",
      "wythers:terrain/extended/coarsify_dirt",
      "wythers:terrain/local/grove_cliffs"
    ],
    [
      "minecraft:lake_lava_underground",
      "minecraft:lake_lava_surface"
    ],
    [
      "minecraft:amethyst_geode"
    ],
    [
      "minecraft:monster_room",
      "minecraft:monster_room_deep"
    ],
    [],
    [],
    [
      "minecraft:ore_dirt",
      "minecraft:ore_gravel",
      "minecraft:ore_granite_upper",
      "minecraft:ore_granite_lower",
      "minecraft:ore_diorite_upper",
      "minecraft:ore_diorite_lower",
      "minecraft:ore_andesite_upper",
      "minecraft:ore_andesite_lower",
      "minecraft:ore_tuff",
      "minecraft:ore_coal_upper",
      "minecraft:ore_coal_lower",
      "minecraft:ore_iron_upper",
      "minecraft:ore_iron_middle",
      "minecraft:ore_iron_small",
      "minecraft:ore_gold",
      "minecraft:ore_gold_lower",
      "minecraft:ore_redstone",
      "minecraft:ore_redstone_lower",
      "minecraft:ore_diamond",
      "minecraft:ore_diamond_large",
      "minecraft:ore_diamond_buried",
      "minecraft:ore_lapis",
      "minecraft:ore_lapis_buried",
      "minecraft:ore_copper",
      "minecraft:underwater_magma",
      "minecraft:disk_clay",
      "wythers:terrain/local/disk_gravel_floor",
      "wythers:terrain/local/disk_gravel_shore",
      "wythers:terrain/extended/windswept_snow"
    ],
    [],
    [
      "minecraft:spring_water",
      "minecraft:spring_lava"
    ],
    [
      "minecraft:glow_lichen",
      "wythers:vegetation/local/other/fallen_log_mix_taiga",
      "wythers:vegetation/local/trees/taiga_cold",
      "wythers:vegetation/local/trees/taiga_cold_dwarf",
      "wythers:vegetation/local/trees/taiga_spruce",
      "wythers:vegetation/local/trees/taiga_spruce_highlands",
      "wythers:vegetation/local/trees/taiga_spruce_mountains",
      "wythers:vegetation/local/trees/taiga_dwarf_spruce",
      "wythers:vegetation/local/trees/taiga_dwarf_spruce_highlands",
      "wythers:vegetation/local/trees/taiga_dwarf_spruce_mountains",
      "wythers:vegetation/local/trees/taiga_thermal_pine_woods",
      "wythers:vegetation/local/trees/taiga_pine",
      "wythers:vegetation/local/trees/taiga_birch",
      "wythers:vegetation/local/trees/taiga_thermal_aspen_woods",
      "wythers:vegetation/local/bushes/taiga",
      "minecraft:brown_mushroom_taiga",
      "minecraft:red_mushroom_taiga"
    ],
    [
      "minecraft:freeze_top_layer",
      "wythers:terrain/local/snow_blocks",
      "wythers:terrain/local/snowy_ground",
      "wythers:terrain/local/snowy_leaves",
      "wythers:terrain/local/powder_snow",
      "wythers:terrain/local/snowy_slopes",
      "wythers:terrain/local/snow_blocks_disk"
    ]
  ]
}
