{
	"format_version": "1.12.0",
	"minecraft:geometry": [
		{
			"description": {
				"identifier": "geometry.unknown",
				"texture_width": 64,
				"texture_height": 64,
				"visible_bounds_width": 4,
				"visible_bounds_height": 3.5,
				"visible_bounds_offset": [0, 1.25, 0]
			},
			"bones": [
				{
					"name": "body",
					"pivot": [0, 11.50581, 0]
				},
				{
					"name": "body_piv",
					"parent": "body",
					"pivot": [0, 11.5058, 0],
					"cubes": [
						{
							"origin": [-4.00581, 7.57626, -3.04465],
							"size": [8.01162, 9.13394, 6.0893],
							"uv": {
								"north": {"uv": [0, 0], "uv_size": [8, 9]},
								"east": {"uv": [32, 34], "uv_size": [6, 9]},
								"south": {"uv": [8, 0], "uv_size": [8, 9]},
								"west": {"uv": [16, 35], "uv_size": [6, 9]},
								"up": {"uv": [40, 0], "uv_size": [8, 6]},
								"down": {"uv": [40, 12], "uv_size": [8, -6]}
							}
						},
						{
							"origin": [-4.1461, 7.36247, 2.68306],
							"size": [8.2922, 9.26406, 8.3489],
							"inflate": 0.05,
							"pivot": [0, 12.0715, 6.85751],
							"rotation": [-2.5, 0, 0],
							"uv": {
								"north": {"uv": [0, 9], "uv_size": [8, 9]},
								"east": {"uv": [8, 9], "uv_size": [8, 9]},
								"south": {"uv": [16, 0], "uv_size": [8, 9]},
								"west": {"uv": [16, 9], "uv_size": [8, 9]},
								"up": {"uv": [16, 27], "uv_size": [8, 8]},
								"down": {"uv": [24, 35], "uv_size": [8, -8]}
							}
						},
						{
							"origin": [-4.1461, 7.36247, -11.03196],
							"size": [8.2922, 9.26406, 8.3489],
							"inflate": 0.05,
							"pivot": [0, 12.0715, -6.85751],
							"rotation": [2.5, 0, 0],
							"uv": {
								"north": {"uv": [0, 18], "uv_size": [8, 9]},
								"east": {"uv": [8, 18], "uv_size": [8, 9]},
								"south": {"uv": [16, 18], "uv_size": [8, 9]},
								"west": {"uv": [24, 0], "uv_size": [8, 9]},
								"up": {"uv": [32, 0], "uv_size": [8, 8]},
								"down": {"uv": [32, 16], "uv_size": [8, -8]}
							}
						}
					]
				},
				{
					"name": "belly",
					"parent": "body_piv",
					"pivot": [0, 7.69826, -0.145],
					"cubes": [
						{
							"origin": [-4.01041, 6.33966, -8.89925],
							"size": [8.02082, 1.4722, 8.9455],
							"inflate": -0.02,
							"pivot": [0, 6.49826, -1.155],
							"rotation": [-7.49526, 0.09844, -0.25455],
							"uv": {
								"north": {"uv": [54, 25], "uv_size": [8, 1]},
								"east": {"uv": [52, 47], "uv_size": [9, 1]},
								"south": {"uv": [54, 26], "uv_size": [8, 1]},
								"west": {"uv": [52, 48], "uv_size": [9, 1]},
								"up": {"uv": [24, 9], "uv_size": [8, 9]},
								"down": {"uv": [24, 27], "uv_size": [8, -9]}
							}
						},
						{
							"origin": [-4.00811, 6.34196, -0.04395],
							"size": [8.01622, 1.4676, 8.9409],
							"inflate": -0.01,
							"pivot": [0, 6.49826, 1.155],
							"rotation": [7.49526, -0.09844, -0.25455],
							"uv": {
								"north": {"uv": [55, 9], "uv_size": [8, 1]},
								"east": {"uv": [54, 23], "uv_size": [9, 1]},
								"south": {"uv": [55, 27], "uv_size": [8, 1]},
								"west": {"uv": [54, 24], "uv_size": [9, 1]},
								"up": {"uv": [0, 27], "uv_size": [8, 9]},
								"down": {"uv": [8, 36], "uv_size": [8, -9]}
							}
						}
					]
				},
				{
					"name": "front_right_leg",
					"parent": "body",
					"pivot": [-2.48348, 7.87742, -8.18249],
					"cubes": [
						{
							"origin": [-4.00581, 3.31045, -9.8951],
							"size": [3.04465, 5.0893, 3.42523],
							"uv": {
								"north": {"uv": [9, 45], "uv_size": [3, 5]},
								"east": {"uv": [49, 29], "uv_size": [3, 5]},
								"south": {"uv": [31, 49], "uv_size": [3, 5]},
								"west": {"uv": [34, 49], "uv_size": [3, 5]},
								"up": {"uv": [30, 54], "uv_size": [3, 3]},
								"down": {"uv": [33, 57], "uv_size": [3, -3]}
							}
						}
					]
				},
				{
					"name": "front_right_calf",
					"parent": "front_right_leg",
					"pivot": [-2.48348, 3.23104, -8.38249],
					"cubes": [
						{
							"origin": [-3.62523, 0.75232, -9.51452],
							"size": [2.28349, 3.62046, 2.66407],
							"uv": {
								"north": {"uv": [9, 55], "uv_size": [2, 4]},
								"east": {"uv": [52, 27], "uv_size": [3, 4]},
								"south": {"uv": [55, 28], "uv_size": [2, 4]},
								"west": {"uv": [52, 31], "uv_size": [3, 4]},
								"up": {"uv": [39, 55], "uv_size": [2, 3]},
								"down": {"uv": [55, 43], "uv_size": [2, -3]}
							}
						}
					]
				},
				{
					"name": "front_right_hoof",
					"parent": "front_right_calf",
					"pivot": [-2.48348, 1.97902, -8.44889],
					"cubes": [
						{
							"origin": [-3.69895, 0.00238, -9.72553],
							"size": [2.43093, 1.66095, 2.43095],
							"inflate": 0.01,
							"uv": {
								"north": {"uv": [28, 41], "uv_size": [2, 2]},
								"east": {"uv": [30, 41], "uv_size": [2, 2]},
								"south": {"uv": [12, 42], "uv_size": [2, 2]},
								"west": {"uv": [14, 42], "uv_size": [2, 2]},
								"up": {"uv": [11, 56], "uv_size": [2, 2]},
								"down": {"uv": [13, 58], "uv_size": [2, -2]}
							}
						}
					]
				},
				{
					"name": "front_right_shoe",
					"parent": "front_right_hoof",
					"pivot": [-0.2, 12.93975, -0.9134]
				},
				{
					"name": "front_left_leg",
					"parent": "body",
					"pivot": [2.48348, 7.87742, -8.18249],
					"cubes": [
						{
							"origin": [0.96116, 3.31045, -9.8951],
							"size": [3.04465, 5.0893, 3.42523],
							"uv": {
								"north": {"uv": [37, 49], "uv_size": [3, 5]},
								"east": {"uv": [48, 49], "uv_size": [3, 5]},
								"south": {"uv": [9, 50], "uv_size": [3, 5]},
								"west": {"uv": [50, 12], "uv_size": [3, 5]},
								"up": {"uv": [36, 54], "uv_size": [3, 3]},
								"down": {"uv": [48, 57], "uv_size": [3, -3]}
							}
						}
					]
				},
				{
					"name": "front_left_calf",
					"parent": "front_left_leg",
					"pivot": [2.48348, 3.23104, -8.38249],
					"cubes": [
						{
							"origin": [1.34174, 0.75232, -9.51452],
							"size": [2.28349, 3.62046, 2.66407],
							"uv": {
								"north": {"uv": [55, 32], "uv_size": [2, 4]},
								"east": {"uv": [52, 35], "uv_size": [3, 4]},
								"south": {"uv": [55, 36], "uv_size": [2, 4]},
								"west": {"uv": [52, 39], "uv_size": [3, 4]},
								"up": {"uv": [41, 55], "uv_size": [2, 3]},
								"down": {"uv": [43, 58], "uv_size": [2, -3]}
							}
						}
					]
				},
				{
					"name": "front_left_hoof",
					"parent": "front_left_calf",
					"pivot": [2.48348, 1.97902, -8.44889],
					"cubes": [
						{
							"origin": [1.26802, 0.00238, -9.72553],
							"size": [2.43093, 1.66095, 2.43095],
							"inflate": 0.01,
							"uv": {
								"north": {"uv": [15, 56], "uv_size": [2, 2]},
								"east": {"uv": [56, 18], "uv_size": [2, 2]},
								"south": {"uv": [56, 20], "uv_size": [2, 2]},
								"west": {"uv": [56, 55], "uv_size": [2, 2]},
								"up": {"uv": [3, 57], "uv_size": [2, 2]},
								"down": {"uv": [5, 59], "uv_size": [2, -2]}
							}
						}
					]
				},
				{
					"name": "back_right_leg",
					"parent": "body",
					"pivot": [-2.86407, 13.66556, 6.46104],
					"cubes": [
						{
							"origin": [-4.76458, 7.27865, 3.41877],
							"size": [3.80103, 8.66801, 6.46511],
							"inflate": 0.01,
							"uv": {
								"north": {"uv": [18, 44], "uv_size": [4, 9]},
								"east": {"uv": [22, 35], "uv_size": [6, 9]},
								"south": {"uv": [22, 44], "uv_size": [4, 9]},
								"west": {"uv": [0, 36], "uv_size": [6, 9]},
								"up": {"uv": [28, 35], "uv_size": [4, 6]},
								"down": {"uv": [12, 42], "uv_size": [4, -6]}
							}
						}
					]
				},
				{
					"name": "back_left_calf",
					"parent": "back_right_leg",
					"pivot": [-2.86407, 10.69162, 8.55423],
					"cubes": [
						{
							"origin": [-4.38639, 6.07162, 6.46987],
							"size": [3.04465, 5.32813, 4.18639],
							"uv": {
								"north": {"uv": [40, 50], "uv_size": [3, 5]},
								"east": {"uv": [45, 29], "uv_size": [4, 5]},
								"south": {"uv": [43, 50], "uv_size": [3, 5]},
								"west": {"uv": [48, 34], "uv_size": [4, 5]},
								"up": {"uv": [52, 43], "uv_size": [3, 4]},
								"down": {"uv": [53, 14], "uv_size": [3, -4]}
							}
						},
						{
							"origin": [-4.00581, 0.75232, 7.9922],
							"size": [2.28349, 5.3193, 2.66406],
							"uv": {
								"north": {"uv": [26, 44], "uv_size": [2, 5]},
								"east": {"uv": [12, 51], "uv_size": [3, 5]},
								"south": {"uv": [46, 50], "uv_size": [2, 5]},
								"west": {"uv": [15, 51], "uv_size": [3, 5]},
								"up": {"uv": [55, 43], "uv_size": [2, 3]},
								"down": {"uv": [45, 58], "uv_size": [2, -3]}
							}
						}
					]
				},
				{
					"name": "back_left_hoof",
					"parent": "back_left_calf",
					"pivot": [-2.86407, 1.97902, 8.28783],
					"cubes": [
						{
							"origin": [-4.07954, 0.00238, 7.78119],
							"size": [2.43094, 1.66095, 2.43095],
							"inflate": 0.01,
							"uv": {
								"north": {"uv": [7, 57], "uv_size": [2, 2]},
								"east": {"uv": [57, 13], "uv_size": [2, 2]},
								"south": {"uv": [57, 15], "uv_size": [2, 2]},
								"west": {"uv": [17, 57], "uv_size": [2, 2]},
								"up": {"uv": [19, 57], "uv_size": [2, 2]},
								"down": {"uv": [21, 59], "uv_size": [2, -2]}
							}
						}
					]
				},
				{
					"name": "back_left_leg",
					"parent": "body",
					"pivot": [2.86407, 13.66556, 6.46104],
					"cubes": [
						{
							"origin": [0.96355, 7.27865, 3.41877],
							"size": [3.80103, 8.66801, 6.46511],
							"inflate": 0.01,
							"uv": {
								"north": {"uv": [44, 34], "uv_size": [4, 9]},
								"east": {"uv": [6, 36], "uv_size": [6, 9]},
								"south": {"uv": [0, 45], "uv_size": [4, 9]},
								"west": {"uv": [38, 34], "uv_size": [6, 9]},
								"up": {"uv": [48, 0], "uv_size": [4, 6]},
								"down": {"uv": [48, 12], "uv_size": [4, -6]}
							}
						}
					]
				},
				{
					"name": "back_right_calf",
					"parent": "back_left_leg",
					"pivot": [2.86407, 10.69162, 8.55423],
					"cubes": [
						{
							"origin": [1.34174, 6.07162, 6.46987],
							"size": [3.04465, 5.32813, 4.18639],
							"uv": {
								"north": {"uv": [51, 17], "uv_size": [3, 5]},
								"east": {"uv": [48, 39], "uv_size": [4, 5]},
								"south": {"uv": [51, 22], "uv_size": [3, 5]},
								"west": {"uv": [48, 44], "uv_size": [4, 5]},
								"up": {"uv": [18, 53], "uv_size": [3, 4]},
								"down": {"uv": [21, 57], "uv_size": [3, -4]}
							}
						},
						{
							"origin": [1.72232, 0.75232, 7.9922],
							"size": [2.28349, 5.3193, 2.66406],
							"uv": {
								"north": {"uv": [7, 52], "uv_size": [2, 5]},
								"east": {"uv": [51, 49], "uv_size": [3, 5]},
								"south": {"uv": [54, 18], "uv_size": [2, 5]},
								"west": {"uv": [52, 0], "uv_size": [3, 5]},
								"up": {"uv": [54, 55], "uv_size": [2, 3]},
								"down": {"uv": [56, 13], "uv_size": [2, -3]}
							}
						}
					]
				},
				{
					"name": "back_right_hoof",
					"parent": "back_right_calf",
					"pivot": [2.86407, 1.97902, 8.28783],
					"cubes": [
						{
							"origin": [1.6486, 0.00238, 7.78119],
							"size": [2.43094, 1.66095, 2.43095],
							"inflate": 0.01,
							"uv": {
								"north": {"uv": [23, 57], "uv_size": [2, 2]},
								"east": {"uv": [25, 57], "uv_size": [2, 2]},
								"south": {"uv": [27, 57], "uv_size": [2, 2]},
								"west": {"uv": [57, 28], "uv_size": [2, 2]},
								"up": {"uv": [29, 57], "uv_size": [2, 2]},
								"down": {"uv": [57, 32], "uv_size": [2, -2]}
							}
						}
					]
				},
				{
					"name": "neck",
					"parent": "body",
					"pivot": [0, 13.3243, -10.37342],
					"rotation": [30, 0, 0],
					"cubes": [
						{
							"origin": [-3.44768, 10.95205, -15.52863],
							"size": [6.89536, 8.57959, 6.04581],
							"inflate": -0.02,
							"pivot": [0, 13.40222, -15.50077],
							"rotation": [-40, 0, 0],
							"uv": {
								"north": {"uv": [32, 16], "uv_size": [7, 9]},
								"east": {"uv": [39, 16], "uv_size": [6, 9]},
								"south": {"uv": [32, 25], "uv_size": [7, 9]},
								"west": {"uv": [39, 25], "uv_size": [6, 9]},
								"up": {"uv": [28, 43], "uv_size": [7, 6]},
								"down": {"uv": [35, 49], "uv_size": [7, -6]}
							}
						}
					]
				},
				{
					"name": "head",
					"parent": "neck",
					"pivot": [0, 13.94336, -12.70611],
					"rotation": [-27.5, 0, 0],
					"cubes": [
						{
							"origin": [-3.04097, 10.64029, -19.09185],
							"size": [6.08194, 7.00637, 5.44253],
							"uv": {
								"north": {"uv": [42, 43], "uv_size": [6, 7]},
								"east": {"uv": [4, 45], "uv_size": [5, 7]},
								"south": {"uv": [12, 44], "uv_size": [6, 7]},
								"west": {"uv": [45, 12], "uv_size": [5, 7]},
								"up": {"uv": [45, 19], "uv_size": [6, 5]},
								"down": {"uv": [45, 29], "uv_size": [6, -5]}
							}
						},
						{
							"origin": [-1.69853, 10.68512, -21.90936],
							"size": [3.39594, 3.86713, 5.41125],
							"pivot": [-0.00037, 13.38213, -19.32032],
							"rotation": [-0.00064, -0.07891, -0.01541],
							"uv": {
								"north": {"uv": [24, 53], "uv_size": [3, 4]},
								"east": {"uv": [40, 12], "uv_size": [5, 4]},
								"south": {"uv": [27, 53], "uv_size": [3, 4]},
								"west": {"uv": [26, 49], "uv_size": [5, 4]},
								"up": {"uv": [4, 52], "uv_size": [3, 5]},
								"down": {"uv": [52, 10], "uv_size": [3, -5]}
							}
						},
						{
							"origin": [-1.69853, 10.68512, -21.90936],
							"size": [3.39594, 3.86713, 5.41125],
							"pivot": [-0.00037, 13.38213, -19.32032],
							"rotation": [-0.00064, -0.07891, -0.01541],
							"uv": {
								"north": {"uv": [24, 53], "uv_size": [3, 4]},
								"east": {"uv": [40, 12], "uv_size": [5, 4]},
								"south": {"uv": [27, 53], "uv_size": [3, 4]},
								"west": {"uv": [26, 49], "uv_size": [5, 4]},
								"up": {"uv": [4, 52], "uv_size": [3, 5]},
								"down": {"uv": [52, 10], "uv_size": [3, -5]}
							}
						}
					]
				},
				{
					"name": "ears",
					"parent": "head",
					"pivot": [0, 17.37858, -15.95302]
				},
				{
					"name": "left",
					"parent": "ears",
					"pivot": [3.51321, 18.16708, -17.45068],
					"rotation": [116.46188, -48.34434, 31.15574],
					"cubes": [
						{
							"origin": [2.04785, 17.7922, -17.85565],
							"size": [2.79655, 3.67158, 0.42871],
							"pivot": [2.41259, 19.96715, -16.76456],
							"rotation": [-15, 0, -2.5],
							"uv": {
								"north": {"uv": [0, 54], "uv_size": [3, 4]},
								"east": {"uv": [47, 55], "uv_size": [1, 4]},
								"south": {"uv": [54, 14], "uv_size": [3, 4]},
								"west": {"uv": [31, 57], "uv_size": [1, 4]},
								"up": {"uv": [55, 46], "uv_size": [3, 1]},
								"down": {"uv": [56, 23], "uv_size": [3, -1]}
							}
						}
					]
				},
				{
					"name": "right",
					"parent": "ears",
					"pivot": [-3.51321, 18.16708, -17.45068],
					"rotation": [116.46188, 48.34434, -31.15574],
					"cubes": [
						{
							"origin": [-4.8444, 17.7922, -17.85565],
							"size": [2.79655, 3.67158, 0.42871],
							"pivot": [-2.41259, 19.96715, -16.76456],
							"rotation": [-15, 0, 2.5],
							"uv": {
								"north": {"uv": [3, 54], "uv_size": [-3, 4]},
								"east": {"uv": [32, 57], "uv_size": [-1, 4]},
								"south": {"uv": [57, 14], "uv_size": [-3, 4]},
								"west": {"uv": [48, 55], "uv_size": [-1, 4]},
								"up": {"uv": [58, 46], "uv_size": [-3, 1]},
								"down": {"uv": [59, 23], "uv_size": [-3, -1]}
							}
						}
					]
				},
				{
					"name": "tail",
					"parent": "body",
					"pivot": [0, 15.11929, 9.25871],
					"rotation": [22.5, 0, 0],
					"cubes": [
						{
							"origin": [-1.51038, 14.83904, 9.08037],
							"size": [3.02076, 3.49889, 3.40134],
							"inflate": 0.05,
							"uv": {
								"north": {"uv": [54, 49], "uv_size": [3, 3]},
								"east": {"uv": [51, 54], "uv_size": [3, 3]},
								"south": {"uv": [54, 52], "uv_size": [3, 3]},
								"west": {"uv": [55, 0], "uv_size": [3, 3]},
								"up": {"uv": [55, 3], "uv_size": [3, 3]},
								"down": {"uv": [55, 9], "uv_size": [3, -3]}
							}
						}
					]
				}
			]
		}
	]
}