{
    "type": "origins:multiple",
    "less_health": {
        "type": "origins:attribute",
        "modifier": {
            "attribute": "minecraft:generic.max_health",
            "operation": "addition",
            "value": -4
        }
    },
    "weakness":{
        "type": "origins:stacking_status_effect",
        "min_stacks": -20,
        "max_stacks": 361,
        "duration_per_stack": 10,
        "effects": [
            {
            "effect": "minecraft:weakness",
            "is_ambient": true,
            "show_particles": false,
            "show_icon": true
            }],
        "condition": {
            "type": "origins:submerged_in",
            "fluid": "minecraft:water",
            "inverted": true
	    }
    },
    "manaregen":{
        "type": "origins:stacking_status_effect",
        "min_stacks": -20,
        "max_stacks": 361,
        "duration_per_stack": 10,
        "effects": [
            {
            "effect": "ars_nouveau:mana_regen",
            "amplifier": 2,
            "is_ambient": true,
            "show_particles": false,
            "show_icon": true
            }],
        "condition": {
            "type": "origins:submerged_in",
            "fluid": "minecraft:water",
            "inverted": false
	    }
    },

    "name": "Aquatic Body",
    "description": "Your form is made of liquid. Start with only 8 hearts and are weak when out of the water, but gain mana regen when in water."
}