{
    "type": "origins:active_self",
    "loading_priority": 10,
    "entity_action": {
        "type": "origins:and",
            "actions": [
                {
                "type": "origins:execute_command",
                "command": "cast @p ray_of_frost 3",
                "permission_level": 4
                },
                {
                "type": "origins:damage",
                "amount": 4,
                "damage_type": "minecraft:starve"
                }
            ]
    },
    "cooldown":100,
    "hud_render": {
        "should_render":true,
        "sprite_location":"origins:textures/gui/community/spiderkolo/resource_bar_03.png",
        "bar_index": 0,
        "condition": {
            "type":"origins:power_active",
            "power":"mystbound-origins:undine-origin/freeze-ray"
        }
    },
    "key": {
        "key": "key.origins.primary_active"
    },
    "name":"Ray of Frost",
    "description":"You can shoot a ray of frost stright from your veins, but you damage yourself when you do so."
    
}