{
    "type": "origins:multiple",
    "ars_mana": {
        "type": "origins:attribute",
        "modifier": {
            "attribute": "ars_nouveau:ars_nouveau.perk.max_mana",
            "operation": "addition",
            "value": 30
        }
    },
    "irons_mana": {
        "type": "origins:attribute",
        "modifier": {
            "attribute": "irons_spellbooks:max_mana",
            "operation": "addition",
            "value": 30
        }
    },
    "invert_manaregen":{
            "type": "origins:attribute",
            "modifier": {
            "attribute": "ars_nouveau:ars_nouveau.perk.mana_regen",
            "operation": "set_base",
            "value": -4.9
        }
    },
    "name": "Ocean-Blooded",
    "description": "You start with +30 mana, but regenerate almost no mana when not submerged in water"
}