{
    "type": "origins:multiple",
    "ars_mana": {
        "type": "origins:attribute",
        "modifier": {
            "attribute": "ars_nouveau:ars_nouveau.perk.max_mana",
            "operation": "addition",
            "value": 30
        }
    },
    "irons_mana": {
        "type": "origins:attribute",
        "modifier": {
            "attribute": "irons_spellbooks:max_mana",
            "operation": "addition",
            "value": 30
        }
    },
    "invert_manaregen":{
        "type": "origins:attribute",
        "condition": {
            "type": "origins:submerged_in",
            "fluid": "minecraft:water",
            "inverted": true
        },
        "modifier": {
            "attribute": "ars_nouveau:ars_nouveau.perk.mana_regen",
            "operation": "addition",
            "value": -4.9
        }
    },
    "submerged_manaregen":{
        "type": "origins:attribute",
        "condition": {
            "type": "origins:submerged_in",
            "fluid": "minecraft:water",
            "inverted": false
        },
        "modifier": {
            "attribute": "ars_nouveau:ars_nouveau.perk.mana_regen",
            "operation": "addition",
            "value": 3
        }
    },
    "name": "Ocean-Blooded",
    "description": "You start with +30 mana, tripple your natural mana regeneration in water, but regenerate almost no mana when not submerged"
}