{
	"format_version": "1.12.0",
	"minecraft:geometry": [
		{
			"description": {
				"identifier": "geometry.unknown",
				"texture_width": 128,
				"texture_height": 128,
				"visible_bounds_width": 4,
				"visible_bounds_height": 3.5,
				"visible_bounds_offset": [0, 1.25, 0]
			},
			"bones": [
				{
					"name": "body",
					"pivot": [0, 19.79503, 0]
				},
				{
					"name": "body_piv",
					"parent": "body",
					"pivot": [0, 19.49502, 0],
					"cubes": [
						{
							"origin": [-5.16503, 15.70107, -4.34102],
							"size": [10.33006, 10.75256, 8.47304],
							"pivot": [0, 20.93485, 0],
							"rotation": [-2.5, 0, 0],
							"uv": {
								"north": {"uv": [52, 0], "uv_size": [9, 11]},
								"east": {"uv": [65, 65], "uv_size": [7, 11]},
								"south": {"uv": [52, 11], "uv_size": [9, 11]},
								"west": {"uv": [66, 50], "uv_size": [7, 11]},
								"up": {"uv": [33, 74], "uv_size": [9, 7]},
								"down": {"uv": [42, 81], "uv_size": [9, -7]}
							}
						},
						{
							"origin": [-5.16548, 15.14962, -4.42647],
							"size": [10.33096, 11.30446, 9.04395],
							"inflate": 0.01,
							"pivot": [0, 18.29409, 0.2],
							"rotation": [5, 0, 0],
							"uv": {
								"north": {"uv": [52, 0], "uv_size": [9, 11]},
								"east": {"uv": [65, 65], "uv_size": [7, 11]},
								"south": {"uv": [52, 11], "uv_size": [9, 11]},
								"west": {"uv": [66, 50], "uv_size": [7, 11]},
								"up": {"uv": [33, 74], "uv_size": [9, 7]},
								"down": {"uv": [42, 81], "uv_size": [9, -7]}
							}
						},
						{
							"origin": [0.30825, 14.99345, -14.87692],
							"size": [5.16833, 11.90536, 11.26305],
							"inflate": 0.05,
							"pivot": [0, 20.85407, -8.26404],
							"rotation": [-5, 0, 0],
							"uv": {
								"north": {"uv": [18, 84], "uv_size": [4, 11]},
								"east": {"uv": [42, 33], "uv_size": [10, 11]},
								"south": {"uv": [22, 84], "uv_size": [4, 11]},
								"west": {"uv": [39, 44], "uv_size": [10, 11]},
								"up": {"uv": [8, 85], "uv_size": [4, 10]},
								"down": {"uv": [30, 95], "uv_size": [4, -10]}
							}
						},
						{
							"origin": [-5.47658, 14.99345, -14.87692],
							"size": [5.16833, 11.90536, 11.26305],
							"inflate": 0.05,
							"pivot": [0, 20.85407, -8.26404],
							"rotation": [-5, 0, 0],
							"uv": {
								"north": {"uv": [84, 12], "uv_size": [4, 11]},
								"east": {"uv": [52, 22], "uv_size": [-10, 11]},
								"south": {"uv": [14, 84], "uv_size": [4, 11]},
								"west": {"uv": [29, 42], "uv_size": [10, 11]},
								"up": {"uv": [26, 84], "uv_size": [4, 10]},
								"down": {"uv": [0, 95], "uv_size": [4, -10]}
							}
						},
						{
							"origin": [-5.37327, 15.35507, 3.62344],
							"size": [10.74654, 11.42086, 11.36636],
							"inflate": 0.05,
							"pivot": [0, 21.7, 9],
							"rotation": [-2.5, 0, 0],
							"uv": {
								"north": {"uv": [0, 50], "uv_size": [9, 11]},
								"east": {"uv": [42, 0], "uv_size": [10, 11]},
								"south": {"uv": [9, 50], "uv_size": [9, 11]},
								"west": {"uv": [42, 11], "uv_size": [10, 11]},
								"up": {"uv": [57, 55], "uv_size": [9, 10]},
								"down": {"uv": [59, 50], "uv_size": [9, -10]}
							}
						},
						{
							"origin": [-5.16503, 15.69357, -14.46207],
							"size": [10.33006, 10.76456, 10.33005],
							"uv": {
								"north": {"uv": [0, 61], "uv_size": [9, 10]},
								"east": {"uv": [61, 0], "uv_size": [9, 10]},
								"south": {"uv": [9, 61], "uv_size": [9, 10]},
								"west": {"uv": [61, 10], "uv_size": [9, 10]},
								"up": {"uv": [25, 62], "uv_size": [9, 9]},
								"down": {"uv": [63, 29], "uv_size": [9, -9]}
							}
						}
					]
				},
				{
					"name": "saddle",
					"parent": "body_piv",
					"pivot": [0, 23.53659, -3.01293],
					"cubes": [
						{
							"origin": [-6.50794, 20.3601, 2.066],
							"size": [13.01588, 8.26404, 2.06602],
							"uv": {
								"north": {"uv": [71, 29], "uv_size": [11, 7]},
								"east": {"uv": [105, 81], "uv_size": [2, 7]},
								"south": {"uv": [72, 14], "uv_size": [11, 7]},
								"west": {"uv": [106, 0], "uv_size": [2, 7]},
								"up": {"uv": [98, 26], "uv_size": [11, 2]},
								"down": {"uv": [98, 30], "uv_size": [11, -2]}
							}
						},
						{
							"origin": [-6.40462, 20.3601, -5.16503],
							"size": [12.80924, 7.54094, 8.26404],
							"uv": {
								"north": {"uv": [70, 7], "uv_size": [11, 7]},
								"east": {"uv": [0, 78], "uv_size": [7, 7]},
								"south": {"uv": [0, 71], "uv_size": [11, 7]},
								"west": {"uv": [7, 78], "uv_size": [7, 7]},
								"up": {"uv": [11, 71], "uv_size": [11, 7]},
								"down": {"uv": [22, 78], "uv_size": [11, -7]}
							}
						},
						{
							"origin": [-6.92113, 18.29409, -6.19803],
							"size": [13.84226, 7.23103, 5.16503],
							"uv": {
								"north": {"uv": [72, 21], "uv_size": [12, 6]},
								"east": {"uv": [99, 71], "uv_size": [4, 6]},
								"south": {"uv": [72, 61], "uv_size": [12, 6]},
								"west": {"uv": [73, 99], "uv_size": [4, 6]},
								"up": {"uv": [79, 42], "uv_size": [12, 4]},
								"down": {"uv": [30, 85], "uv_size": [12, -4]}
							}
						},
						{
							"origin": [-6.50794, 20.3601, -7.23103],
							"size": [13.01588, 8.36735, 2.066],
							"uv": {
								"north": {"uv": [68, 39], "uv_size": [11, 7]},
								"east": {"uv": [73, 105], "uv_size": [2, 7]},
								"south": {"uv": [70, 0], "uv_size": [11, 7]},
								"west": {"uv": [75, 105], "uv_size": [2, 7]},
								"up": {"uv": [97, 77], "uv_size": [11, 2]},
								"down": {"uv": [97, 81], "uv_size": [11, -2]}
							}
						},
						{
							"origin": [-6.92113, 14.16207, -5.68153],
							"size": [13.84226, 4.13202, 3.09902],
							"uv": {
								"north": {"uv": [63, 81], "uv_size": [12, 4]},
								"east": {"uv": [25, 57], "uv_size": [3, 4]},
								"south": {"uv": [75, 81], "uv_size": [12, 4]},
								"west": {"uv": [47, 87], "uv_size": [3, 4]},
								"up": {"uv": [87, 52], "uv_size": [12, 3]},
								"down": {"uv": [87, 84], "uv_size": [12, -3]}
							}
						},
						{
							"origin": [-1.1363, 28.72745, -7.23103],
							"size": [2.2726, 2.37591, 2.066],
							"uv": {
								"north": {"uv": [70, 18], "uv_size": [2, 2]},
								"east": {"uv": [80, 27], "uv_size": [2, 2]},
								"south": {"uv": [81, 12], "uv_size": [2, 2]},
								"west": {"uv": [85, 10], "uv_size": [2, 2]},
								"up": {"uv": [12, 93], "uv_size": [2, 2]},
								"down": {"uv": [93, 63], "uv_size": [2, -2]}
							}
						}
					]
				},
				{
					"name": "body_armor",
					"parent": "body_piv",
					"pivot": [0, 18.29409, 0],
					"cubes": [
						{
							"origin": [-6.40462, 11.06305, -15.49507],
							"size": [12.80924, 16.63139, 10.33004],
							"uv": {
								"north": {"uv": [20, 18], "uv_size": [11, 14]},
								"east": {"uv": [20, 32], "uv_size": [9, 14]},
								"south": {"uv": [22, 0], "uv_size": [11, 14]},
								"west": {"uv": [33, 0], "uv_size": [9, 14]},
								"up": {"uv": [52, 22], "uv_size": [11, 9]},
								"down": {"uv": [52, 40], "uv_size": [11, -9]}
							}
						},
						{
							"origin": [-6.40462, 11.06305, 4.12003],
							"size": [12.80924, 16.63139, 11.47835],
							"uv": {
								"north": {"uv": [31, 14], "uv_size": [11, 14]},
								"east": {"uv": [0, 36], "uv_size": [9, 14]},
								"south": {"uv": [31, 28], "uv_size": [11, 14]},
								"west": {"uv": [9, 36], "uv_size": [9, 14]},
								"up": {"uv": [28, 53], "uv_size": [11, 9]},
								"down": {"uv": [39, 64], "uv_size": [11, -9]}
							}
						}
					]
				},
				{
					"name": "blanket",
					"parent": "body_armor",
					"pivot": [0, 24.49212, 0],
					"cubes": [
						{
							"origin": [-5.68153, 6.93104, -6.19803],
							"size": [11.36306, 20.6601, 12.39606],
							"uv": {
								"north": {"uv": [0, 18], "uv_size": [10, 18]},
								"east": {"uv": [0, 0], "uv_size": [11, 18]},
								"south": {"uv": [10, 18], "uv_size": [10, 18]},
								"west": {"uv": [11, 0], "uv_size": [11, 18]},
								"up": {"uv": [18, 46], "uv_size": [10, 11]},
								"down": {"uv": [49, 55], "uv_size": [10, -11]}
							}
						}
					]
				},
				{
					"name": "saddlebags",
					"parent": "body_piv",
					"pivot": [0, 23.45912, 7.23105],
					"cubes": [
						{
							"origin": [-8.05744, 20.3601, 4.13202],
							"size": [16.11488, 6.19803, 6.19803],
							"uv": {
								"north": {"uv": [72, 67], "uv_size": [14, 5]},
								"east": {"uv": [95, 61], "uv_size": [5, 5]},
								"south": {"uv": [72, 72], "uv_size": [14, 5]},
								"west": {"uv": [63, 95], "uv_size": [5, 5]},
								"up": {"uv": [73, 46], "uv_size": [14, 5]},
								"down": {"uv": [73, 56], "uv_size": [14, -5]}
							}
						}
					]
				},
				{
					"name": "front_right_leg",
					"parent": "body",
					"pivot": [-3.09901, 15.49507, -11.10481],
					"cubes": [
						{
							"origin": [-5.06053, 9.29704, -13.42907],
							"size": [3.92303, 8.26405, 4.43953],
							"uv": {
								"north": {"uv": [59, 92], "uv_size": [4, 7]},
								"east": {"uv": [93, 90], "uv_size": [4, 7]},
								"south": {"uv": [26, 94], "uv_size": [4, 7]},
								"west": {"uv": [42, 94], "uv_size": [4, 7]},
								"up": {"uv": [105, 45], "uv_size": [4, 4]},
								"down": {"uv": [105, 53], "uv_size": [4, -4]}
							}
						}
					]
				},
				{
					"name": "front_right_calf",
					"parent": "front_right_leg",
					"pivot": [-3.09901, 9.81356, -11.10481],
					"cubes": [
						{
							"origin": [-4.54403, 2.066, -12.91256],
							"size": [2.89002, 9.29705, 3.40652],
							"uv": {
								"north": {"uv": [85, 98], "uv_size": [3, 8]},
								"east": {"uv": [88, 98], "uv_size": [3, 8]},
								"south": {"uv": [46, 99], "uv_size": [3, 8]},
								"west": {"uv": [49, 99], "uv_size": [3, 8]},
								"up": {"uv": [51, 107], "uv_size": [3, 3]},
								"down": {"uv": [54, 110], "uv_size": [3, -3]}
							}
						}
					]
				},
				{
					"name": "front_right_feathering",
					"parent": "front_right_calf",
					"pivot": [-3.09901, 9.05965, -10.12403],
					"cubes": [
						{
							"origin": [-4.54382, 0.63716, -11.89159],
							"size": [2.8896, 8.68418, 3.40609],
							"inflate": -0.01,
							"pivot": [-3.09901, 4.67302, -10.08405],
							"rotation": [7.5, 0, 0],
							"uv": {
								"north": {"uv": [39, 101], "uv_size": [3, 7]},
								"east": {"uv": [42, 101], "uv_size": [3, 7]},
								"south": {"uv": [101, 90], "uv_size": [3, 7]},
								"west": {"uv": [101, 97], "uv_size": [3, 7]},
								"up": {"uv": [108, 102], "uv_size": [3, 3]},
								"down": {"uv": [0, 112], "uv_size": [3, -3]}
							}
						}
					]
				},
				{
					"name": "front_right_hoof",
					"parent": "front_right_calf",
					"pivot": [-3.09901, 2.68582, -11.46636],
					"cubes": [
						{
							"origin": [-4.64765, -0.00034, -14.1525],
							"size": [3.09726, 3.09729, 3.09728],
							"inflate": 0.01,
							"uv": {
								"north": {"uv": [57, 107], "uv_size": [3, 3]},
								"east": {"uv": [60, 107], "uv_size": [3, 3]},
								"south": {"uv": [63, 107], "uv_size": [3, 3]},
								"west": {"uv": [66, 107], "uv_size": [3, 3]},
								"up": {"uv": [69, 107], "uv_size": [3, 3]},
								"down": {"uv": [77, 110], "uv_size": [3, -3]}
							}
						}
					]
				},
				{
					"name": "front_right_shoe",
					"parent": "front_right_hoof",
					"pivot": [0, 17.56109, -1.23961],
					"cubes": [
						{
							"origin": [-4.64898, -0.00165, -14.15382],
							"size": [3.09993, 0.7264, 3.09992],
							"inflate": 0.05,
							"uv": {
								"north": {"uv": [109, 52], "uv_size": [3, 1]},
								"east": {"uv": [109, 53], "uv_size": [3, 1]},
								"south": {"uv": [109, 54], "uv_size": [3, 1]},
								"west": {"uv": [109, 55], "uv_size": [3, 1]},
								"up": {"uv": [80, 107], "uv_size": [3, 3]},
								"down": {"uv": [107, 84], "uv_size": [3, -3]}
							}
						}
					]
				},
				{
					"name": "front_left_leg",
					"parent": "body",
					"pivot": [3.09901, 15.49507, -11.10481],
					"cubes": [
						{
							"origin": [1.1375, 9.29704, -13.42907],
							"size": [3.92303, 8.26405, 4.43953],
							"uv": {
								"north": {"uv": [0, 95], "uv_size": [4, 7]},
								"east": {"uv": [4, 95], "uv_size": [4, 7]},
								"south": {"uv": [8, 95], "uv_size": [4, 7]},
								"west": {"uv": [12, 95], "uv_size": [4, 7]},
								"up": {"uv": [105, 53], "uv_size": [4, 4]},
								"down": {"uv": [105, 68], "uv_size": [4, -4]}
							}
						}
					]
				},
				{
					"name": "front_left_calf",
					"parent": "front_left_leg",
					"pivot": [3.09901, 9.81356, -11.10481],
					"cubes": [
						{
							"origin": [1.65401, 2.066, -12.91256],
							"size": [2.89002, 9.29705, 3.40652],
							"uv": {
								"north": {"uv": [52, 99], "uv_size": [3, 8]},
								"east": {"uv": [99, 52], "uv_size": [3, 8]},
								"south": {"uv": [55, 99], "uv_size": [3, 8]},
								"west": {"uv": [58, 99], "uv_size": [3, 8]},
								"up": {"uv": [107, 84], "uv_size": [3, 3]},
								"down": {"uv": [91, 110], "uv_size": [3, -3]}
							}
						}
					]
				},
				{
					"name": "front_left_feathering",
					"parent": "front_left_calf",
					"pivot": [3.09901, 9.05965, -10.12403],
					"cubes": [
						{
							"origin": [1.65421, 0.63716, -11.89159],
							"size": [2.88961, 8.68418, 3.40609],
							"inflate": -0.01,
							"pivot": [3.09901, 4.67302, -10.08405],
							"rotation": [7.5, 0, 0],
							"uv": {
								"north": {"uv": [0, 102], "uv_size": [3, 7]},
								"east": {"uv": [3, 102], "uv_size": [3, 7]},
								"south": {"uv": [6, 102], "uv_size": [3, 7]},
								"west": {"uv": [9, 102], "uv_size": [3, 7]},
								"up": {"uv": [3, 109], "uv_size": [3, 3]},
								"down": {"uv": [6, 112], "uv_size": [3, -3]}
							}
						}
					]
				},
				{
					"name": "front_left_hoof",
					"parent": "front_left_calf",
					"pivot": [3.09901, 2.68582, -11.46636],
					"cubes": [
						{
							"origin": [1.55039, -0.00034, -14.1525],
							"size": [3.09726, 3.09729, 3.09728],
							"inflate": 0.01,
							"uv": {
								"north": {"uv": [94, 107], "uv_size": [3, 3]},
								"east": {"uv": [107, 106], "uv_size": [3, 3]},
								"south": {"uv": [108, 0], "uv_size": [3, 3]},
								"west": {"uv": [108, 3], "uv_size": [3, 3]},
								"up": {"uv": [15, 108], "uv_size": [3, 3]},
								"down": {"uv": [24, 111], "uv_size": [3, -3]}
							}
						}
					]
				},
				{
					"name": "front_left_shoe",
					"parent": "front_left_hoof",
					"pivot": [0, 17.56109, -1.23961],
					"cubes": [
						{
							"origin": [1.54905, -0.00165, -14.15382],
							"size": [3.09993, 0.7264, 3.09992],
							"inflate": 0.05,
							"uv": {
								"north": {"uv": [109, 56], "uv_size": [3, 1]},
								"east": {"uv": [109, 64], "uv_size": [3, 1]},
								"south": {"uv": [109, 65], "uv_size": [3, 1]},
								"west": {"uv": [109, 66], "uv_size": [3, 1]},
								"up": {"uv": [35, 108], "uv_size": [3, 3]},
								"down": {"uv": [38, 111], "uv_size": [3, -3]}
							}
						}
					]
				},
				{
					"name": "back_right_leg",
					"parent": "body",
					"pivot": [-3.61552, 22.72612, 8.76856],
					"cubes": [
						{
							"origin": [-6.09385, 14.54174, 4.8452],
							"size": [4.95668, 10.98372, 8.5722],
							"inflate": 0.01,
							"uv": {
								"north": {"uv": [85, 0], "uv_size": [4, 10]},
								"east": {"uv": [63, 29], "uv_size": [8, 10]},
								"south": {"uv": [4, 85], "uv_size": [4, 10]},
								"west": {"uv": [34, 64], "uv_size": [8, 10]},
								"up": {"uv": [47, 91], "uv_size": [4, 8]},
								"down": {"uv": [51, 99], "uv_size": [4, -8]}
							}
						}
					]
				},
				{
					"name": "back_left_calf",
					"parent": "back_right_leg",
					"pivot": [-3.61552, 16.60005, 11.60931],
					"cubes": [
						{
							"origin": [-5.57703, 10.33005, 8.98954],
							"size": [3.92302, 7.23104, 5.47253],
							"uv": {
								"north": {"uv": [97, 96], "uv_size": [4, 6]},
								"east": {"uv": [92, 30], "uv_size": [5, 6]},
								"south": {"uv": [98, 0], "uv_size": [4, 6]},
								"west": {"uv": [93, 0], "uv_size": [5, 6]},
								"up": {"uv": [103, 35], "uv_size": [4, 5]},
								"down": {"uv": [103, 45], "uv_size": [4, -5]}
							}
						},
						{
							"origin": [-5.06053, 2.066, 11.05556],
							"size": [2.89003, 8.26405, 3.40651],
							"uv": {
								"north": {"uv": [33, 100], "uv_size": [3, 7]},
								"east": {"uv": [100, 60], "uv_size": [3, 7]},
								"south": {"uv": [61, 100], "uv_size": [3, 7]},
								"west": {"uv": [64, 100], "uv_size": [3, 7]},
								"up": {"uv": [30, 78], "uv_size": [3, 3]},
								"down": {"uv": [96, 74], "uv_size": [3, -3]}
							}
						}
					]
				},
				{
					"name": "back_right_feathering",
					"parent": "back_left_calf",
					"pivot": [-3.20351, 9.05965, 13.32912],
					"cubes": [
						{
							"origin": [-5.05662, 0.63716, 11.69272],
							"size": [2.8896, 8.68418, 3.4061],
							"inflate": -0.01,
							"pivot": [-3.61181, 4.67302, 13.29126],
							"rotation": [7.5, 0, 0],
							"uv": {
								"north": {"uv": [97, 102], "uv_size": [3, 7]},
								"east": {"uv": [103, 0], "uv_size": [3, 7]},
								"south": {"uv": [103, 7], "uv_size": [3, 7]},
								"west": {"uv": [103, 14], "uv_size": [3, 7]},
								"up": {"uv": [12, 109], "uv_size": [3, 3]},
								"down": {"uv": [109, 16], "uv_size": [3, -3]}
							}
						}
					]
				},
				{
					"name": "back_left_hoof",
					"parent": "back_left_calf",
					"pivot": [-3.61552, 2.68582, 11.24776],
					"cubes": [
						{
							"origin": [-5.16417, -0.00034, 9.81562],
							"size": [3.09729, 3.09729, 3.09728],
							"inflate": 0.01,
							"uv": {
								"north": {"uv": [99, 81], "uv_size": [3, 3]},
								"east": {"uv": [104, 106], "uv_size": [3, 3]},
								"south": {"uv": [107, 20], "uv_size": [3, 3]},
								"west": {"uv": [107, 23], "uv_size": [3, 3]},
								"up": {"uv": [32, 107], "uv_size": [3, 3]},
								"down": {"uv": [107, 37], "uv_size": [3, -3]}
							}
						}
					]
				},
				{
					"name": "back_left_shoe",
					"parent": "back_left_hoof",
					"pivot": [-0.51651, 17.56109, 21.47451],
					"cubes": [
						{
							"origin": [-5.16548, -0.00165, 9.81429],
							"size": [3.09992, 0.7264, 3.09993],
							"inflate": 0.05,
							"uv": {
								"north": {"uv": [25, 61], "uv_size": [3, 1]},
								"east": {"uv": [105, 59], "uv_size": [3, 1]},
								"south": {"uv": [109, 50], "uv_size": [3, 1]},
								"west": {"uv": [109, 51], "uv_size": [3, 1]},
								"up": {"uv": [45, 107], "uv_size": [3, 3]},
								"down": {"uv": [48, 110], "uv_size": [3, -3]}
							}
						}
					]
				},
				{
					"name": "back_left_leg",
					"parent": "body",
					"pivot": [3.61552, 22.72612, 8.76856],
					"cubes": [
						{
							"origin": [1.13717, 14.54174, 4.8452],
							"size": [4.95668, 10.98372, 8.5722],
							"inflate": 0.01,
							"uv": {
								"north": {"uv": [67, 85], "uv_size": [4, 10]},
								"east": {"uv": [42, 64], "uv_size": [8, 10]},
								"south": {"uv": [71, 85], "uv_size": [4, 10]},
								"west": {"uv": [57, 65], "uv_size": [8, 10]},
								"up": {"uv": [55, 91], "uv_size": [4, 8]},
								"down": {"uv": [91, 71], "uv_size": [4, -8]}
							}
						}
					]
				},
				{
					"name": "back_right_calf",
					"parent": "back_left_leg",
					"pivot": [3.61552, 16.60005, 11.60931],
					"cubes": [
						{
							"origin": [1.65401, 10.33005, 8.98954],
							"size": [3.92302, 7.23104, 5.47253],
							"uv": {
								"north": {"uv": [98, 84], "uv_size": [4, 6]},
								"east": {"uv": [93, 55], "uv_size": [5, 6]},
								"south": {"uv": [99, 40], "uv_size": [4, 6]},
								"west": {"uv": [75, 93], "uv_size": [5, 6]},
								"up": {"uv": [104, 88], "uv_size": [4, 5]},
								"down": {"uv": [104, 98], "uv_size": [4, -5]}
							}
						},
						{
							"origin": [2.1705, 2.066, 11.05556],
							"size": [2.89003, 8.26405, 3.40651],
							"uv": {
								"north": {"uv": [67, 100], "uv_size": [3, 7]},
								"east": {"uv": [70, 100], "uv_size": [3, 7]},
								"south": {"uv": [25, 101], "uv_size": [3, 7]},
								"west": {"uv": [36, 101], "uv_size": [3, 7]},
								"up": {"uv": [41, 108], "uv_size": [3, 3]},
								"down": {"uv": [108, 62], "uv_size": [3, -3]}
							}
						}
					]
				},
				{
					"name": "back_left_feathering",
					"parent": "back_right_calf",
					"pivot": [3.09901, 9.05965, 13.32912],
					"cubes": [
						{
							"origin": [2.16702, 0.63716, 11.69272],
							"size": [2.8896, 8.68418, 3.4061],
							"inflate": -0.01,
							"pivot": [3.61181, 4.67302, 13.29126],
							"rotation": [7.5, 0, 0],
							"uv": {
								"north": {"uv": [12, 102], "uv_size": [3, 7]},
								"east": {"uv": [102, 46], "uv_size": [3, 7]},
								"south": {"uv": [102, 53], "uv_size": [3, 7]},
								"west": {"uv": [102, 81], "uv_size": [3, 7]},
								"up": {"uv": [9, 109], "uv_size": [3, 3]},
								"down": {"uv": [109, 13], "uv_size": [3, -3]}
							}
						}
					]
				},
				{
					"name": "back_right_hoof",
					"parent": "back_right_calf",
					"pivot": [3.61552, 2.68582, 11.24776],
					"cubes": [
						{
							"origin": [2.06688, -0.00034, 9.81562],
							"size": [3.09728, 3.09729, 3.09728],
							"inflate": 0.01,
							"uv": {
								"north": {"uv": [108, 71], "uv_size": [3, 3]},
								"east": {"uv": [108, 77], "uv_size": [3, 3]},
								"south": {"uv": [108, 87], "uv_size": [3, 3]},
								"west": {"uv": [108, 90], "uv_size": [3, 3]},
								"up": {"uv": [108, 93], "uv_size": [3, 3]},
								"down": {"uv": [108, 99], "uv_size": [3, -3]}
							}
						}
					]
				},
				{
					"name": "back_right_shoe",
					"parent": "back_right_hoof",
					"pivot": [0.51651, 17.56109, 21.47451],
					"cubes": [
						{
							"origin": [2.06556, -0.00165, 9.81429],
							"size": [3.09992, 0.7264, 3.09993],
							"inflate": 0.05,
							"uv": {
								"north": {"uv": [109, 67], "uv_size": [3, 1]},
								"east": {"uv": [109, 68], "uv_size": [3, 1]},
								"south": {"uv": [109, 69], "uv_size": [3, 1]},
								"west": {"uv": [109, 70], "uv_size": [3, 1]},
								"up": {"uv": [108, 99], "uv_size": [3, 3]},
								"down": {"uv": [100, 111], "uv_size": [3, -3]}
							}
						}
					]
				},
				{
					"name": "neck",
					"parent": "body",
					"pivot": [0, 23.79448, -12.25572],
					"rotation": [-2.5, 0, 0],
					"cubes": [
						{
							"origin": [-2.58251, 22.56571, -17.77226],
							"size": [5.16502, 6.70854, 9.09706],
							"pivot": [0, 25.24673, -11.77422],
							"rotation": [-22.5, 0, 0],
							"uv": {
								"north": {"uv": [38, 95], "uv_size": [4, 6]},
								"east": {"uv": [14, 78], "uv_size": [8, 6]},
								"south": {"uv": [97, 30], "uv_size": [4, 6]},
								"west": {"uv": [22, 78], "uv_size": [8, 6]},
								"up": {"uv": [89, 0], "uv_size": [4, 8]},
								"down": {"uv": [89, 63], "uv_size": [4, -8]}
							}
						},
						{
							"origin": [-2.58218, 26.87262, -25.45476],
							"size": [5.16436, 6.55707, 8.97389],
							"inflate": -0.01,
							"pivot": [0, 29.21849, -24.42209],
							"rotation": [-15, 0, 0],
							"uv": {
								"north": {"uv": [97, 90], "uv_size": [4, 6]},
								"east": {"uv": [79, 36], "uv_size": [8, 6]},
								"south": {"uv": [93, 97], "uv_size": [4, 6]},
								"west": {"uv": [51, 80], "uv_size": [8, 6]},
								"up": {"uv": [85, 90], "uv_size": [4, 8]},
								"down": {"uv": [89, 98], "uv_size": [4, -8]}
							}
						},
						{
							"origin": [-2.58185, 24.26477, -25.01493],
							"size": [5.1637, 4.86681, 14.46075],
							"inflate": -0.02,
							"pivot": [0, 25.00023, -18.71426],
							"rotation": [-34.5, 0, 0],
							"uv": {
								"north": {"uv": [101, 30], "uv_size": [4, 5]},
								"east": {"uv": [73, 56], "uv_size": [12, 5]},
								"south": {"uv": [103, 21], "uv_size": [4, 5]},
								"west": {"uv": [51, 75], "uv_size": [12, 5]},
								"up": {"uv": [59, 80], "uv_size": [4, 12]},
								"down": {"uv": [81, 12], "uv_size": [4, -12]}
							}
						}
					]
				},
				{
					"name": "neck_armor",
					"parent": "neck",
					"pivot": [0, 28.86224, -23.75709],
					"cubes": [
						{
							"origin": [-3.09901, 23.18073, -17.97226],
							"size": [6.19802, 6.40462, 9.29706],
							"pivot": [0, 25.24673, -11.77422],
							"rotation": [-30, 0, 0],
							"uv": {
								"north": {"uv": [80, 93], "uv_size": [5, 6]},
								"east": {"uv": [42, 81], "uv_size": [8, 6]},
								"south": {"uv": [93, 84], "uv_size": [5, 6]},
								"west": {"uv": [82, 27], "uv_size": [8, 6]},
								"up": {"uv": [75, 85], "uv_size": [5, 8]},
								"down": {"uv": [80, 93], "uv_size": [5, -8]}
							}
						},
						{
							"origin": [-3.09869, 27.31307, -24.78976],
							"size": [6.19738, 5.88747, 9.29639],
							"inflate": -0.01,
							"pivot": [0, 28.86224, -23.75709],
							"rotation": [-7.5, 0, 0],
							"uv": {
								"north": {"uv": [95, 66], "uv_size": [5, 5]},
								"east": {"uv": [85, 85], "uv_size": [8, 5]},
								"south": {"uv": [68, 95], "uv_size": [5, 5]},
								"west": {"uv": [50, 86], "uv_size": [8, 5]},
								"up": {"uv": [86, 66], "uv_size": [5, 8]},
								"down": {"uv": [87, 41], "uv_size": [5, -8]}
							}
						}
					]
				},
				{
					"name": "mane",
					"parent": "neck",
					"pivot": [0, 31.51673, -15.0137]
				},
				{
					"name": "roached",
					"parent": "mane",
					"pivot": [0, 28.54872, -15.3272],
					"cubes": [
						{
							"origin": [-0.92937, 32.34312, -24.03958],
							"size": [1.85874, 2.09747, 10.02069],
							"inflate": -0.01,
							"pivot": [0, 33.26132, -20.02068],
							"rotation": [-15.5, 0, 0],
							"uv": {
								"north": {"uv": [84, 66], "uv_size": [2, 1]},
								"east": {"uv": [63, 76], "uv_size": [9, 1]},
								"south": {"uv": [87, 55], "uv_size": [2, 1]},
								"west": {"uv": [88, 22], "uv_size": [9, 1]},
								"up": {"uv": [29, 32], "uv_size": [2, 9]},
								"down": {"uv": [18, 45], "uv_size": [2, -9]}
							}
						},
						{
							"origin": [-0.92971, 29.22813, -14.87663],
							"size": [1.85942, 2.3819, 8.98835],
							"pivot": [0, 30.26832, -11.38063],
							"rotation": [-22, 0, 0],
							"uv": {
								"north": {"uv": [39, 42], "uv_size": [2, 2]},
								"east": {"uv": [71, 36], "uv_size": [8, 2]},
								"south": {"uv": [61, 20], "uv_size": [2, 2]},
								"west": {"uv": [72, 27], "uv_size": [8, 2]},
								"up": {"uv": [12, 85], "uv_size": [2, 8]},
								"down": {"uv": [83, 107], "uv_size": [2, -8]}
							}
						}
					]
				},
				{
					"name": "buttons",
					"parent": "mane",
					"pivot": [0, 28.65322, -15.2227],
					"cubes": [
						{
							"origin": [-0.92937, 32.28876, -24.18108],
							"size": [1.85874, 1.44554, 1.85876],
							"inflate": -0.01,
							"pivot": [0, 33.05354, -19.86079],
							"rotation": [-15, 0, 0],
							"uv": {
								"north": {"uv": [97, 40], "uv_size": [2, 1]},
								"east": {"uv": [98, 60], "uv_size": [2, 1]},
								"south": {"uv": [61, 99], "uv_size": [2, 1]},
								"west": {"uv": [36, 100], "uv_size": [2, 1]},
								"up": {"uv": [100, 49], "uv_size": [2, 2]},
								"down": {"uv": [28, 103], "uv_size": [2, -2]}
							}
						},
						{
							"origin": [-0.92937, 29.22211, -8.41212],
							"size": [1.85874, 1.75545, 1.85875],
							"inflate": -0.01,
							"pivot": [0, 30.05783, -10.87365],
							"rotation": [-157.5, 0, -180],
							"uv": {
								"north": {"uv": [109, 28], "uv_size": [2, 2]},
								"east": {"uv": [29, 109], "uv_size": [2, 2]},
								"south": {"uv": [109, 30], "uv_size": [2, 2]},
								"west": {"uv": [109, 32], "uv_size": [2, 2]},
								"up": {"uv": [109, 43], "uv_size": [2, 2]},
								"down": {"uv": [109, 47], "uv_size": [2, -2]}
							}
						},
						{
							"origin": [-0.92937, 29.30272, -11.75687],
							"size": [1.85874, 1.54885, 1.85875],
							"inflate": -0.01,
							"pivot": [0, 30.05783, -10.87365],
							"rotation": [-157.5, 0, -180],
							"uv": {
								"north": {"uv": [103, 109], "uv_size": [2, 1]},
								"east": {"uv": [105, 109], "uv_size": [2, 1]},
								"south": {"uv": [107, 109], "uv_size": [2, 1]},
								"west": {"uv": [109, 109], "uv_size": [2, 1]},
								"up": {"uv": [109, 26], "uv_size": [2, 2]},
								"down": {"uv": [27, 111], "uv_size": [2, -2]}
							}
						},
						{
							"origin": [-0.92937, 29.29304, -15.19393],
							"size": [1.85874, 1.44555, 1.85875],
							"inflate": -0.01,
							"pivot": [0, 30.05783, -10.87365],
							"rotation": [-157.5, 0, -180],
							"uv": {
								"north": {"uv": [103, 66], "uv_size": [2, 1]},
								"east": {"uv": [105, 34], "uv_size": [2, 1]},
								"south": {"uv": [83, 109], "uv_size": [2, 1]},
								"west": {"uv": [97, 109], "uv_size": [2, 1]},
								"up": {"uv": [20, 109], "uv_size": [2, 2]},
								"down": {"uv": [22, 111], "uv_size": [2, -2]}
							}
						},
						{
							"origin": [-0.92937, 32.29844, -20.74402],
							"size": [1.85874, 1.54885, 1.85875],
							"inflate": -0.01,
							"pivot": [0, 33.05354, -19.86079],
							"rotation": [-15, 0, 0],
							"uv": {
								"north": {"uv": [100, 51], "uv_size": [2, 1]},
								"east": {"uv": [101, 35], "uv_size": [2, 1]},
								"south": {"uv": [28, 103], "uv_size": [2, 1]},
								"west": {"uv": [103, 45], "uv_size": [2, 1]},
								"up": {"uv": [91, 101], "uv_size": [2, 2]},
								"down": {"uv": [102, 90], "uv_size": [2, -2]}
							}
						},
						{
							"origin": [-0.92937, 32.21782, -17.39927],
							"size": [1.85874, 1.75545, 1.85876],
							"inflate": -0.01,
							"pivot": [0, 33.05354, -19.86079],
							"rotation": [-15, 0, 0],
							"uv": {
								"north": {"uv": [103, 64], "uv_size": [2, 2]},
								"east": {"uv": [107, 43], "uv_size": [2, 2]},
								"south": {"uv": [83, 107], "uv_size": [2, 2]},
								"west": {"uv": [18, 108], "uv_size": [2, 2]},
								"up": {"uv": [108, 62], "uv_size": [2, 2]},
								"down": {"uv": [109, 18], "uv_size": [2, -2]}
							}
						}
					]
				},
				{
					"name": "long",
					"parent": "mane",
					"pivot": [0, 31.71597, -14.99627],
					"cubes": [
						{
							"origin": [-0.92937, 27.63998, -24.93863],
							"size": [4.23825, 4.95776, 9.6063],
							"inflate": -0.01,
							"pivot": [1.18976, 31.21734, -20.15284],
							"rotation": [-15, 0, 0],
							"uv": {
								"north": {"uv": [106, 10], "uv_size": [3, 4]},
								"east": {"uv": [22, 14], "uv_size": [8, 4]},
								"south": {"uv": [106, 14], "uv_size": [3, 4]},
								"west": {"uv": [89, 77], "uv_size": [8, 4]},
								"up": {"uv": [77, 99], "uv_size": [3, 8]},
								"down": {"uv": [80, 107], "uv_size": [3, -8]}
							}
						},
						{
							"origin": [-0.92971, 32.51861, -28.17028],
							"size": [1.85942, 0.51649, 4.13202],
							"pivot": [0, 32.77685, -26.10428],
							"rotation": [17.5, 0, 0],
							"uv": {
								"north": {"uv": [110, 7], "uv_size": [2, 1]},
								"east": {"uv": [89, 9], "uv_size": [4, 1]},
								"south": {"uv": [110, 8], "uv_size": [2, 1]},
								"west": {"uv": [91, 45], "uv_size": [4, 1]},
								"up": {"uv": [70, 14], "uv_size": [2, 4]},
								"down": {"uv": [70, 18], "uv_size": [2, -4]}
							}
						},
						{
							"origin": [-0.92971, 24.7277, -16.71714],
							"size": [4.23892, 5.16503, 8.88385],
							"pivot": [1.18975, 27.40532, -12.30611],
							"rotation": [-23, 0, 0],
							"uv": {
								"north": {"uv": [85, 106], "uv_size": [3, 4]},
								"east": {"uv": [90, 26], "uv_size": [8, 4]},
								"south": {"uv": [88, 106], "uv_size": [3, 4]},
								"west": {"uv": [91, 41], "uv_size": [8, 4]},
								"up": {"uv": [100, 6], "uv_size": [3, 8]},
								"down": {"uv": [100, 22], "uv_size": [3, -8]}
							}
						}
					]
				},
				{
					"name": "short",
					"parent": "mane",
					"pivot": [0, 28.54872, -15.3272],
					"cubes": [
						{
							"origin": [-0.92937, 32.42196, -24.13377],
							"size": [1.85874, 1.55596, 9.69294],
							"inflate": -0.01,
							"pivot": [0, 32.91234, -20.17202],
							"rotation": [-15, 0, 0],
							"uv": {
								"north": {"uv": [84, 66], "uv_size": [2, 1]},
								"east": {"uv": [63, 76], "uv_size": [9, 1]},
								"south": {"uv": [87, 55], "uv_size": [2, 1]},
								"west": {"uv": [88, 22], "uv_size": [9, 1]},
								"up": {"uv": [29, 32], "uv_size": [2, 9]},
								"down": {"uv": [18, 45], "uv_size": [2, -9]}
							}
						},
						{
							"origin": [-0.92971, 29.48582, -15.86316],
							"size": [1.85942, 1.65041, 9.35884],
							"pivot": [0, 30.12544, -11.43978],
							"rotation": [-22.5, 0, 0],
							"uv": {
								"north": {"uv": [39, 42], "uv_size": [2, 2]},
								"east": {"uv": [71, 36], "uv_size": [8, 2]},
								"south": {"uv": [61, 20], "uv_size": [2, 2]},
								"west": {"uv": [72, 27], "uv_size": [8, 2]},
								"up": {"uv": [12, 85], "uv_size": [2, 8]},
								"down": {"uv": [83, 107], "uv_size": [2, -8]}
							}
						}
					]
				},
				{
					"name": "wagon_harness",
					"parent": "neck",
					"pivot": [-0.03126, 28.8521, -9.17101],
					"rotation": [157.5, 0, 0],
					"cubes": [
						{
							"origin": [-4.31887, 34.74507, -13.88244],
							"size": [8.48768, 5.09756, 14.75388],
							"pivot": [-0.07504, 35.04002, -3.86639],
							"rotation": [67.50008, -0.00168, 0.01959],
							"uv": {
								"north": {"uv": [52, 40], "uv_size": [7, 4]},
								"east": {"uv": [63, 77], "uv_size": [13, 4]},
								"south": {"uv": [59, 50], "uv_size": [7, 4]},
								"west": {"uv": [76, 77], "uv_size": [13, 4]},
								"up": {"uv": [50, 55], "uv_size": [7, 13]},
								"down": {"uv": [18, 70], "uv_size": [7, -13]}
							}
						},
						{
							"origin": [-1.54538, 26.57521, -9.08583],
							"size": [4.31209, 1.00143, 1.00144],
							"pivot": [-0.00916, 26.47432, -10.16981],
							"rotation": [-105.16911, 24.62796, 112.83685],
							"uv": {
								"north": {"uv": [95, 45], "uv_size": [4, 1]},
								"east": {"uv": [56, 74], "uv_size": [1, 1]},
								"south": {"uv": [108, 6], "uv_size": [4, 1]},
								"west": {"uv": [83, 14], "uv_size": [1, 1]},
								"up": {"uv": [108, 74], "uv_size": [4, 1]},
								"down": {"uv": [108, 81], "uv_size": [4, -1]}
							}
						},
						{
							"origin": [-2.78503, 26.57521, -9.08583],
							"size": [4.31211, 1.00143, 1.00144],
							"pivot": [-0.00916, 26.47432, -10.16981],
							"rotation": [-105.16911, -24.62796, -112.83685],
							"uv": {
								"north": {"uv": [108, 105], "uv_size": [4, 1]},
								"east": {"uv": [83, 15], "uv_size": [1, 1]},
								"south": {"uv": [109, 47], "uv_size": [4, 1]},
								"west": {"uv": [83, 16], "uv_size": [1, 1]},
								"up": {"uv": [109, 48], "uv_size": [4, 1]},
								"down": {"uv": [109, 50], "uv_size": [4, -1]}
							}
						}
					]
				},
				{
					"name": "head",
					"parent": "neck",
					"pivot": [0, 31.43954, -24.1113],
					"rotation": [35, 0, 0],
					"cubes": [
						{
							"origin": [-3.10152, 31.13598, -32.02699],
							"size": [6.20304, 2.57663, 8.27741],
							"uv": {
								"north": {"uv": [34, 62], "uv_size": [5, 2]},
								"east": {"uv": [103, 75], "uv_size": [7, 2]},
								"south": {"uv": [106, 18], "uv_size": [5, 2]},
								"west": {"uv": [105, 57], "uv_size": [7, 2]},
								"up": {"uv": [51, 68], "uv_size": [5, 7]},
								"down": {"uv": [42, 94], "uv_size": [5, -7]}
							}
						},
						{
							"origin": [-3.10152, 28.00719, -32.20581],
							"size": [6.20304, 3.35139, 4.46016],
							"inflate": -0.1,
							"pivot": [0, 29.3, -29.6],
							"rotation": [-3, 0, 0],
							"uv": {
								"north": {"uv": [82, 33], "uv_size": [5, 3]},
								"east": {"uv": [105, 68], "uv_size": [4, 3]},
								"south": {"uv": [91, 71], "uv_size": [5, 3]},
								"west": {"uv": [106, 7], "uv_size": [4, 3]},
								"up": {"uv": [68, 46], "uv_size": [5, 4]},
								"down": {"uv": [100, 71], "uv_size": [5, -4]}
							}
						},
						{
							"origin": [-3.55958, 26.88275, -29.95521],
							"size": [7.11916, 4.19079, 6.08307],
							"pivot": [0, 28.8258, -25.64364],
							"rotation": [-2.5, 0, 0],
							"uv": {
								"north": {"uv": [66, 61], "uv_size": [6, 4]},
								"east": {"uv": [104, 98], "uv_size": [4, 4]},
								"south": {"uv": [93, 6], "uv_size": [6, 4]},
								"west": {"uv": [100, 104], "uv_size": [4, 4]},
								"up": {"uv": [97, 22], "uv_size": [6, 4]},
								"down": {"uv": [97, 40], "uv_size": [6, -4]}
							}
						}
					]
				},
				{
					"name": "saddle2",
					"parent": "head",
					"pivot": [0, 28.87552, -33.36389],
					"cubes": [
						{
							"origin": [-3.57043, 28.78405, -34.77524],
							"size": [7.14087, 1.19599, 1.19598],
							"pivot": [0, 28.87552, -34.09539],
							"rotation": [15, 0, 0],
							"uv": {
								"north": {"uv": [59, 54], "uv_size": [6, 1]},
								"east": {"uv": [30, 17], "uv_size": [1, 1]},
								"south": {"uv": [18, 70], "uv_size": [6, 1]},
								"west": {"uv": [28, 52], "uv_size": [1, 1]},
								"up": {"uv": [71, 38], "uv_size": [6, 1]},
								"down": {"uv": [84, 27], "uv_size": [6, -1]}
							}
						},
						{
							"origin": [2.60801, 26.72676, -34.98953],
							"size": [0.89454, 2.4577, 1.11682],
							"pivot": [0, 28.87552, -34.09539],
							"rotation": [-47.5, 0, 0],
							"uv": {
								"north": {"uv": [50, 71], "uv_size": [1, 2]},
								"east": {"uv": [56, 72], "uv_size": [1, 2]},
								"south": {"uv": [50, 81], "uv_size": [1, 2]},
								"west": {"uv": [83, 12], "uv_size": [1, 2]},
								"up": {"uv": [33, 73], "uv_size": [1, 1]},
								"down": {"uv": [50, 74], "uv_size": [1, -1]}
							}
						},
						{
							"origin": [-3.50255, 26.72676, -34.98953],
							"size": [0.89454, 2.4577, 1.11682],
							"pivot": [0, 28.87552, -34.09539],
							"rotation": [-47.5, 0, 0],
							"uv": {
								"north": {"uv": [41, 42], "uv_size": [1, 2]},
								"east": {"uv": [56, 68], "uv_size": [1, 2]},
								"south": {"uv": [56, 70], "uv_size": [1, 2]},
								"west": {"uv": [33, 71], "uv_size": [1, 2]},
								"up": {"uv": [65, 54], "uv_size": [1, 1]},
								"down": {"uv": [24, 71], "uv_size": [1, -1]}
							}
						}
					]
				},
				{
					"name": "reins",
					"parent": "saddle2",
					"pivot": [0, 26.82771, -34.63226],
					"rotation": [-40, 0, 0]
				},
				{
					"name": "right",
					"parent": "reins",
					"pivot": [3.41737, 26.88613, -35.44505],
					"rotation": [-2.5, 0, 0],
					"cubes": [
						{
							"origin": [3.4147, 24.24698, -35.20699],
							"size": [0.00534, 3.11937, 15.67756],
							"inflate": 0.01,
							"pivot": [-0.63378, 26.50867, -35.11598],
							"rotation": [22.5, 0, 0],
							"uv": {
								"north": {"uv": [0, 123], "uv_size": [4, 0]},
								"east": {"uv": [84, 23], "uv_size": [13, 3]},
								"south": {"uv": [0, 123], "uv_size": [4, 0]},
								"west": {"uv": [86, 74], "uv_size": [13, 3]},
								"up": {"uv": [4, 123], "uv_size": [-4, 5]},
								"down": {"uv": [4, 128], "uv_size": [-4, -5]}
							}
						}
					]
				},
				{
					"name": "bone3",
					"parent": "right",
					"pivot": [3.41737, 31.24253, -20.03875],
					"cubes": [
						{
							"origin": [3.4147, 31.1824, -21.20723],
							"size": [0.00534, 3.11938, 14.55869],
							"inflate": 0.01,
							"pivot": [-0.63378, 33.33035, -18.93457],
							"rotation": [27.5, 0, 0],
							"uv": {
								"north": {"uv": [0, 123], "uv_size": [4, 0]},
								"east": {"uv": [88, 10], "uv_size": [12, 3]},
								"south": {"uv": [0, 123], "uv_size": [4, 0]},
								"west": {"uv": [88, 13], "uv_size": [12, 3]},
								"up": {"uv": [4, 123], "uv_size": [-4, 4]},
								"down": {"uv": [4, 127], "uv_size": [-4, -4]}
							}
						}
					]
				},
				{
					"name": "left",
					"parent": "reins",
					"pivot": [-3.41737, 26.88613, -35.44505],
					"rotation": [-2.5, 0, 0],
					"cubes": [
						{
							"origin": [-3.42004, 24.24698, -35.20699],
							"size": [0.00533, 3.11937, 15.67756],
							"inflate": 0.01,
							"pivot": [0.63378, 26.50867, -35.11598],
							"rotation": [22.5, 0, 0],
							"uv": {
								"north": {"uv": [0, 123], "uv_size": [4, 0]},
								"east": {"uv": [87, 46], "uv_size": [13, 3]},
								"south": {"uv": [0, 123], "uv_size": [4, 0]},
								"west": {"uv": [87, 49], "uv_size": [13, 3]},
								"up": {"uv": [4, 123], "uv_size": [-4, 5]},
								"down": {"uv": [4, 128], "uv_size": [-4, -5]}
							}
						}
					]
				},
				{
					"name": "bone2",
					"parent": "left",
					"pivot": [-3.41737, 31.24253, -20.03875],
					"cubes": [
						{
							"origin": [-3.42004, 31.1824, -21.20723],
							"size": [0.00533, 3.11938, 14.55869],
							"inflate": 0.01,
							"pivot": [0.63378, 33.33035, -18.93457],
							"rotation": [27.5, 0, 0],
							"uv": {
								"north": {"uv": [0, 123], "uv_size": [4, 0]},
								"east": {"uv": [88, 16], "uv_size": [12, 3]},
								"south": {"uv": [0, 123], "uv_size": [4, 0]},
								"west": {"uv": [88, 19], "uv_size": [12, 3]},
								"up": {"uv": [4, 123], "uv_size": [-4, 4]},
								"down": {"uv": [4, 127], "uv_size": [-4, -4]}
							}
						}
					]
				},
				{
					"name": "right_ear",
					"parent": "head",
					"pivot": [-1.92293, 33.38355, -24.38229],
					"cubes": [
						{
							"origin": [-3.16354, 33.41261, -25.00259],
							"size": [2.4812, 3.72182, 1.2406],
							"inflate": -0.2,
							"uv": {
								"north": {"uv": [89, 63], "uv_size": [2, 3]},
								"east": {"uv": [30, 14], "uv_size": [1, 3]},
								"south": {"uv": [90, 30], "uv_size": [2, 3]},
								"west": {"uv": [28, 46], "uv_size": [1, 3]},
								"up": {"uv": [29, 41], "uv_size": [2, 1]},
								"down": {"uv": [18, 46], "uv_size": [2, -1]}
							}
						}
					]
				},
				{
					"name": "left_ear",
					"parent": "head",
					"pivot": [1.92293, 33.38355, -24.38229],
					"cubes": [
						{
							"origin": [0.68234, 33.41261, -25.00259],
							"size": [2.4812, 3.72182, 1.2406],
							"inflate": -0.2,
							"uv": {
								"north": {"uv": [91, 98], "uv_size": [2, 3]},
								"east": {"uv": [28, 49], "uv_size": [1, 3]},
								"south": {"uv": [100, 46], "uv_size": [2, 3]},
								"west": {"uv": [50, 68], "uv_size": [1, 3]},
								"up": {"uv": [63, 75], "uv_size": [2, 1]},
								"down": {"uv": [77, 39], "uv_size": [2, -1]}
							}
						}
					]
				},
				{
					"name": "mouth",
					"parent": "head",
					"pivot": [0, 31.04925, -31.62478],
					"rotation": [-7.5, 0, 0],
					"cubes": [
						{
							"origin": [-2.86292, 28.76687, -36.62016],
							"size": [5.72584, 4.97242, 5.66812],
							"inflate": -0.3,
							"pivot": [0, 29.89603, -33.74824],
							"rotation": [4.5, 0, 0],
							"uv": {
								"north": {"uv": [103, 60], "uv_size": [5, 4]},
								"east": {"uv": [103, 71], "uv_size": [5, 4]},
								"south": {"uv": [91, 103], "uv_size": [5, 4]},
								"west": {"uv": [15, 104], "uv_size": [5, 4]},
								"up": {"uv": [92, 36], "uv_size": [5, 5]},
								"down": {"uv": [33, 100], "uv_size": [5, -5]}
							}
						}
					]
				},
				{
					"name": "jaw",
					"parent": "mouth",
					"pivot": [0, 27.7874, -31.28532],
					"cubes": [
						{
							"origin": [-2.33805, 28.22322, -36.08624],
							"size": [4.6761, 1.45184, 5.54406],
							"inflate": -0.1,
							"pivot": [0, 27.9874, -31.18532],
							"rotation": [7, 0, 0],
							"uv": {
								"north": {"uv": [87, 41], "uv_size": [4, 1]},
								"east": {"uv": [63, 39], "uv_size": [5, 1]},
								"south": {"uv": [89, 8], "uv_size": [4, 1]},
								"west": {"uv": [87, 84], "uv_size": [5, 1]},
								"up": {"uv": [20, 104], "uv_size": [4, 5]},
								"down": {"uv": [28, 109], "uv_size": [4, -5]}
							}
						}
					]
				},
				{
					"name": "tail",
					"parent": "body",
					"pivot": [0, 26.19325, 14.65539],
					"cubes": [
						{
							"origin": [-2.06766, 15.34505, 14.3955],
							"size": [4.13532, 11.36636, 4.65183],
							"inflate": 0.05,
							"uv": {
								"north": {"uv": [34, 85], "uv_size": [4, 10]},
								"east": {"uv": [38, 85], "uv_size": [4, 10]},
								"south": {"uv": [85, 56], "uv_size": [4, 10]},
								"west": {"uv": [63, 85], "uv_size": [4, 10]},
								"up": {"uv": [104, 102], "uv_size": [4, 4]},
								"down": {"uv": [105, 34], "uv_size": [4, -4]}
							}
						}
					]
				},
				{
					"name": "tail_2",
					"parent": "tail",
					"pivot": [0, 16.37971, 16.72142],
					"cubes": [
						{
							"origin": [-1.55116, 7.08101, 14.912],
							"size": [3.10232, 10.33335, 3.61882],
							"inflate": 0.05,
							"uv": {
								"north": {"uv": [16, 95], "uv_size": [3, 9]},
								"east": {"uv": [19, 95], "uv_size": [3, 9]},
								"south": {"uv": [22, 95], "uv_size": [3, 9]},
								"west": {"uv": [30, 95], "uv_size": [3, 9]},
								"up": {"uv": [107, 37], "uv_size": [3, 3]},
								"down": {"uv": [107, 43], "uv_size": [3, -3]}
							}
						}
					]
				}
			]
		}
	]
}