{
	"format_version": "1.12.0",
	"minecraft:geometry": [
		{
			"description": {
				"identifier": "geometry.unknown",
				"texture_width": 128,
				"texture_height": 128,
				"visible_bounds_width": 4,
				"visible_bounds_height": 3.5,
				"visible_bounds_offset": [0, 1.25, 0]
			},
			"bones": [
				{
					"name": "body",
					"pivot": [0, 18.94261, 0]
				},
				{
					"name": "body_piv",
					"parent": "body",
					"pivot": [0, 18.7426, 0],
					"cubes": [
						{
							"origin": [-4.94261, 13.1393, -3.95409],
							"size": [9.88522, 12.36226, 7.90818],
							"inflate": 0.2,
							"uv": {
								"north": {"uv": [52, 0], "uv_size": [9, 11]},
								"east": {"uv": [65, 65], "uv_size": [7, 11]},
								"south": {"uv": [52, 11], "uv_size": [9, 11]},
								"west": {"uv": [66, 50], "uv_size": [7, 11]},
								"up": {"uv": [33, 74], "uv_size": [9, 7]},
								"down": {"uv": [42, 81], "uv_size": [9, -7]}
							}
						},
						{
							"origin": [0.29713, 13.56, -14.23414],
							"size": [4.94146, 12.36111, 10.77374],
							"inflate": 0.25,
							"pivot": [0, 20.13883, -7.90817],
							"rotation": [-5, 0, 0],
							"uv": {
								"north": {"uv": [18, 84], "uv_size": [4, 11]},
								"east": {"uv": [42, 33], "uv_size": [10, 11]},
								"south": {"uv": [22, 84], "uv_size": [4, 11]},
								"west": {"uv": [39, 44], "uv_size": [10, 11]},
								"up": {"uv": [8, 85], "uv_size": [4, 10]},
								"down": {"uv": [30, 95], "uv_size": [4, -10]}
							}
						},
						{
							"origin": [-5.23859, 13.56, -14.23414],
							"size": [4.94146, 12.36111, 10.77374],
							"inflate": 0.25,
							"pivot": [0, 20.13883, -7.90817],
							"rotation": [-5, 0, 0],
							"uv": {
								"north": {"uv": [84, 12], "uv_size": [4, 11]},
								"east": {"uv": [52, 22], "uv_size": [-10, 11]},
								"south": {"uv": [14, 84], "uv_size": [4, 11]},
								"west": {"uv": [29, 42], "uv_size": [10, 11]},
								"up": {"uv": [26, 84], "uv_size": [4, 10]},
								"down": {"uv": [0, 95], "uv_size": [4, -10]}
							}
						},
						{
							"origin": [-5.13974, 13.64672, 3.46956],
							"size": [10.27948, 12.36111, 10.87259],
							"inflate": 0.25,
							"pivot": [0, 20.07727, 8.90586],
							"rotation": [5, 0, 0],
							"uv": {
								"north": {"uv": [0, 50], "uv_size": [9, 11]},
								"east": {"uv": [42, 0], "uv_size": [10, 11]},
								"south": {"uv": [9, 50], "uv_size": [9, 11]},
								"west": {"uv": [42, 11], "uv_size": [10, 11]},
								"up": {"uv": [57, 55], "uv_size": [9, 10]},
								"down": {"uv": [59, 50], "uv_size": [9, -10]}
							}
						},
						{
							"origin": [-4.94261, 14.12782, -13.8393],
							"size": [9.88522, 11.37374, 9.88521],
							"inflate": 0.2,
							"uv": {
								"north": {"uv": [0, 61], "uv_size": [9, 10]},
								"east": {"uv": [61, 0], "uv_size": [9, 10]},
								"south": {"uv": [9, 61], "uv_size": [9, 10]},
								"west": {"uv": [61, 10], "uv_size": [9, 10]},
								"up": {"uv": [25, 62], "uv_size": [9, 9]},
								"down": {"uv": [63, 29], "uv_size": [9, -9]}
							}
						}
					]
				},
				{
					"name": "saddle",
					"parent": "body_piv",
					"pivot": [0, 22.61014, -2.88319],
					"cubes": [
						{
							"origin": [-6.22769, 19.57043, 1.97704],
							"size": [12.45538, 7.90817, 1.97705],
							"inflate": 0.2,
							"uv": {
								"north": {"uv": [71, 29], "uv_size": [11, 7]},
								"east": {"uv": [105, 81], "uv_size": [2, 7]},
								"south": {"uv": [72, 14], "uv_size": [11, 7]},
								"west": {"uv": [106, 0], "uv_size": [2, 7]},
								"up": {"uv": [98, 26], "uv_size": [11, 2]},
								"down": {"uv": [98, 30], "uv_size": [11, -2]}
							}
						},
						{
							"origin": [-6.12883, 19.57043, -4.94261],
							"size": [12.25766, 7.21621, 7.90817],
							"inflate": 0.2,
							"uv": {
								"north": {"uv": [70, 7], "uv_size": [11, 7]},
								"east": {"uv": [0, 78], "uv_size": [7, 7]},
								"south": {"uv": [0, 71], "uv_size": [11, 7]},
								"west": {"uv": [7, 78], "uv_size": [7, 7]},
								"up": {"uv": [11, 71], "uv_size": [11, 7]},
								"down": {"uv": [22, 78], "uv_size": [11, -7]}
							}
						},
						{
							"origin": [-6.62309, 17.59339, -5.93113],
							"size": [13.24618, 6.91965, 4.94261],
							"inflate": 0.2,
							"uv": {
								"north": {"uv": [72, 21], "uv_size": [12, 6]},
								"east": {"uv": [99, 71], "uv_size": [4, 6]},
								"south": {"uv": [72, 61], "uv_size": [12, 6]},
								"west": {"uv": [73, 99], "uv_size": [4, 6]},
								"up": {"uv": [79, 42], "uv_size": [12, 4]},
								"down": {"uv": [30, 85], "uv_size": [12, -4]}
							}
						},
						{
							"origin": [-6.22769, 19.57043, -6.91965],
							"size": [12.45538, 8.00703, 1.97704],
							"inflate": 0.2,
							"uv": {
								"north": {"uv": [68, 39], "uv_size": [11, 7]},
								"east": {"uv": [73, 105], "uv_size": [2, 7]},
								"south": {"uv": [70, 0], "uv_size": [11, 7]},
								"west": {"uv": [75, 105], "uv_size": [2, 7]},
								"up": {"uv": [97, 77], "uv_size": [11, 2]},
								"down": {"uv": [97, 81], "uv_size": [11, -2]}
							}
						},
						{
							"origin": [-6.62309, 13.6393, -5.43687],
							"size": [13.24618, 3.95409, 2.96557],
							"inflate": 0.2,
							"uv": {
								"north": {"uv": [63, 81], "uv_size": [12, 4]},
								"east": {"uv": [25, 57], "uv_size": [3, 4]},
								"south": {"uv": [75, 81], "uv_size": [12, 4]},
								"west": {"uv": [47, 87], "uv_size": [3, 4]},
								"up": {"uv": [87, 52], "uv_size": [12, 3]},
								"down": {"uv": [87, 84], "uv_size": [12, -3]}
							}
						},
						{
							"origin": [-1.08737, 27.57746, -6.91965],
							"size": [2.17474, 2.2736, 1.97704],
							"inflate": 0.2,
							"uv": {
								"north": {"uv": [70, 18], "uv_size": [2, 2]},
								"east": {"uv": [80, 27], "uv_size": [2, 2]},
								"south": {"uv": [81, 12], "uv_size": [2, 2]},
								"west": {"uv": [85, 10], "uv_size": [2, 2]},
								"up": {"uv": [12, 93], "uv_size": [2, 2]},
								"down": {"uv": [93, 63], "uv_size": [2, -2]}
							}
						}
					]
				},
				{
					"name": "body_armor",
					"parent": "body_piv",
					"pivot": [0, 17.59339, 0],
					"cubes": [
						{
							"origin": [-6.12883, 10.67374, -14.82782],
							"size": [12.25766, 15.9152, 9.88521],
							"inflate": 0.2,
							"uv": {
								"north": {"uv": [20, 18], "uv_size": [11, 14]},
								"east": {"uv": [20, 32], "uv_size": [9, 14]},
								"south": {"uv": [22, 0], "uv_size": [11, 14]},
								"west": {"uv": [33, 0], "uv_size": [9, 14]},
								"up": {"uv": [52, 22], "uv_size": [11, 9]},
								"down": {"uv": [52, 40], "uv_size": [11, -9]}
							}
						},
						{
							"origin": [-6.12883, 10.67374, 3.94261],
							"size": [12.25766, 15.9152, 10.98407],
							"inflate": 0.2,
							"uv": {
								"north": {"uv": [31, 14], "uv_size": [11, 14]},
								"east": {"uv": [0, 36], "uv_size": [9, 14]},
								"south": {"uv": [31, 28], "uv_size": [11, 14]},
								"west": {"uv": [9, 36], "uv_size": [9, 14]},
								"up": {"uv": [28, 53], "uv_size": [11, 9]},
								"down": {"uv": [39, 64], "uv_size": [11, -9]}
							}
						}
					]
				},
				{
					"name": "blanket",
					"parent": "body_armor",
					"pivot": [0, 23.52452, 0],
					"cubes": [
						{
							"origin": [-5.43687, 6.71965, -5.93113],
							"size": [10.87374, 19.77043, 11.86226],
							"inflate": 0.2,
							"uv": {
								"north": {"uv": [0, 18], "uv_size": [10, 18]},
								"east": {"uv": [0, 0], "uv_size": [11, 18]},
								"south": {"uv": [10, 18], "uv_size": [10, 18]},
								"west": {"uv": [11, 0], "uv_size": [11, 18]},
								"up": {"uv": [18, 46], "uv_size": [10, 11]},
								"down": {"uv": [49, 55], "uv_size": [10, -11]}
							}
						}
					]
				},
				{
					"name": "saddlebags",
					"parent": "body_piv",
					"pivot": [0, 22.536, 6.91966],
					"cubes": [
						{
							"origin": [-7.71047, 19.57043, 3.95409],
							"size": [15.42094, 5.93113, 5.93113],
							"inflate": 0.2,
							"uv": {
								"north": {"uv": [72, 67], "uv_size": [14, 5]},
								"east": {"uv": [95, 61], "uv_size": [5, 5]},
								"south": {"uv": [72, 72], "uv_size": [14, 5]},
								"west": {"uv": [63, 95], "uv_size": [5, 5]},
								"up": {"uv": [73, 46], "uv_size": [14, 5]},
								"down": {"uv": [73, 56], "uv_size": [14, -5]}
							}
						}
					]
				},
				{
					"name": "front_right_leg",
					"parent": "body",
					"pivot": [-2.96556, 14.82782, -10.62661],
					"cubes": [
						{
							"origin": [-4.94261, 8.89669, -13.05078],
							"size": [4.35409, 7.90818, 4.84835],
							"uv": {
								"north": {"uv": [59, 92], "uv_size": [4, 7]},
								"east": {"uv": [93, 90], "uv_size": [4, 7]},
								"south": {"uv": [26, 94], "uv_size": [4, 7]},
								"west": {"uv": [42, 94], "uv_size": [4, 7]},
								"up": {"uv": [105, 45], "uv_size": [4, 4]},
								"down": {"uv": [105, 53], "uv_size": [4, -4]}
							}
						}
					]
				},
				{
					"name": "front_right_calf",
					"parent": "front_right_leg",
					"pivot": [-2.96556, 9.39096, -10.62661],
					"cubes": [
						{
							"origin": [-4.44835, 1.97704, -12.55652],
							"size": [3.36557, 8.8967, 3.85983],
							"uv": {
								"north": {"uv": [85, 98], "uv_size": [3, 8]},
								"east": {"uv": [88, 98], "uv_size": [3, 8]},
								"south": {"uv": [46, 99], "uv_size": [3, 8]},
								"west": {"uv": [49, 99], "uv_size": [3, 8]},
								"up": {"uv": [51, 107], "uv_size": [3, 3]},
								"down": {"uv": [54, 110], "uv_size": [3, -3]}
							}
						}
					]
				},
				{
					"name": "front_right_feathering",
					"parent": "front_right_calf",
					"pivot": [-2.96556, 8.66952, -9.68806],
					"cubes": [
						{
							"origin": [-4.44858, 0.60929, -11.37995],
							"size": [3.36603, 8.31108, 3.86029],
							"inflate": -0.01,
							"pivot": [-2.96556, 4.47179, -9.44981],
							"rotation": [10, 0, 0],
							"uv": {
								"north": {"uv": [39, 101], "uv_size": [3, 7]},
								"east": {"uv": [42, 101], "uv_size": [3, 7]},
								"south": {"uv": [101, 90], "uv_size": [3, 7]},
								"west": {"uv": [101, 97], "uv_size": [3, 7]},
								"up": {"uv": [108, 102], "uv_size": [3, 3]},
								"down": {"uv": [0, 112], "uv_size": [3, -3]}
							}
						}
					]
				},
				{
					"name": "front_right_hoof",
					"parent": "front_right_calf",
					"pivot": [-2.96556, 2.57016, -10.97259],
					"cubes": [
						{
							"origin": [-4.54708, 0.00011, -13.74263],
							"size": [3.56303, 3.36304, 3.56304],
							"inflate": 0.01,
							"uv": {
								"north": {"uv": [57, 107], "uv_size": [3, 3]},
								"east": {"uv": [60, 107], "uv_size": [3, 3]},
								"south": {"uv": [63, 107], "uv_size": [3, 3]},
								"west": {"uv": [66, 107], "uv_size": [3, 3]},
								"up": {"uv": [69, 107], "uv_size": [3, 3]},
								"down": {"uv": [77, 110], "uv_size": [3, -3]}
							}
						}
					]
				},
				{
					"name": "front_right_shoe",
					"parent": "front_right_hoof",
					"pivot": [0, 16.80487, -1.18623],
					"cubes": [
						{
							"origin": [-4.54663, 0.00057, -13.74217],
							"size": [3.56213, 0.69082, 3.56212],
							"inflate": 0.05,
							"uv": {
								"north": {"uv": [109, 52], "uv_size": [3, 1]},
								"east": {"uv": [109, 53], "uv_size": [3, 1]},
								"south": {"uv": [109, 54], "uv_size": [3, 1]},
								"west": {"uv": [109, 55], "uv_size": [3, 1]},
								"up": {"uv": [80, 107], "uv_size": [3, 3]},
								"down": {"uv": [107, 84], "uv_size": [3, -3]}
							}
						}
					]
				},
				{
					"name": "front_left_leg",
					"parent": "body",
					"pivot": [2.96556, 14.82782, -10.62661],
					"cubes": [
						{
							"origin": [0.58852, 8.89669, -13.05078],
							"size": [4.35409, 7.90818, 4.84835],
							"uv": {
								"north": {"uv": [0, 95], "uv_size": [4, 7]},
								"east": {"uv": [4, 95], "uv_size": [4, 7]},
								"south": {"uv": [8, 95], "uv_size": [4, 7]},
								"west": {"uv": [12, 95], "uv_size": [4, 7]},
								"up": {"uv": [105, 53], "uv_size": [4, 4]},
								"down": {"uv": [105, 68], "uv_size": [4, -4]}
							}
						}
					]
				},
				{
					"name": "front_left_calf",
					"parent": "front_left_leg",
					"pivot": [2.96556, 9.39096, -10.62661],
					"cubes": [
						{
							"origin": [1.08278, 1.97704, -12.55652],
							"size": [3.36557, 8.8967, 3.85983],
							"uv": {
								"north": {"uv": [52, 99], "uv_size": [3, 8]},
								"east": {"uv": [99, 52], "uv_size": [3, 8]},
								"south": {"uv": [55, 99], "uv_size": [3, 8]},
								"west": {"uv": [58, 99], "uv_size": [3, 8]},
								"up": {"uv": [107, 84], "uv_size": [3, 3]},
								"down": {"uv": [91, 110], "uv_size": [3, -3]}
							}
						}
					]
				},
				{
					"name": "front_left_feathering",
					"parent": "front_left_calf",
					"pivot": [2.96556, 8.66952, -9.68806],
					"cubes": [
						{
							"origin": [1.08255, 0.60929, -11.37995],
							"size": [3.36603, 8.31108, 3.86029],
							"inflate": -0.01,
							"pivot": [2.96556, 4.47179, -9.44981],
							"rotation": [10, 0, 0],
							"uv": {
								"north": {"uv": [0, 102], "uv_size": [3, 7]},
								"east": {"uv": [3, 102], "uv_size": [3, 7]},
								"south": {"uv": [6, 102], "uv_size": [3, 7]},
								"west": {"uv": [9, 102], "uv_size": [3, 7]},
								"up": {"uv": [3, 109], "uv_size": [3, 3]},
								"down": {"uv": [6, 112], "uv_size": [3, -3]}
							}
						}
					]
				},
				{
					"name": "front_left_hoof",
					"parent": "front_left_calf",
					"pivot": [2.96556, 2.57016, -10.97259],
					"cubes": [
						{
							"origin": [0.98405, 0.00011, -13.74263],
							"size": [3.56303, 3.36304, 3.56304],
							"inflate": 0.01,
							"uv": {
								"north": {"uv": [94, 107], "uv_size": [3, 3]},
								"east": {"uv": [107, 106], "uv_size": [3, 3]},
								"south": {"uv": [108, 0], "uv_size": [3, 3]},
								"west": {"uv": [108, 3], "uv_size": [3, 3]},
								"up": {"uv": [15, 108], "uv_size": [3, 3]},
								"down": {"uv": [24, 111], "uv_size": [3, -3]}
							}
						}
					]
				},
				{
					"name": "front_left_shoe",
					"parent": "front_left_hoof",
					"pivot": [0, 16.80487, -1.18623],
					"cubes": [
						{
							"origin": [0.9845, 0.00057, -13.74217],
							"size": [3.56213, 0.69082, 3.56212],
							"inflate": 0.05,
							"uv": {
								"north": {"uv": [109, 56], "uv_size": [3, 1]},
								"east": {"uv": [109, 64], "uv_size": [3, 1]},
								"south": {"uv": [109, 65], "uv_size": [3, 1]},
								"west": {"uv": [109, 66], "uv_size": [3, 1]},
								"up": {"uv": [35, 108], "uv_size": [3, 3]},
								"down": {"uv": [38, 111], "uv_size": [3, -3]}
							}
						}
					]
				},
				{
					"name": "back_right_leg",
					"parent": "body",
					"pivot": [-3.45983, 21.74748, 8.39096],
					"cubes": [
						{
							"origin": [-5.93101, 13.33942, 4.03698],
							"size": [5.34237, 11.37351, 8.80221],
							"inflate": 0.01,
							"uv": {
								"north": {"uv": [85, 0], "uv_size": [4, 10]},
								"east": {"uv": [63, 29], "uv_size": [8, 10]},
								"south": {"uv": [4, 85], "uv_size": [4, 10]},
								"west": {"uv": [34, 64], "uv_size": [8, 10]},
								"up": {"uv": [47, 91], "uv_size": [4, 8]},
								"down": {"uv": [51, 99], "uv_size": [4, -8]}
							}
						}
					]
				},
				{
					"name": "back_left_calf",
					"parent": "back_right_leg",
					"pivot": [-3.45983, 15.88522, 11.10939],
					"cubes": [
						{
							"origin": [-5.43687, 9.88522, 8.00243],
							"size": [4.35409, 6.91965, 5.83687],
							"uv": {
								"north": {"uv": [97, 96], "uv_size": [4, 6]},
								"east": {"uv": [92, 30], "uv_size": [5, 6]},
								"south": {"uv": [98, 0], "uv_size": [4, 6]},
								"west": {"uv": [93, 0], "uv_size": [5, 6]},
								"up": {"uv": [103, 35], "uv_size": [4, 5]},
								"down": {"uv": [103, 45], "uv_size": [4, -5]}
							}
						},
						{
							"origin": [-4.94261, 1.97704, 9.97948],
							"size": [3.36557, 7.90818, 3.85982],
							"uv": {
								"north": {"uv": [33, 100], "uv_size": [3, 7]},
								"east": {"uv": [100, 60], "uv_size": [3, 7]},
								"south": {"uv": [61, 100], "uv_size": [3, 7]},
								"west": {"uv": [64, 100], "uv_size": [3, 7]},
								"up": {"uv": [30, 78], "uv_size": [3, 3]},
								"down": {"uv": [96, 74], "uv_size": [3, -3]}
							}
						}
					]
				},
				{
					"name": "back_right_feathering",
					"parent": "back_left_calf",
					"pivot": [-3.06556, 8.66952, 12.75514],
					"cubes": [
						{
							"origin": [-4.9393, 0.60929, 10.98877],
							"size": [3.36603, 8.31108, 3.86029],
							"inflate": -0.01,
							"pivot": [-3.45628, 4.47179, 13.11891],
							"rotation": [12.5, 0, 0],
							"uv": {
								"north": {"uv": [97, 102], "uv_size": [3, 7]},
								"east": {"uv": [103, 0], "uv_size": [3, 7]},
								"south": {"uv": [103, 7], "uv_size": [3, 7]},
								"west": {"uv": [103, 14], "uv_size": [3, 7]},
								"up": {"uv": [12, 109], "uv_size": [3, 3]},
								"down": {"uv": [109, 16], "uv_size": [3, -3]}
							}
						}
					]
				},
				{
					"name": "back_left_hoof",
					"parent": "back_left_calf",
					"pivot": [-3.45983, 2.57016, 10.76341],
					"cubes": [
						{
							"origin": [-5.04135, 0.00011, 8.79337],
							"size": [3.56304, 3.36304, 3.56304],
							"inflate": 0.01,
							"uv": {
								"north": {"uv": [99, 81], "uv_size": [3, 3]},
								"east": {"uv": [104, 106], "uv_size": [3, 3]},
								"south": {"uv": [107, 20], "uv_size": [3, 3]},
								"west": {"uv": [107, 23], "uv_size": [3, 3]},
								"up": {"uv": [32, 107], "uv_size": [3, 3]},
								"down": {"uv": [107, 37], "uv_size": [3, -3]}
							}
						}
					]
				},
				{
					"name": "back_left_shoe",
					"parent": "back_left_hoof",
					"pivot": [-0.49426, 16.80487, 20.54977],
					"cubes": [
						{
							"origin": [-5.04089, 0.00057, 8.79382],
							"size": [3.56213, 0.69082, 3.56213],
							"inflate": 0.05,
							"uv": {
								"north": {"uv": [25, 61], "uv_size": [3, 1]},
								"east": {"uv": [105, 59], "uv_size": [3, 1]},
								"south": {"uv": [109, 50], "uv_size": [3, 1]},
								"west": {"uv": [109, 51], "uv_size": [3, 1]},
								"up": {"uv": [45, 107], "uv_size": [3, 3]},
								"down": {"uv": [48, 110], "uv_size": [3, -3]}
							}
						}
					]
				},
				{
					"name": "back_left_leg",
					"parent": "body",
					"pivot": [3.45983, 21.74748, 8.39096],
					"cubes": [
						{
							"origin": [0.58864, 13.33942, 4.03698],
							"size": [5.34237, 11.37351, 8.80221],
							"inflate": 0.01,
							"uv": {
								"north": {"uv": [67, 85], "uv_size": [4, 10]},
								"east": {"uv": [42, 64], "uv_size": [8, 10]},
								"south": {"uv": [71, 85], "uv_size": [4, 10]},
								"west": {"uv": [57, 65], "uv_size": [8, 10]},
								"up": {"uv": [55, 91], "uv_size": [4, 8]},
								"down": {"uv": [91, 71], "uv_size": [4, -8]}
							}
						}
					]
				},
				{
					"name": "back_right_calf",
					"parent": "back_left_leg",
					"pivot": [3.45983, 15.88522, 11.10939],
					"cubes": [
						{
							"origin": [1.08278, 9.88522, 8.00243],
							"size": [4.35409, 6.91965, 5.83687],
							"uv": {
								"north": {"uv": [98, 84], "uv_size": [4, 6]},
								"east": {"uv": [93, 55], "uv_size": [5, 6]},
								"south": {"uv": [99, 40], "uv_size": [4, 6]},
								"west": {"uv": [75, 93], "uv_size": [5, 6]},
								"up": {"uv": [104, 88], "uv_size": [4, 5]},
								"down": {"uv": [104, 98], "uv_size": [4, -5]}
							}
						},
						{
							"origin": [1.57704, 1.97704, 9.97948],
							"size": [3.36557, 7.90818, 3.85982],
							"uv": {
								"north": {"uv": [67, 100], "uv_size": [3, 7]},
								"east": {"uv": [70, 100], "uv_size": [3, 7]},
								"south": {"uv": [25, 101], "uv_size": [3, 7]},
								"west": {"uv": [36, 101], "uv_size": [3, 7]},
								"up": {"uv": [41, 108], "uv_size": [3, 3]},
								"down": {"uv": [108, 62], "uv_size": [3, -3]}
							}
						}
					]
				},
				{
					"name": "back_left_feathering",
					"parent": "back_right_calf",
					"pivot": [2.96556, 8.66952, 12.75514],
					"cubes": [
						{
							"origin": [1.57327, 0.60929, 10.98877],
							"size": [3.36603, 8.31108, 3.86029],
							"inflate": -0.01,
							"pivot": [3.45628, 4.47179, 13.11891],
							"rotation": [12.5, 0, 0],
							"uv": {
								"north": {"uv": [12, 102], "uv_size": [3, 7]},
								"east": {"uv": [102, 46], "uv_size": [3, 7]},
								"south": {"uv": [102, 53], "uv_size": [3, 7]},
								"west": {"uv": [102, 81], "uv_size": [3, 7]},
								"up": {"uv": [9, 109], "uv_size": [3, 3]},
								"down": {"uv": [109, 13], "uv_size": [3, -3]}
							}
						}
					]
				},
				{
					"name": "back_right_hoof",
					"parent": "back_right_calf",
					"pivot": [3.45983, 2.57016, 10.76341],
					"cubes": [
						{
							"origin": [1.47831, 0.00011, 8.79337],
							"size": [3.56304, 3.36304, 3.56304],
							"inflate": 0.01,
							"uv": {
								"north": {"uv": [108, 71], "uv_size": [3, 3]},
								"east": {"uv": [108, 77], "uv_size": [3, 3]},
								"south": {"uv": [108, 87], "uv_size": [3, 3]},
								"west": {"uv": [108, 90], "uv_size": [3, 3]},
								"up": {"uv": [108, 93], "uv_size": [3, 3]},
								"down": {"uv": [108, 99], "uv_size": [3, -3]}
							}
						}
					]
				},
				{
					"name": "back_right_shoe",
					"parent": "back_right_hoof",
					"pivot": [0.49426, 16.80487, 20.54977],
					"cubes": [
						{
							"origin": [1.47876, 0.00057, 8.79382],
							"size": [3.56213, 0.69082, 3.56213],
							"inflate": 0.05,
							"uv": {
								"north": {"uv": [109, 67], "uv_size": [3, 1]},
								"east": {"uv": [109, 68], "uv_size": [3, 1]},
								"south": {"uv": [109, 69], "uv_size": [3, 1]},
								"west": {"uv": [109, 70], "uv_size": [3, 1]},
								"up": {"uv": [108, 99], "uv_size": [3, 3]},
								"down": {"uv": [100, 111], "uv_size": [3, -3]}
							}
						}
					]
				},
				{
					"name": "neck",
					"parent": "body",
					"pivot": [0, 22.00429, -11.97198],
					"rotation": [12.5, 0, 0],
					"cubes": [
						{
							"origin": [-2.4713, 20.02843, -17.44235],
							"size": [4.9426, 7.31965, 8.8967],
							"pivot": [0, 23.394, -11.51122],
							"rotation": [-30, 0, 0],
							"uv": {
								"north": {"uv": [38, 95], "uv_size": [4, 6]},
								"east": {"uv": [14, 78], "uv_size": [8, 6]},
								"south": {"uv": [97, 30], "uv_size": [4, 6]},
								"west": {"uv": [22, 78], "uv_size": [8, 6]},
								"up": {"uv": [89, 0], "uv_size": [4, 8]},
								"down": {"uv": [89, 63], "uv_size": [4, -8]}
							}
						},
						{
							"origin": [-2.47142, 24.08126, -23.96671],
							"size": [4.94284, 6.72677, 8.89693],
							"inflate": -0.01,
							"pivot": [0, 26.85382, -22.97807],
							"rotation": [-7.5, 0, 0],
							"uv": {
								"north": {"uv": [97, 90], "uv_size": [4, 6]},
								"east": {"uv": [79, 36], "uv_size": [8, 6]},
								"south": {"uv": [93, 97], "uv_size": [4, 6]},
								"west": {"uv": [51, 80], "uv_size": [8, 6]},
								"up": {"uv": [85, 90], "uv_size": [4, 8]},
								"down": {"uv": [89, 98], "uv_size": [4, -8]}
							}
						},
						{
							"origin": [-2.47153, 20.31902, -24.66108],
							"size": [4.94306, 5.74077, 13.83976],
							"inflate": -0.02,
							"pivot": [0, 22.10548, -18.63087],
							"rotation": [-40, 0, 0],
							"uv": {
								"north": {"uv": [101, 30], "uv_size": [4, 5]},
								"east": {"uv": [73, 56], "uv_size": [12, 5]},
								"south": {"uv": [103, 21], "uv_size": [4, 5]},
								"west": {"uv": [51, 75], "uv_size": [12, 5]},
								"up": {"uv": [59, 80], "uv_size": [4, 12]},
								"down": {"uv": [81, 12], "uv_size": [4, -12]}
							}
						}
					]
				},
				{
					"name": "neck_armor",
					"parent": "neck",
					"pivot": [0, 26.85382, -22.97807],
					"cubes": [
						{
							"origin": [-2.96556, 21.41696, -17.44235],
							"size": [5.93112, 6.12883, 8.8967],
							"pivot": [0, 23.394, -11.51122],
							"rotation": [-30, 0, 0],
							"uv": {
								"north": {"uv": [80, 93], "uv_size": [5, 6]},
								"east": {"uv": [42, 81], "uv_size": [8, 6]},
								"south": {"uv": [93, 84], "uv_size": [5, 6]},
								"west": {"uv": [82, 27], "uv_size": [8, 6]},
								"up": {"uv": [75, 85], "uv_size": [5, 8]},
								"down": {"uv": [80, 93], "uv_size": [5, -8]}
							}
						},
						{
							"origin": [-2.96568, 25.37093, -23.96671],
							"size": [5.93136, 5.6348, 8.89693],
							"inflate": -0.01,
							"pivot": [0, 26.85382, -22.97807],
							"rotation": [-7.5, 0, 0],
							"uv": {
								"north": {"uv": [95, 66], "uv_size": [5, 5]},
								"east": {"uv": [85, 85], "uv_size": [8, 5]},
								"south": {"uv": [68, 95], "uv_size": [5, 5]},
								"west": {"uv": [50, 86], "uv_size": [8, 5]},
								"up": {"uv": [86, 66], "uv_size": [5, 8]},
								"down": {"uv": [87, 41], "uv_size": [5, -8]}
							}
						}
					]
				},
				{
					"name": "mane",
					"parent": "neck",
					"pivot": [0, 29.394, -14.6112]
				},
				{
					"name": "roached",
					"parent": "mane",
					"pivot": [0, 26.8538, -14.6112],
					"cubes": [
						{
							"origin": [-0.88978, 30.8078, -23.96671],
							"size": [1.77956, 2.00801, 9.59004],
							"inflate": -0.01,
							"pivot": [0, 26.85382, -22.97807],
							"rotation": [-7.5, 0, 0],
							"uv": {
								"north": {"uv": [84, 66], "uv_size": [2, 1]},
								"east": {"uv": [63, 76], "uv_size": [9, 1]},
								"south": {"uv": [87, 55], "uv_size": [2, 1]},
								"west": {"uv": [88, 22], "uv_size": [9, 1]},
								"up": {"uv": [29, 32], "uv_size": [2, 9]},
								"down": {"uv": [18, 45], "uv_size": [2, -9]}
							}
						},
						{
							"origin": [-0.88967, 27.15038, -17.54235],
							"size": [1.77934, 2.27934, 8.60129],
							"pivot": [0, 23.394, -11.51122],
							"rotation": [-30, 0, 0],
							"uv": {
								"north": {"uv": [39, 42], "uv_size": [2, 2]},
								"east": {"uv": [71, 36], "uv_size": [8, 2]},
								"south": {"uv": [61, 20], "uv_size": [2, 2]},
								"west": {"uv": [72, 27], "uv_size": [8, 2]},
								"up": {"uv": [12, 85], "uv_size": [2, 8]},
								"down": {"uv": [83, 107], "uv_size": [2, -8]}
							}
						}
					]
				},
				{
					"name": "buttons",
					"parent": "mane",
					"pivot": [0, 26.8538, -14.6112],
					"cubes": [
						{
							"origin": [-0.88978, 30.78308, -23.769],
							"size": [1.77956, 1.38416, 1.77957],
							"inflate": -0.01,
							"pivot": [0, 26.82911, -22.78036],
							"rotation": [-7.5, 0, 0],
							"uv": {
								"north": {"uv": [97, 40], "uv_size": [2, 1]},
								"east": {"uv": [98, 60], "uv_size": [2, 1]},
								"south": {"uv": [61, 99], "uv_size": [2, 1]},
								"west": {"uv": [36, 100], "uv_size": [2, 1]},
								"up": {"uv": [100, 49], "uv_size": [2, 2]},
								"down": {"uv": [28, 103], "uv_size": [2, -2]}
							}
						},
						{
							"origin": [-0.88978, 27.39776, -8.09433],
							"size": [1.77956, 1.68072, 1.77957],
							"inflate": -0.01,
							"pivot": [0, 28.19792, -10.44943],
							"rotation": [-150, 0, -180],
							"uv": {
								"north": {"uv": [109, 28], "uv_size": [2, 2]},
								"east": {"uv": [29, 109], "uv_size": [2, 2]},
								"south": {"uv": [109, 30], "uv_size": [2, 2]},
								"west": {"uv": [109, 32], "uv_size": [2, 2]},
								"up": {"uv": [109, 43], "uv_size": [2, 2]},
								"down": {"uv": [109, 47], "uv_size": [2, -2]}
							}
						},
						{
							"origin": [-0.88978, 27.4749, -11.29505],
							"size": [1.77956, 1.48302, 1.77957],
							"inflate": -0.01,
							"pivot": [0, 28.19792, -10.44943],
							"rotation": [-150, 0, -180],
							"uv": {
								"north": {"uv": [103, 109], "uv_size": [2, 1]},
								"east": {"uv": [105, 109], "uv_size": [2, 1]},
								"south": {"uv": [107, 109], "uv_size": [2, 1]},
								"west": {"uv": [109, 109], "uv_size": [2, 1]},
								"up": {"uv": [109, 26], "uv_size": [2, 2]},
								"down": {"uv": [27, 111], "uv_size": [2, -2]}
							}
						},
						{
							"origin": [-0.88978, 27.46564, -14.5841],
							"size": [1.77956, 1.38416, 1.77957],
							"inflate": -0.01,
							"pivot": [0, 28.19792, -10.44943],
							"rotation": [-150, 0, -180],
							"uv": {
								"north": {"uv": [103, 66], "uv_size": [2, 1]},
								"east": {"uv": [105, 34], "uv_size": [2, 1]},
								"south": {"uv": [83, 109], "uv_size": [2, 1]},
								"west": {"uv": [97, 109], "uv_size": [2, 1]},
								"up": {"uv": [20, 109], "uv_size": [2, 2]},
								"down": {"uv": [22, 111], "uv_size": [2, -2]}
							}
						},
						{
							"origin": [-0.88978, 30.36296, -20.50688],
							"size": [1.77956, 1.48301, 1.77957],
							"inflate": -0.01,
							"pivot": [0, 26.40899, -19.51824],
							"rotation": [-7.5, 0, 0],
							"uv": {
								"north": {"uv": [100, 51], "uv_size": [2, 1]},
								"east": {"uv": [101, 35], "uv_size": [2, 1]},
								"south": {"uv": [28, 103], "uv_size": [2, 1]},
								"west": {"uv": [103, 45], "uv_size": [2, 1]},
								"up": {"uv": [91, 101], "uv_size": [2, 2]},
								"down": {"uv": [102, 90], "uv_size": [2, -2]}
							}
						},
						{
							"origin": [-0.88978, 29.8687, -17.34361],
							"size": [1.77956, 1.68072, 1.77957],
							"inflate": -0.01,
							"pivot": [0, 25.91473, -16.35497],
							"rotation": [-7.5, 0, 0],
							"uv": {
								"north": {"uv": [103, 64], "uv_size": [2, 2]},
								"east": {"uv": [107, 43], "uv_size": [2, 2]},
								"south": {"uv": [83, 107], "uv_size": [2, 2]},
								"west": {"uv": [18, 108], "uv_size": [2, 2]},
								"up": {"uv": [108, 62], "uv_size": [2, 2]},
								"down": {"uv": [109, 18], "uv_size": [2, -2]}
							}
						}
					]
				},
				{
					"name": "long",
					"parent": "mane",
					"pivot": [0, 29.58926, -14.56791],
					"cubes": [
						{
							"origin": [-0.88978, 26.35163, -23.98443],
							"size": [4.05661, 4.74513, 9.19349],
							"inflate": -0.01,
							"pivot": [0, 27.04908, -22.93478],
							"rotation": [-7.5, 0, 0],
							"uv": {
								"north": {"uv": [106, 10], "uv_size": [3, 4]},
								"east": {"uv": [22, 14], "uv_size": [8, 4]},
								"south": {"uv": [106, 14], "uv_size": [3, 4]},
								"west": {"uv": [89, 77], "uv_size": [8, 4]},
								"up": {"uv": [77, 99], "uv_size": [3, 8]},
								"down": {"uv": [80, 107], "uv_size": [3, -8]}
							}
						},
						{
							"origin": [-0.88967, 30.35733, -27.17462],
							"size": [1.77934, 0.49426, 3.95409],
							"pivot": [0, 30.60446, -25.19758],
							"rotation": [17.5, 0, 0],
							"uv": {
								"north": {"uv": [110, 7], "uv_size": [2, 1]},
								"east": {"uv": [89, 9], "uv_size": [4, 1]},
								"south": {"uv": [110, 8], "uv_size": [2, 1]},
								"west": {"uv": [91, 45], "uv_size": [4, 1]},
								"up": {"uv": [70, 14], "uv_size": [2, 4]},
								"down": {"uv": [70, 18], "uv_size": [2, -4]}
							}
						},
						{
							"origin": [-0.88967, 22.62858, -17.1585],
							"size": [4.05638, 4.94261, 8.50129],
							"pivot": [0, 23.58926, -11.46793],
							"rotation": [-30, 0, 0],
							"uv": {
								"north": {"uv": [85, 106], "uv_size": [3, 4]},
								"east": {"uv": [90, 26], "uv_size": [8, 4]},
								"south": {"uv": [88, 106], "uv_size": [3, 4]},
								"west": {"uv": [91, 41], "uv_size": [8, 4]},
								"up": {"uv": [100, 6], "uv_size": [3, 8]},
								"down": {"uv": [100, 22], "uv_size": [3, -8]}
							}
						}
					]
				},
				{
					"name": "short",
					"parent": "mane",
					"pivot": [0, 26.8538, -14.6112],
					"cubes": [
						{
							"origin": [-0.88978, 30.8078, -23.96671],
							"size": [1.77956, 1.30801, 9.39004],
							"inflate": -0.01,
							"pivot": [0, 26.85382, -22.97807],
							"rotation": [-7.5, 0, 0],
							"uv": {
								"north": {"uv": [84, 66], "uv_size": [2, 1]},
								"east": {"uv": [63, 76], "uv_size": [9, 1]},
								"south": {"uv": [87, 55], "uv_size": [2, 1]},
								"west": {"uv": [88, 22], "uv_size": [9, 1]},
								"up": {"uv": [29, 32], "uv_size": [2, 9]},
								"down": {"uv": [18, 45], "uv_size": [2, -9]}
							}
						},
						{
							"origin": [-0.88967, 27.15038, -17.44235],
							"size": [1.77934, 1.57934, 8.50129],
							"pivot": [0, 23.394, -11.51122],
							"rotation": [-30, 0, 0],
							"uv": {
								"north": {"uv": [39, 42], "uv_size": [2, 2]},
								"east": {"uv": [71, 36], "uv_size": [8, 2]},
								"south": {"uv": [61, 20], "uv_size": [2, 2]},
								"west": {"uv": [72, 27], "uv_size": [8, 2]},
								"up": {"uv": [12, 85], "uv_size": [2, 8]},
								"down": {"uv": [83, 107], "uv_size": [2, -8]}
							}
						}
					]
				},
				{
					"name": "wagon_harness",
					"parent": "neck",
					"pivot": [-0.02991, 26.84412, -9.02011],
					"rotation": [157.5, 0, 0],
					"cubes": [
						{
							"origin": [-4.13289, 32.48332, -13.52865],
							"size": [8.12218, 4.87805, 14.11854],
							"pivot": [-0.07181, 32.76557, -3.94392],
							"rotation": [67.50008, -0.00168, 0.01959],
							"uv": {
								"north": {"uv": [52, 40], "uv_size": [7, 4]},
								"east": {"uv": [63, 77], "uv_size": [13, 4]},
								"south": {"uv": [59, 50], "uv_size": [7, 4]},
								"west": {"uv": [76, 77], "uv_size": [13, 4]},
								"up": {"uv": [50, 55], "uv_size": [7, 13]},
								"down": {"uv": [18, 70], "uv_size": [7, -13]}
							}
						},
						{
							"origin": [-1.47884, 24.66527, -8.93859],
							"size": [4.12641, 0.95831, 0.95831],
							"pivot": [-0.00876, 24.56873, -9.97589],
							"rotation": [-105.16911, 24.62796, 112.83685],
							"uv": {
								"north": {"uv": [95, 45], "uv_size": [4, 1]},
								"east": {"uv": [56, 74], "uv_size": [1, 1]},
								"south": {"uv": [108, 6], "uv_size": [4, 1]},
								"west": {"uv": [83, 14], "uv_size": [1, 1]},
								"up": {"uv": [108, 74], "uv_size": [4, 1]},
								"down": {"uv": [108, 81], "uv_size": [4, -1]}
							}
						},
						{
							"origin": [-2.6651, 24.66527, -8.93859],
							"size": [4.12642, 0.95831, 0.95831],
							"pivot": [-0.00876, 24.56873, -9.97589],
							"rotation": [-105.16911, -24.62796, -112.83685],
							"uv": {
								"north": {"uv": [108, 105], "uv_size": [4, 1]},
								"east": {"uv": [83, 15], "uv_size": [1, 1]},
								"south": {"uv": [109, 47], "uv_size": [4, 1]},
								"west": {"uv": [83, 16], "uv_size": [1, 1]},
								"up": {"uv": [109, 48], "uv_size": [4, 1]},
								"down": {"uv": [109, 50], "uv_size": [4, -1]}
							}
						}
					]
				},
				{
					"name": "head",
					"parent": "neck",
					"pivot": [0, 28.84166, -22.64718],
					"rotation": [22.5, 0, 0],
					"cubes": [
						{
							"origin": [-2.96796, 28.55117, -30.222],
							"size": [5.93592, 2.46568, 7.92096],
							"inflate": 0.2,
							"uv": {
								"north": {"uv": [34, 62], "uv_size": [5, 2]},
								"east": {"uv": [103, 75], "uv_size": [7, 2]},
								"south": {"uv": [106, 18], "uv_size": [5, 2]},
								"west": {"uv": [105, 57], "uv_size": [7, 2]},
								"up": {"uv": [51, 68], "uv_size": [5, 7]},
								"down": {"uv": [42, 94], "uv_size": [5, -7]}
							}
						},
						{
							"origin": [-2.96796, 24.57138, -30.222],
							"size": [5.93592, 3.87979, 4.2681],
							"inflate": 0.2,
							"uv": {
								"north": {"uv": [82, 33], "uv_size": [5, 3]},
								"east": {"uv": [105, 68], "uv_size": [4, 3]},
								"south": {"uv": [91, 71], "uv_size": [5, 3]},
								"west": {"uv": [106, 7], "uv_size": [4, 3]},
								"up": {"uv": [68, 46], "uv_size": [5, 4]},
								"down": {"uv": [100, 71], "uv_size": [5, -4]}
							}
						},
						{
							"origin": [-3.4063, 23.69545, -28.23944],
							"size": [6.8126, 4.68306, 5.82112],
							"inflate": 0.2,
							"uv": {
								"north": {"uv": [66, 61], "uv_size": [6, 4]},
								"east": {"uv": [104, 98], "uv_size": [4, 4]},
								"south": {"uv": [93, 6], "uv_size": [6, 4]},
								"west": {"uv": [100, 104], "uv_size": [4, 4]},
								"up": {"uv": [97, 22], "uv_size": [6, 4]},
								"down": {"uv": [97, 40], "uv_size": [6, -4]}
							}
						}
					]
				},
				{
					"name": "saddle2",
					"parent": "head",
					"pivot": [0, 24.98618, -31.1876],
					"cubes": [
						{
							"origin": [-3.41668, 24.89865, -32.53818],
							"size": [6.83337, 1.14449, 1.14449],
							"pivot": [0, 24.98618, -31.8876],
							"rotation": [15, 0, 0],
							"uv": {
								"north": {"uv": [59, 54], "uv_size": [6, 1]},
								"east": {"uv": [30, 17], "uv_size": [1, 1]},
								"south": {"uv": [18, 70], "uv_size": [6, 1]},
								"west": {"uv": [28, 52], "uv_size": [1, 1]},
								"up": {"uv": [71, 38], "uv_size": [6, 1]},
								"down": {"uv": [84, 27], "uv_size": [6, -1]}
							}
						},
						{
							"origin": [2.4957, 22.92995, -32.74324],
							"size": [0.85602, 2.35186, 1.06873],
							"pivot": [0, 24.98618, -31.8876],
							"rotation": [-47.5, 0, 0],
							"uv": {
								"north": {"uv": [50, 71], "uv_size": [1, 2]},
								"east": {"uv": [56, 72], "uv_size": [1, 2]},
								"south": {"uv": [50, 81], "uv_size": [1, 2]},
								"west": {"uv": [83, 12], "uv_size": [1, 2]},
								"up": {"uv": [33, 73], "uv_size": [1, 1]},
								"down": {"uv": [50, 74], "uv_size": [1, -1]}
							}
						},
						{
							"origin": [-3.35172, 22.92995, -32.74324],
							"size": [0.85602, 2.35186, 1.06873],
							"inflate": 0.2,
							"pivot": [0, 24.98618, -31.8876],
							"rotation": [-47.5, 0, 0],
							"uv": {
								"north": {"uv": [41, 42], "uv_size": [1, 2]},
								"east": {"uv": [56, 68], "uv_size": [1, 2]},
								"south": {"uv": [56, 70], "uv_size": [1, 2]},
								"west": {"uv": [33, 71], "uv_size": [1, 2]},
								"up": {"uv": [65, 54], "uv_size": [1, 1]},
								"down": {"uv": [24, 71], "uv_size": [1, -1]}
							}
						}
					]
				},
				{
					"name": "reins",
					"parent": "saddle2",
					"pivot": [0, 23.02655, -32.40135],
					"rotation": [-27.5, 0, 0]
				},
				{
					"name": "right",
					"parent": "reins",
					"pivot": [3.27021, 23.08246, -33.17914],
					"rotation": [-2.5, 0, 0],
					"cubes": [
						{
							"origin": [3.26809, 20.55739, -32.9509],
							"size": [0.00425, 2.98418, 15.00159],
							"inflate": 0.01,
							"pivot": [-0.60649, 22.72125, -32.86424],
							"rotation": [22.5, 0, 0],
							"uv": {
								"north": {"uv": [0, 119], "uv_size": [5, 0]},
								"east": {"uv": [84, 23], "uv_size": [13, 3]},
								"south": {"uv": [0, 119], "uv_size": [5, 0]},
								"west": {"uv": [86, 74], "uv_size": [13, 3]},
								"up": {"uv": [5, 119], "uv_size": [-5, 9]},
								"down": {"uv": [5, 128], "uv_size": [-5, -9]}
							}
						}
					]
				},
				{
					"name": "bone3",
					"parent": "right",
					"pivot": [3.27021, 27.25126, -18.43628],
					"cubes": [
						{
							"origin": [3.26809, 27.19415, -19.554],
							"size": [0.00425, 2.98419, 13.9309],
							"inflate": 0.01,
							"pivot": [-0.60649, 29.24918, -17.37964],
							"rotation": [27.5, 0, 0],
							"uv": {
								"north": {"uv": [0, 119], "uv_size": [5, 0]},
								"east": {"uv": [88, 10], "uv_size": [12, 3]},
								"south": {"uv": [0, 119], "uv_size": [5, 0]},
								"west": {"uv": [88, 13], "uv_size": [12, 3]},
								"up": {"uv": [5, 119], "uv_size": [-5, 8]},
								"down": {"uv": [5, 127], "uv_size": [-5, -8]}
							}
						}
					]
				},
				{
					"name": "left",
					"parent": "reins",
					"pivot": [-3.27021, 23.08246, -33.17914],
					"rotation": [-2.5, 0, 0],
					"cubes": [
						{
							"origin": [-3.27234, 20.55739, -32.9509],
							"size": [0.00425, 2.98418, 15.00159],
							"inflate": 0.01,
							"pivot": [0.60649, 22.72125, -32.86424],
							"rotation": [22.5, 0, 0],
							"uv": {
								"north": {"uv": [0, 119], "uv_size": [5, 0]},
								"east": {"uv": [87, 46], "uv_size": [13, 3]},
								"south": {"uv": [0, 119], "uv_size": [5, 0]},
								"west": {"uv": [87, 49], "uv_size": [13, 3]},
								"up": {"uv": [5, 119], "uv_size": [-5, 9]},
								"down": {"uv": [5, 128], "uv_size": [-5, -9]}
							}
						}
					]
				},
				{
					"name": "bone2",
					"parent": "left",
					"pivot": [-3.27021, 27.25126, -18.43628],
					"cubes": [
						{
							"origin": [-3.27234, 27.19415, -19.554],
							"size": [0.00425, 2.98419, 13.9309],
							"inflate": 0.01,
							"pivot": [0.60649, 29.24918, -17.37964],
							"rotation": [27.5, 0, 0],
							"uv": {
								"north": {"uv": [0, 119], "uv_size": [5, 0]},
								"east": {"uv": [88, 16], "uv_size": [12, 3]},
								"south": {"uv": [0, 119], "uv_size": [5, 0]},
								"west": {"uv": [88, 19], "uv_size": [12, 3]},
								"up": {"uv": [5, 119], "uv_size": [-5, 8]},
								"down": {"uv": [5, 127], "uv_size": [-5, -8]}
							}
						}
					]
				},
				{
					"name": "right_ear",
					"parent": "head",
					"pivot": [-1.84013, 30.70196, -22.9065],
					"cubes": [
						{
							"origin": [-3.02731, 30.10727, -23.78688],
							"size": [2.37436, 3.56155, 1.18718],
							"inflate": 0.2,
							"uv": {
								"north": {"uv": [89, 63], "uv_size": [2, 3]},
								"east": {"uv": [30, 14], "uv_size": [1, 3]},
								"south": {"uv": [90, 30], "uv_size": [2, 3]},
								"west": {"uv": [28, 46], "uv_size": [1, 3]},
								"up": {"uv": [29, 41], "uv_size": [2, 1]},
								"down": {"uv": [18, 46], "uv_size": [2, -1]}
							}
						}
					]
				},
				{
					"name": "left_ear",
					"parent": "head",
					"pivot": [1.84013, 30.70196, -22.9065],
					"cubes": [
						{
							"origin": [0.65295, 30.10727, -23.78688],
							"size": [2.37436, 3.56155, 1.18718],
							"inflate": 0.2,
							"uv": {
								"north": {"uv": [91, 98], "uv_size": [2, 3]},
								"east": {"uv": [28, 49], "uv_size": [1, 3]},
								"south": {"uv": [100, 46], "uv_size": [2, 3]},
								"west": {"uv": [50, 68], "uv_size": [1, 3]},
								"up": {"uv": [63, 75], "uv_size": [2, 1]},
								"down": {"uv": [77, 39], "uv_size": [2, -1]}
							}
						}
					]
				},
				{
					"name": "mouth",
					"parent": "head",
					"pivot": [0, 28.46818, -29.83711],
					"rotation": [-5, 0, 0],
					"cubes": [
						{
							"origin": [-2.73964, 25.2885, -34.62175],
							"size": [5.47928, 5.15829, 5.22405],
							"inflate": 0.2,
							"pivot": [0, 27.16462, -32.16483],
							"rotation": [10, 0, 0],
							"uv": {
								"north": {"uv": [103, 60], "uv_size": [5, 4]},
								"east": {"uv": [103, 71], "uv_size": [5, 4]},
								"south": {"uv": [91, 103], "uv_size": [5, 4]},
								"west": {"uv": [15, 104], "uv_size": [5, 4]},
								"up": {"uv": [92, 36], "uv_size": [5, 5]},
								"down": {"uv": [33, 100], "uv_size": [5, -5]}
							}
						}
					]
				},
				{
					"name": "jaw",
					"parent": "mouth",
					"pivot": [0, 25.53818, -29.22519],
					"cubes": [
						{
							"origin": [-2.23737, 24.92041, -33.89728],
							"size": [4.47474, 1.66205, 5.10532],
							"inflate": 0.2,
							"pivot": [0, 25.63818, -29.42519],
							"rotation": [20, 0, 0],
							"uv": {
								"north": {"uv": [87, 41], "uv_size": [4, 1]},
								"east": {"uv": [63, 39], "uv_size": [5, 1]},
								"south": {"uv": [89, 8], "uv_size": [4, 1]},
								"west": {"uv": [87, 84], "uv_size": [5, 1]},
								"up": {"uv": [20, 104], "uv_size": [4, 5]},
								"down": {"uv": [28, 109], "uv_size": [4, -5]}
							}
						}
					]
				},
				{
					"name": "tail",
					"parent": "body",
					"pivot": [0, 23.76531, 14.0243],
					"cubes": [
						{
							"origin": [-1.97647, 13.38641, 13.77775],
							"size": [3.95294, 10.87259, 4.4472],
							"inflate": 0.05,
							"uv": {
								"north": {"uv": [34, 85], "uv_size": [4, 10]},
								"east": {"uv": [38, 85], "uv_size": [4, 10]},
								"south": {"uv": [85, 56], "uv_size": [4, 10]},
								"west": {"uv": [63, 85], "uv_size": [4, 10]},
								"up": {"uv": [104, 102], "uv_size": [4, 4]},
								"down": {"uv": [105, 34], "uv_size": [4, -4]}
							}
						}
					]
				},
				{
					"name": "tail_2",
					"parent": "tail",
					"pivot": [0, 14.37436, 16.00135],
					"cubes": [
						{
							"origin": [-1.48221, 5.47824, 14.27201],
							"size": [2.96442, 9.88407, 3.45868],
							"inflate": 0.05,
							"uv": {
								"north": {"uv": [16, 95], "uv_size": [3, 9]},
								"east": {"uv": [19, 95], "uv_size": [3, 9]},
								"south": {"uv": [22, 95], "uv_size": [3, 9]},
								"west": {"uv": [30, 95], "uv_size": [3, 9]},
								"up": {"uv": [107, 37], "uv_size": [3, 3]},
								"down": {"uv": [107, 43], "uv_size": [3, -3]}
							}
						}
					]
				}
			]
		}
	]
}