{
	"format_version": "1.12.0",
	"minecraft:geometry": [
		{
			"description": {
				"identifier": "geometry.unknown",
				"texture_width": 128,
				"texture_height": 128,
				"visible_bounds_width": 4,
				"visible_bounds_height": 3.5,
				"visible_bounds_offset": [0, 1.25, 0]
			},
			"bones": [
				{
					"name": "body",
					"pivot": [0, 12.36557, 0],
					"cubes": [
						{
							"origin": [-2.96557, 9.89669, -7.30358],
							"size": [5.93113, 6.52424, 5.93113],
							"inflate": -0.2,
							"uv": {
								"north": {"uv": [0, 61], "uv_size": [9, 10]},
								"east": {"uv": [61, 0], "uv_size": [9, 10]},
								"south": {"uv": [9, 61], "uv_size": [9, 10]},
								"west": {"uv": [61, 10], "uv_size": [9, 10]},
								"up": {"uv": [25, 62], "uv_size": [9, 9]},
								"down": {"uv": [63, 29], "uv_size": [9, -9]}
							}
						},
						{
							"origin": [-3.06384, 9.62803, 1.30174],
							"size": [6.12769, 7.07667, 6.48355],
							"inflate": -0.15,
							"pivot": [0, 13.16636, 4.54352],
							"rotation": [5, 0, 0],
							"uv": {
								"north": {"uv": [0, 50], "uv_size": [9, 11]},
								"east": {"uv": [42, 0], "uv_size": [10, 11]},
								"south": {"uv": [9, 50], "uv_size": [9, 11]},
								"west": {"uv": [42, 11], "uv_size": [10, 11]},
								"up": {"uv": [57, 55], "uv_size": [9, 10]},
								"down": {"uv": [59, 50], "uv_size": [9, -10]}
							}
						},
						{
							"origin": [-2.96557, 9.20358, -2.87245],
							"size": [5.93113, 7.11736, 4.74491],
							"inflate": -0.2,
							"pivot": [0, 12.9, -0.5],
							"rotation": [2, 0, 0],
							"uv": {
								"north": {"uv": [52, 0], "uv_size": [9, 11]},
								"east": {"uv": [65, 65], "uv_size": [7, 11]},
								"south": {"uv": [52, 11], "uv_size": [9, 11]},
								"west": {"uv": [66, 50], "uv_size": [7, 11]},
								"up": {"uv": [33, 74], "uv_size": [9, 7]},
								"down": {"uv": [42, 81], "uv_size": [9, -7]}
							}
						},
						{
							"origin": [-3.12315, 9.476, -7.52048],
							"size": [2.92488, 7.07667, 6.42424],
							"inflate": -0.05,
							"pivot": [0, 13.1033, -3.7449],
							"rotation": [-5, 0, 0],
							"uv": {
								"north": {"uv": [84, 12], "uv_size": [4, 11]},
								"east": {"uv": [52, 22], "uv_size": [-10, 11]},
								"south": {"uv": [14, 84], "uv_size": [4, 11]},
								"west": {"uv": [29, 42], "uv_size": [10, 11]},
								"up": {"uv": [26, 84], "uv_size": [4, 10]},
								"down": {"uv": [0, 95], "uv_size": [4, -10]}
							}
						},
						{
							"origin": [0.19828, 9.476, -7.52048],
							"size": [2.92488, 7.07667, 6.42424],
							"inflate": -0.05,
							"pivot": [0, 13.1033, -3.7449],
							"rotation": [-5, 0, 0],
							"uv": {
								"north": {"uv": [18, 84], "uv_size": [4, 11]},
								"east": {"uv": [42, 33], "uv_size": [10, 11]},
								"south": {"uv": [22, 84], "uv_size": [4, 11]},
								"west": {"uv": [39, 44], "uv_size": [10, 11]},
								"up": {"uv": [8, 85], "uv_size": [4, 10]},
								"down": {"uv": [30, 95], "uv_size": [4, -10]}
							}
						}
					]
				},
				{
					"name": "front_right_leg",
					"parent": "body",
					"pivot": [-1.77934, 9.89669, -5.37597],
					"cubes": [
						{
							"origin": [-2.96557, 6.33801, -6.71047],
							"size": [2.37245, 5.74491, 2.66901],
							"uv": {
								"north": {"uv": [59, 92], "uv_size": [4, 7]},
								"east": {"uv": [93, 90], "uv_size": [4, 7]},
								"south": {"uv": [26, 94], "uv_size": [4, 7]},
								"west": {"uv": [42, 94], "uv_size": [4, 7]},
								"up": {"uv": [105, 45], "uv_size": [4, 4]},
								"down": {"uv": [105, 53], "uv_size": [4, -4]}
							}
						}
					]
				},
				{
					"name": "front_right_calf",
					"parent": "front_right_leg",
					"pivot": [-1.77934, 6.63458, -5.37597],
					"cubes": [
						{
							"origin": [-2.66901, 1.18622, -6.41391],
							"size": [1.77934, 6.33802, 2.0759],
							"uv": {
								"north": {"uv": [85, 98], "uv_size": [3, 8]},
								"east": {"uv": [88, 98], "uv_size": [3, 8]},
								"south": {"uv": [46, 99], "uv_size": [3, 8]},
								"west": {"uv": [49, 99], "uv_size": [3, 8]},
								"up": {"uv": [51, 107], "uv_size": [3, 3]},
								"down": {"uv": [54, 110], "uv_size": [3, -3]}
							}
						}
					]
				},
				{
					"name": "front_right_hoof",
					"parent": "front_right_calf",
					"pivot": [-1.77934, 1.5421, -5.58355],
					"cubes": [
						{
							"origin": [-2.72425, 0.00407, -7.12158],
							"size": [1.88982, 1.88982, 1.88982],
							"inflate": 0.01,
							"uv": {
								"north": {"uv": [57, 107], "uv_size": [3, 3]},
								"east": {"uv": [60, 107], "uv_size": [3, 3]},
								"south": {"uv": [63, 107], "uv_size": [3, 3]},
								"west": {"uv": [66, 107], "uv_size": [3, 3]},
								"up": {"uv": [69, 107], "uv_size": [3, 3]},
								"down": {"uv": [77, 110], "uv_size": [3, -3]}
							}
						}
					]
				},
				{
					"name": "front_left_leg",
					"parent": "body",
					"pivot": [1.77934, 9.89669, -5.37597],
					"cubes": [
						{
							"origin": [0.59311, 6.33801, -6.71047],
							"size": [2.37245, 5.74491, 2.66901],
							"uv": {
								"north": {"uv": [0, 95], "uv_size": [4, 7]},
								"east": {"uv": [4, 95], "uv_size": [4, 7]},
								"south": {"uv": [8, 95], "uv_size": [4, 7]},
								"west": {"uv": [12, 95], "uv_size": [4, 7]},
								"up": {"uv": [105, 53], "uv_size": [4, 4]},
								"down": {"uv": [105, 68], "uv_size": [4, -4]}
							}
						}
					]
				},
				{
					"name": "front_left_calf",
					"parent": "front_left_leg",
					"pivot": [1.77934, 6.63458, -5.37597],
					"cubes": [
						{
							"origin": [0.88967, 1.18622, -6.41391],
							"size": [1.77934, 6.33802, 2.0759],
							"uv": {
								"north": {"uv": [52, 99], "uv_size": [3, 8]},
								"east": {"uv": [99, 52], "uv_size": [3, 8]},
								"south": {"uv": [55, 99], "uv_size": [3, 8]},
								"west": {"uv": [58, 99], "uv_size": [3, 8]},
								"up": {"uv": [107, 84], "uv_size": [3, 3]},
								"down": {"uv": [91, 110], "uv_size": [3, -3]}
							}
						}
					]
				},
				{
					"name": "front_left_hoof",
					"parent": "front_left_calf",
					"pivot": [1.77934, 1.5421, -5.58355],
					"cubes": [
						{
							"origin": [0.83443, 0.00407, -7.12158],
							"size": [1.88982, 1.88982, 1.88982],
							"inflate": 0.01,
							"uv": {
								"north": {"uv": [94, 107], "uv_size": [3, 3]},
								"east": {"uv": [107, 106], "uv_size": [3, 3]},
								"south": {"uv": [108, 0], "uv_size": [3, 3]},
								"west": {"uv": [108, 3], "uv_size": [3, 3]},
								"up": {"uv": [15, 108], "uv_size": [3, 3]},
								"down": {"uv": [24, 111], "uv_size": [3, -3]}
							}
						}
					]
				},
				{
					"name": "back_right_leg",
					"parent": "body",
					"pivot": [-2.0759, 14.04849, 4.43458],
					"cubes": [
						{
							"origin": [-3.55461, 9.30765, 2.06619],
							"size": [2.95742, 6.51611, 5.03333],
							"inflate": 0.01,
							"uv": {
								"north": {"uv": [85, 0], "uv_size": [4, 10]},
								"east": {"uv": [63, 29], "uv_size": [8, 10]},
								"south": {"uv": [4, 85], "uv_size": [4, 10]},
								"west": {"uv": [34, 64], "uv_size": [8, 10]},
								"up": {"uv": [47, 91], "uv_size": [4, 8]},
								"down": {"uv": [51, 99], "uv_size": [4, -8]}
							}
						}
					]
				},
				{
					"name": "back_left_calf",
					"parent": "back_right_leg",
					"pivot": [-2.0759, 9.53113, 6.06563],
					"cubes": [
						{
							"origin": [-3.26212, 5.93113, 4.44146],
							"size": [2.37245, 5.15179, 3.26212],
							"uv": {
								"north": {"uv": [97, 96], "uv_size": [4, 6]},
								"east": {"uv": [92, 30], "uv_size": [5, 6]},
								"south": {"uv": [98, 0], "uv_size": [4, 6]},
								"west": {"uv": [93, 0], "uv_size": [5, 6]},
								"up": {"uv": [103, 35], "uv_size": [4, 5]},
								"down": {"uv": [103, 45], "uv_size": [4, -5]}
							}
						},
						{
							"origin": [-2.96557, 1.18622, 5.62769],
							"size": [1.77934, 4.74491, 2.07589],
							"uv": {
								"north": {"uv": [33, 100], "uv_size": [3, 7]},
								"east": {"uv": [100, 60], "uv_size": [3, 7]},
								"south": {"uv": [61, 100], "uv_size": [3, 7]},
								"west": {"uv": [64, 100], "uv_size": [3, 7]},
								"up": {"uv": [30, 78], "uv_size": [3, 3]},
								"down": {"uv": [96, 74], "uv_size": [3, -3]}
							}
						}
					]
				},
				{
					"name": "back_left_hoof",
					"parent": "back_left_calf",
					"pivot": [-2.0759, 1.5421, 5.85805],
					"cubes": [
						{
							"origin": [-3.02081, 0.00407, 4.92002],
							"size": [1.88982, 1.88982, 1.88982],
							"inflate": 0.01,
							"uv": {
								"north": {"uv": [99, 81], "uv_size": [3, 3]},
								"east": {"uv": [104, 106], "uv_size": [3, 3]},
								"south": {"uv": [107, 20], "uv_size": [3, 3]},
								"west": {"uv": [107, 23], "uv_size": [3, 3]},
								"up": {"uv": [32, 107], "uv_size": [3, 3]},
								"down": {"uv": [107, 37], "uv_size": [3, -3]}
							}
						}
					]
				},
				{
					"name": "back_left_leg",
					"parent": "body",
					"pivot": [2.0759, 14.04849, 4.43458],
					"cubes": [
						{
							"origin": [0.59718, 9.30765, 2.06619],
							"size": [2.95742, 6.51611, 5.03333],
							"inflate": 0.01,
							"uv": {
								"north": {"uv": [67, 85], "uv_size": [4, 10]},
								"east": {"uv": [42, 64], "uv_size": [8, 10]},
								"south": {"uv": [71, 85], "uv_size": [4, 10]},
								"west": {"uv": [57, 65], "uv_size": [8, 10]},
								"up": {"uv": [55, 91], "uv_size": [4, 8]},
								"down": {"uv": [91, 71], "uv_size": [4, -8]}
							}
						}
					]
				},
				{
					"name": "back_right_calf",
					"parent": "back_left_leg",
					"pivot": [2.0759, 9.53113, 6.06563],
					"cubes": [
						{
							"origin": [0.88967, 5.93113, 4.44146],
							"size": [2.37245, 5.15179, 3.26212],
							"uv": {
								"north": {"uv": [98, 84], "uv_size": [4, 6]},
								"east": {"uv": [93, 55], "uv_size": [5, 6]},
								"south": {"uv": [99, 40], "uv_size": [4, 6]},
								"west": {"uv": [75, 93], "uv_size": [5, 6]},
								"up": {"uv": [104, 88], "uv_size": [4, 5]},
								"down": {"uv": [104, 98], "uv_size": [4, -5]}
							}
						},
						{
							"origin": [1.18622, 1.18622, 5.62769],
							"size": [1.77934, 4.74491, 2.07589],
							"uv": {
								"north": {"uv": [67, 100], "uv_size": [3, 7]},
								"east": {"uv": [70, 100], "uv_size": [3, 7]},
								"south": {"uv": [25, 101], "uv_size": [3, 7]},
								"west": {"uv": [36, 101], "uv_size": [3, 7]},
								"up": {"uv": [41, 108], "uv_size": [3, 3]},
								"down": {"uv": [108, 62], "uv_size": [3, -3]}
							}
						}
					]
				},
				{
					"name": "back_right_hoof",
					"parent": "back_right_calf",
					"pivot": [2.0759, 1.5421, 5.85805],
					"cubes": [
						{
							"origin": [1.13099, 0.00407, 4.92002],
							"size": [1.88982, 1.88982, 1.88982],
							"inflate": 0.01,
							"uv": {
								"north": {"uv": [108, 71], "uv_size": [3, 3]},
								"east": {"uv": [108, 77], "uv_size": [3, 3]},
								"south": {"uv": [108, 87], "uv_size": [3, 3]},
								"west": {"uv": [108, 90], "uv_size": [3, 3]},
								"up": {"uv": [108, 93], "uv_size": [3, 3]},
								"down": {"uv": [108, 99], "uv_size": [3, -3]}
							}
						}
					]
				},
				{
					"name": "neck",
					"parent": "body",
					"pivot": [0, 14.20257, -5.78319],
					"rotation": [12.5, 0, 0],
					"cubes": [
						{
							"origin": [-1.48278, 13.25706, -9.06541],
							"size": [2.96556, 4.15179, 5.33802],
							"pivot": [0, 15.0364, -5.50673],
							"rotation": [-30, 0, 0],
							"uv": {
								"north": {"uv": [38, 95], "uv_size": [4, 6]},
								"east": {"uv": [14, 78], "uv_size": [8, 6]},
								"south": {"uv": [97, 30], "uv_size": [4, 6]},
								"west": {"uv": [22, 78], "uv_size": [8, 6]},
								"up": {"uv": [89, 0], "uv_size": [4, 8]},
								"down": {"uv": [89, 63], "uv_size": [4, -8]}
							}
						},
						{
							"origin": [-1.48685, 15.68476, -12.98403],
							"size": [2.9737, 3.80406, 5.34616],
							"inflate": -0.01,
							"pivot": [0, 17.11229, -12.38684],
							"rotation": [-7.5, 0, 0],
							"uv": {
								"north": {"uv": [97, 90], "uv_size": [4, 6]},
								"east": {"uv": [79, 36], "uv_size": [8, 6]},
								"south": {"uv": [93, 97], "uv_size": [4, 6]},
								"west": {"uv": [51, 80], "uv_size": [8, 6]},
								"up": {"uv": [85, 90], "uv_size": [4, 8]},
								"down": {"uv": [89, 98], "uv_size": [4, -8]}
							}
						},
						{
							"origin": [-1.49092, 14.14341, -13.20465],
							"size": [2.98184, 3.10046, 8.31986],
							"inflate": -0.02,
							"pivot": [0, 14.86329, -9.57852],
							"rotation": [-36, 0, 0],
							"uv": {
								"north": {"uv": [101, 30], "uv_size": [4, 5]},
								"east": {"uv": [73, 56], "uv_size": [12, 5]},
								"south": {"uv": [103, 21], "uv_size": [4, 5]},
								"west": {"uv": [51, 75], "uv_size": [12, 5]},
								"up": {"uv": [59, 80], "uv_size": [4, 12]},
								"down": {"uv": [81, 12], "uv_size": [4, -12]}
							}
						}
					]
				},
				{
					"name": "mane",
					"parent": "neck",
					"pivot": [0, 18.6364, -7.36672]
				},
				{
					"name": "short",
					"parent": "mane",
					"pivot": [0, 17.11228, -7.36672],
					"cubes": [
						{
							"origin": [-0.53787, 19.48068, -12.98403],
							"size": [1.07574, 0.79281, 5.64202],
							"inflate": -0.01,
							"pivot": [0, 17.11229, -12.38684],
							"rotation": [-7.5, 0, 0],
							"uv": {
								"north": {"uv": [84, 66], "uv_size": [2, 1]},
								"east": {"uv": [63, 76], "uv_size": [9, 1]},
								"south": {"uv": [87, 55], "uv_size": [2, 1]},
								"west": {"uv": [88, 22], "uv_size": [9, 1]},
								"up": {"uv": [29, 32], "uv_size": [2, 9]},
								"down": {"uv": [18, 45], "uv_size": [2, -9]}
							}
						},
						{
							"origin": [-0.5338, 17.29023, -9.06541],
							"size": [1.0676, 0.9476, 5.10077],
							"pivot": [0, 15.0364, -5.50673],
							"rotation": [-30, 0, 0],
							"uv": {
								"north": {"uv": [39, 42], "uv_size": [2, 2]},
								"east": {"uv": [71, 36], "uv_size": [8, 2]},
								"south": {"uv": [61, 20], "uv_size": [2, 2]},
								"west": {"uv": [72, 27], "uv_size": [8, 2]},
								"up": {"uv": [12, 85], "uv_size": [2, 8]},
								"down": {"uv": [83, 107], "uv_size": [2, -8]}
							}
						}
					]
				},
				{
					"name": "head",
					"parent": "neck",
					"pivot": [0, 18.305, -12.18831],
					"rotation": [22.5, 0, 0],
					"cubes": [
						{
							"origin": [-1.78078, 18.1307, -16.7332],
							"size": [3.56155, 1.47941, 4.75258],
							"pivot": [0, 18.7, -14.3],
							"rotation": [1, 0, 0],
							"uv": {
								"north": {"uv": [34, 62], "uv_size": [5, 2]},
								"east": {"uv": [103, 75], "uv_size": [7, 2]},
								"south": {"uv": [106, 18], "uv_size": [5, 2]},
								"west": {"uv": [105, 57], "uv_size": [7, 2]},
								"up": {"uv": [51, 68], "uv_size": [5, 7]},
								"down": {"uv": [42, 94], "uv_size": [5, -7]}
							}
						},
						{
							"origin": [-1.78078, 16.32283, -16.7332],
							"size": [3.56155, 1.90787, 2.56086],
							"uv": {
								"north": {"uv": [82, 33], "uv_size": [5, 3]},
								"east": {"uv": [105, 68], "uv_size": [4, 3]},
								"south": {"uv": [91, 71], "uv_size": [5, 3]},
								"west": {"uv": [106, 7], "uv_size": [4, 3]},
								"up": {"uv": [68, 46], "uv_size": [5, 4]},
								"down": {"uv": [100, 71], "uv_size": [5, -4]}
							}
						},
						{
							"origin": [-2.04378, 15.87727, -15.54366],
							"size": [4.08756, 2.38984, 3.49267],
							"uv": {
								"north": {"uv": [66, 61], "uv_size": [6, 4]},
								"east": {"uv": [104, 98], "uv_size": [4, 4]},
								"south": {"uv": [93, 6], "uv_size": [6, 4]},
								"west": {"uv": [100, 104], "uv_size": [4, 4]},
								"up": {"uv": [97, 22], "uv_size": [6, 4]},
								"down": {"uv": [97, 40], "uv_size": [6, -4]}
							}
						}
					]
				},
				{
					"name": "right_ear",
					"parent": "head",
					"pivot": [-1.10408, 19.42118, -12.3439],
					"cubes": [
						{
							"origin": [-1.81639, 19.21011, -12.70005],
							"size": [1.42462, 2.13693, 0.71231],
							"inflate": -0.1,
							"uv": {
								"north": {"uv": [89, 63], "uv_size": [2, 3]},
								"east": {"uv": [30, 14], "uv_size": [1, 3]},
								"south": {"uv": [90, 30], "uv_size": [2, 3]},
								"west": {"uv": [28, 46], "uv_size": [1, 3]},
								"up": {"uv": [29, 41], "uv_size": [2, 1]},
								"down": {"uv": [18, 46], "uv_size": [2, -1]}
							}
						}
					]
				},
				{
					"name": "left_ear",
					"parent": "head",
					"pivot": [1.10408, 19.42118, -12.3439],
					"cubes": [
						{
							"origin": [0.39177, 19.21011, -12.70005],
							"size": [1.42462, 2.13693, 0.71231],
							"inflate": -0.1,
							"uv": {
								"north": {"uv": [91, 98], "uv_size": [2, 3]},
								"east": {"uv": [28, 49], "uv_size": [1, 3]},
								"south": {"uv": [100, 46], "uv_size": [2, 3]},
								"west": {"uv": [50, 68], "uv_size": [1, 3]},
								"up": {"uv": [63, 75], "uv_size": [2, 1]},
								"down": {"uv": [77, 39], "uv_size": [2, -1]}
							}
						}
					]
				},
				{
					"name": "mouth",
					"parent": "head",
					"pivot": [0, 18.08091, -16.50227],
					"rotation": [-5, 0, 0],
					"cubes": [
						{
							"origin": [-1.64378, 16.7131, -18.87305],
							"size": [3.28757, 2.87497, 3.25443],
							"inflate": -0.1,
							"uv": {
								"north": {"uv": [103, 60], "uv_size": [5, 4]},
								"east": {"uv": [103, 71], "uv_size": [5, 4]},
								"south": {"uv": [91, 103], "uv_size": [5, 4]},
								"west": {"uv": [15, 104], "uv_size": [5, 4]},
								"up": {"uv": [92, 36], "uv_size": [5, 5]},
								"down": {"uv": [33, 100], "uv_size": [5, -5]}
							}
						}
					]
				},
				{
					"name": "jaw",
					"parent": "mouth",
					"pivot": [0, 16.32291, -16.13511],
					"cubes": [
						{
							"origin": [-1.34242, 16.51225, -18.63837],
							"size": [2.68484, 0.79723, 3.18319],
							"inflate": -0.1,
							"pivot": [0, 16.52291, -15.83511],
							"rotation": [8, 0, 0],
							"uv": {
								"north": {"uv": [87, 41], "uv_size": [4, 1]},
								"east": {"uv": [63, 39], "uv_size": [5, 1]},
								"south": {"uv": [89, 8], "uv_size": [4, 1]},
								"west": {"uv": [87, 84], "uv_size": [5, 1]},
								"up": {"uv": [20, 104], "uv_size": [4, 5]},
								"down": {"uv": [28, 109], "uv_size": [4, -5]}
							}
						}
					]
				},
				{
					"name": "tail",
					"parent": "body",
					"pivot": [0, 16.45919, 7.51458],
					"cubes": [
						{
							"origin": [-0.92271, 11.50331, 7.42224],
							"size": [1.84541, 5.16684, 2.08266],
							"inflate": 0.05,
							"uv": {
								"north": {"uv": [34, 85], "uv_size": [4, 10]},
								"east": {"uv": [38, 85], "uv_size": [4, 10]},
								"south": {"uv": [85, 56], "uv_size": [4, 10]},
								"west": {"uv": [63, 85], "uv_size": [4, 10]},
								"up": {"uv": [104, 102], "uv_size": [4, 4]},
								"down": {"uv": [105, 34], "uv_size": [4, -4]}
							}
						}
					]
				},
				{
					"name": "tail_2",
					"parent": "tail",
					"pivot": [0, 11.95153, 8.46356],
					"cubes": [
						{
							"origin": [-0.68546, 7.70739, 7.65948],
							"size": [1.37092, 4.69235, 1.60817],
							"inflate": 0.05,
							"uv": {
								"north": {"uv": [16, 95], "uv_size": [3, 9]},
								"east": {"uv": [19, 95], "uv_size": [3, 9]},
								"south": {"uv": [22, 95], "uv_size": [3, 9]},
								"west": {"uv": [30, 95], "uv_size": [3, 9]},
								"up": {"uv": [107, 37], "uv_size": [3, 3]},
								"down": {"uv": [107, 43], "uv_size": [3, -3]}
							}
						}
					]
				}
			]
		}
	]
}