{
	"format_version": "1.12.0",
	"minecraft:geometry": [
		{
			"description": {
				"identifier": "geometry.unknown",
				"texture_width": 128,
				"texture_height": 128,
				"visible_bounds_width": 6,
				"visible_bounds_height": 3.5,
				"visible_bounds_offset": [0, 1.25, 0]
			},
			"bones": [
				{
					"name": "body",
					"pivot": [0, 16.14835, 0]
				},
				{
					"name": "body_piv",
					"parent": "body",
					"pivot": [0, 15.84834, 0],
					"cubes": [
						{
							"origin": [-4.44835, 10.25537, -3.55868],
							"size": [8.8967, 10.67603, 7.11736],
							"uv": {
								"north": {"uv": [52, 0], "uv_size": [9, 11]},
								"east": {"uv": [65, 65], "uv_size": [7, 11]},
								"south": {"uv": [52, 11], "uv_size": [9, 11]},
								"west": {"uv": [66, 50], "uv_size": [7, 11]},
								"up": {"uv": [33, 74], "uv_size": [9, 7]},
								"down": {"uv": [42, 81], "uv_size": [9, -7]}
							}
						},
						{
							"origin": [0.27242, 10.639, -12.80573],
							"size": [4.43731, 10.665, 9.68637],
							"inflate": 0.05,
							"pivot": [0, 16.10495, -7.11735],
							"rotation": [-5, 0, 0],
							"uv": {
								"north": {"uv": [18, 84], "uv_size": [4, 11]},
								"east": {"uv": [42, 33], "uv_size": [10, 11]},
								"south": {"uv": [22, 84], "uv_size": [4, 11]},
								"west": {"uv": [39, 44], "uv_size": [10, 11]},
								"up": {"uv": [8, 85], "uv_size": [4, 10]},
								"down": {"uv": [30, 95], "uv_size": [4, -10]}
							}
						},
						{
							"origin": [-4.70973, 10.639, -12.80573],
							"size": [4.43731, 10.665, 9.68637],
							"inflate": 0.05,
							"pivot": [0, 16.10495, -7.11735],
							"rotation": [-5, 0, 0],
							"uv": {
								"north": {"uv": [84, 12], "uv_size": [4, 11]},
								"east": {"uv": [52, 22], "uv_size": [-10, 11]},
								"south": {"uv": [14, 84], "uv_size": [4, 11]},
								"west": {"uv": [29, 42], "uv_size": [10, 11]},
								"up": {"uv": [26, 84], "uv_size": [4, 10]},
								"down": {"uv": [0, 95], "uv_size": [4, -10]}
							}
						},
						{
							"origin": [-4.62077, 10.71705, 2.1276],
							"size": [9.24154, 10.665, 9.77534],
							"inflate": 0.05,
							"pivot": [0, 16.04954, 7.01527],
							"rotation": [5, 0, 0],
							"uv": {
								"north": {"uv": [0, 50], "uv_size": [9, 11]},
								"east": {"uv": [42, 0], "uv_size": [10, 11]},
								"south": {"uv": [9, 50], "uv_size": [9, 11]},
								"west": {"uv": [42, 11], "uv_size": [10, 11]},
								"up": {"uv": [57, 55], "uv_size": [9, 10]},
								"down": {"uv": [59, 50], "uv_size": [9, -10]}
							}
						},
						{
							"origin": [-4.44835, 11.14504, -12.45537],
							"size": [8.8967, 9.78636, 8.89669],
							"uv": {
								"north": {"uv": [0, 61], "uv_size": [9, 10]},
								"east": {"uv": [61, 0], "uv_size": [9, 10]},
								"south": {"uv": [9, 61], "uv_size": [9, 10]},
								"west": {"uv": [61, 10], "uv_size": [9, 10]},
								"up": {"uv": [25, 62], "uv_size": [9, 9]},
								"down": {"uv": [63, 29], "uv_size": [9, -9]}
							}
						}
					]
				},
				{
					"name": "saddle",
					"parent": "body_piv",
					"pivot": [0, 18.32913, -2.59487],
					"cubes": [
						{
							"origin": [-5.60492, 15.59339, 1.77934],
							"size": [11.20984, 7.11735, 1.77934],
							"uv": {
								"north": {"uv": [71, 29], "uv_size": [11, 7]},
								"east": {"uv": [105, 81], "uv_size": [2, 7]},
								"south": {"uv": [72, 14], "uv_size": [11, 7]},
								"west": {"uv": [106, 0], "uv_size": [2, 7]},
								"up": {"uv": [98, 26], "uv_size": [11, 2]},
								"down": {"uv": [98, 30], "uv_size": [11, -2]}
							}
						},
						{
							"origin": [-5.51595, 15.59339, -4.44835],
							"size": [11.0319, 6.49459, 7.11735],
							"uv": {
								"north": {"uv": [70, 7], "uv_size": [11, 7]},
								"east": {"uv": [0, 78], "uv_size": [7, 7]},
								"south": {"uv": [0, 71], "uv_size": [11, 7]},
								"west": {"uv": [7, 78], "uv_size": [7, 7]},
								"up": {"uv": [11, 71], "uv_size": [11, 7]},
								"down": {"uv": [22, 78], "uv_size": [11, -7]}
							}
						},
						{
							"origin": [-5.96078, 13.81405, -5.33802],
							"size": [11.92156, 6.22769, 4.44835],
							"uv": {
								"north": {"uv": [72, 21], "uv_size": [12, 6]},
								"east": {"uv": [99, 71], "uv_size": [4, 6]},
								"south": {"uv": [72, 61], "uv_size": [12, 6]},
								"west": {"uv": [73, 99], "uv_size": [4, 6]},
								"up": {"uv": [79, 42], "uv_size": [12, 4]},
								"down": {"uv": [30, 85], "uv_size": [12, -4]}
							}
						},
						{
							"origin": [-5.60492, 15.59339, -6.22768],
							"size": [11.20984, 7.20632, 1.77933],
							"uv": {
								"north": {"uv": [68, 39], "uv_size": [11, 7]},
								"east": {"uv": [73, 105], "uv_size": [2, 7]},
								"south": {"uv": [70, 0], "uv_size": [11, 7]},
								"west": {"uv": [75, 105], "uv_size": [2, 7]},
								"up": {"uv": [97, 77], "uv_size": [11, 2]},
								"down": {"uv": [97, 81], "uv_size": [11, -2]}
							}
						},
						{
							"origin": [-5.96078, 10.25537, -4.89318],
							"size": [11.92156, 3.55868, 2.66901],
							"uv": {
								"north": {"uv": [63, 81], "uv_size": [12, 4]},
								"east": {"uv": [25, 57], "uv_size": [3, 4]},
								"south": {"uv": [75, 81], "uv_size": [12, 4]},
								"west": {"uv": [47, 87], "uv_size": [3, 4]},
								"up": {"uv": [87, 52], "uv_size": [12, 3]},
								"down": {"uv": [87, 84], "uv_size": [12, -3]}
							}
						},
						{
							"origin": [-0.97863, 22.79971, -6.22768],
							"size": [1.95726, 2.04624, 1.77933],
							"uv": {
								"north": {"uv": [70, 18], "uv_size": [2, 2]},
								"east": {"uv": [80, 27], "uv_size": [2, 2]},
								"south": {"uv": [81, 12], "uv_size": [2, 2]},
								"west": {"uv": [85, 10], "uv_size": [2, 2]},
								"up": {"uv": [12, 93], "uv_size": [2, 2]},
								"down": {"uv": [93, 63], "uv_size": [2, -2]}
							}
						}
					]
				},
				{
					"name": "body_armor",
					"parent": "body_piv",
					"pivot": [0, 13.81405, 0],
					"cubes": [
						{
							"origin": [-5.51595, 7.58637, -13.34504],
							"size": [11.0319, 14.32368, 8.89669],
							"uv": {
								"north": {"uv": [20, 18], "uv_size": [11, 14]},
								"east": {"uv": [20, 32], "uv_size": [9, 14]},
								"south": {"uv": [22, 0], "uv_size": [11, 14]},
								"west": {"uv": [33, 0], "uv_size": [9, 14]},
								"up": {"uv": [52, 22], "uv_size": [11, 9]},
								"down": {"uv": [52, 40], "uv_size": [11, -9]}
							}
						},
						{
							"origin": [-5.51595, 7.58637, 2.54835],
							"size": [11.0319, 14.32368, 9.88566],
							"uv": {
								"north": {"uv": [31, 14], "uv_size": [11, 14]},
								"east": {"uv": [0, 36], "uv_size": [9, 14]},
								"south": {"uv": [31, 28], "uv_size": [11, 14]},
								"west": {"uv": [9, 36], "uv_size": [9, 14]},
								"up": {"uv": [28, 53], "uv_size": [11, 9]},
								"down": {"uv": [39, 64], "uv_size": [11, -9]}
							}
						}
					]
				},
				{
					"name": "blanket",
					"parent": "body_armor",
					"pivot": [0, 19.15207, 0],
					"cubes": [
						{
							"origin": [-4.89318, 4.02769, -5.33802],
							"size": [9.78636, 17.79338, 10.67604],
							"uv": {
								"north": {"uv": [0, 18], "uv_size": [10, 18]},
								"east": {"uv": [0, 0], "uv_size": [11, 18]},
								"south": {"uv": [10, 18], "uv_size": [10, 18]},
								"west": {"uv": [11, 0], "uv_size": [11, 18]},
								"up": {"uv": [18, 46], "uv_size": [10, 11]},
								"down": {"uv": [49, 55], "uv_size": [10, -11]}
							}
						}
					]
				},
				{
					"name": "saddlebags",
					"parent": "body_piv",
					"pivot": [0, 19.2624, 6.22769],
					"cubes": [
						{
							"origin": [-6.93942, 16.59339, 3.55868],
							"size": [13.87884, 5.33801, 5.33802],
							"uv": {
								"north": {"uv": [72, 67], "uv_size": [14, 5]},
								"east": {"uv": [95, 61], "uv_size": [5, 5]},
								"south": {"uv": [72, 72], "uv_size": [14, 5]},
								"west": {"uv": [63, 95], "uv_size": [5, 5]},
								"up": {"uv": [73, 46], "uv_size": [14, 5]},
								"down": {"uv": [73, 56], "uv_size": [14, -5]}
							}
						}
					]
				},
				{
					"name": "front_right_leg",
					"parent": "body",
					"pivot": [-2.669, 13.34504, -9.56395],
					"cubes": [
						{
							"origin": [-4.44835, 6.50702, -11.5657],
							"size": [3.55868, 7.11736, 4.00351],
							"inflate": 0.2,
							"uv": {
								"north": {"uv": [59, 92], "uv_size": [4, 7]},
								"east": {"uv": [93, 90], "uv_size": [4, 7]},
								"south": {"uv": [26, 94], "uv_size": [4, 7]},
								"west": {"uv": [42, 94], "uv_size": [4, 7]},
								"up": {"uv": [105, 45], "uv_size": [4, 4]},
								"down": {"uv": [105, 53], "uv_size": [4, -4]}
							}
						}
					]
				},
				{
					"name": "front_right_calf",
					"parent": "front_right_leg",
					"pivot": [-2.669, 8.45186, -9.56395],
					"cubes": [
						{
							"origin": [-4.00352, 1.77934, -11.12087],
							"size": [2.66902, 8.00703, 3.11385],
							"inflate": 0.2,
							"uv": {
								"north": {"uv": [85, 98], "uv_size": [3, 8]},
								"east": {"uv": [88, 98], "uv_size": [3, 8]},
								"south": {"uv": [46, 99], "uv_size": [3, 8]},
								"west": {"uv": [49, 99], "uv_size": [3, 8]},
								"up": {"uv": [51, 107], "uv_size": [3, 3]},
								"down": {"uv": [54, 110], "uv_size": [3, -3]}
							}
						}
					]
				},
				{
					"name": "front_right_feathering",
					"parent": "front_right_calf",
					"pivot": [-2.669, 7.80257, -8.71925],
					"cubes": [
						{
							"origin": [-4.00472, 0.54736, -10.24295],
							"size": [2.67142, 7.48197, 3.11626],
							"inflate": 0.19,
							"pivot": [-2.669, 4.02461, -8.68483],
							"rotation": [7.5, 0, 0],
							"uv": {
								"north": {"uv": [39, 101], "uv_size": [3, 7]},
								"east": {"uv": [42, 101], "uv_size": [3, 7]},
								"south": {"uv": [101, 90], "uv_size": [3, 7]},
								"west": {"uv": [101, 97], "uv_size": [3, 7]},
								"up": {"uv": [108, 102], "uv_size": [3, 3]},
								"down": {"uv": [0, 112], "uv_size": [3, -3]}
							}
						}
					]
				},
				{
					"name": "front_right_hoof",
					"parent": "front_right_calf",
					"pivot": [-2.669, 2.31314, -9.87533],
					"cubes": [
						{
							"origin": [-4.09137, 0.0011, -12.18737],
							"size": [2.84472, 2.84474, 2.84474],
							"inflate": 0.21,
							"uv": {
								"north": {"uv": [57, 107], "uv_size": [3, 3]},
								"east": {"uv": [60, 107], "uv_size": [3, 3]},
								"south": {"uv": [63, 107], "uv_size": [3, 3]},
								"west": {"uv": [66, 107], "uv_size": [3, 3]},
								"up": {"uv": [69, 107], "uv_size": [3, 3]},
								"down": {"uv": [77, 110], "uv_size": [3, -3]}
							}
						}
					]
				},
				{
					"name": "front_right_shoe",
					"parent": "front_right_hoof",
					"pivot": [0, 15.12438, -1.06761],
					"cubes": [
						{
							"origin": [-4.08697, 0.00551, -12.18295],
							"size": [2.83592, 0.61174, 2.8359],
							"inflate": 0.25,
							"uv": {
								"north": {"uv": [109, 52], "uv_size": [3, 1]},
								"east": {"uv": [109, 53], "uv_size": [3, 1]},
								"south": {"uv": [109, 54], "uv_size": [3, 1]},
								"west": {"uv": [109, 55], "uv_size": [3, 1]},
								"up": {"uv": [80, 107], "uv_size": [3, 3]},
								"down": {"uv": [107, 84], "uv_size": [3, -3]}
							}
						}
					]
				},
				{
					"name": "front_left_leg",
					"parent": "body",
					"pivot": [2.669, 13.34504, -9.56395],
					"cubes": [
						{
							"origin": [0.88967, 6.50702, -11.5657],
							"size": [3.55868, 7.11736, 4.00351],
							"inflate": 0.2,
							"uv": {
								"north": {"uv": [0, 95], "uv_size": [4, 7]},
								"east": {"uv": [4, 95], "uv_size": [4, 7]},
								"south": {"uv": [8, 95], "uv_size": [4, 7]},
								"west": {"uv": [12, 95], "uv_size": [4, 7]},
								"up": {"uv": [105, 53], "uv_size": [4, 4]},
								"down": {"uv": [105, 68], "uv_size": [4, -4]}
							}
						}
					]
				},
				{
					"name": "front_left_calf",
					"parent": "front_left_leg",
					"pivot": [2.669, 8.45186, -9.56395],
					"cubes": [
						{
							"origin": [1.3345, 1.77934, -11.12087],
							"size": [2.66901, 8.00703, 3.11385],
							"inflate": 0.2,
							"uv": {
								"north": {"uv": [52, 99], "uv_size": [3, 8]},
								"east": {"uv": [99, 52], "uv_size": [3, 8]},
								"south": {"uv": [55, 99], "uv_size": [3, 8]},
								"west": {"uv": [58, 99], "uv_size": [3, 8]},
								"up": {"uv": [107, 84], "uv_size": [3, 3]},
								"down": {"uv": [91, 110], "uv_size": [3, -3]}
							}
						}
					]
				},
				{
					"name": "front_left_feathering",
					"parent": "front_left_calf",
					"pivot": [2.669, 7.80257, -8.71925],
					"cubes": [
						{
							"origin": [1.33329, 0.54736, -10.24295],
							"size": [2.67143, 7.48197, 3.11626],
							"inflate": 0.19,
							"pivot": [2.669, 4.02461, -8.68483],
							"rotation": [7.5, 0, 0],
							"uv": {
								"north": {"uv": [0, 102], "uv_size": [3, 7]},
								"east": {"uv": [3, 102], "uv_size": [3, 7]},
								"south": {"uv": [6, 102], "uv_size": [3, 7]},
								"west": {"uv": [9, 102], "uv_size": [3, 7]},
								"up": {"uv": [3, 109], "uv_size": [3, 3]},
								"down": {"uv": [6, 112], "uv_size": [3, -3]}
							}
						}
					]
				},
				{
					"name": "front_left_hoof",
					"parent": "front_left_calf",
					"pivot": [2.669, 2.31314, -9.87533],
					"cubes": [
						{
							"origin": [1.24664, 0.0011, -12.18737],
							"size": [2.84473, 2.84474, 2.84474],
							"inflate": 0.21,
							"uv": {
								"north": {"uv": [94, 107], "uv_size": [3, 3]},
								"east": {"uv": [107, 106], "uv_size": [3, 3]},
								"south": {"uv": [108, 0], "uv_size": [3, 3]},
								"west": {"uv": [108, 3], "uv_size": [3, 3]},
								"up": {"uv": [15, 108], "uv_size": [3, 3]},
								"down": {"uv": [24, 111], "uv_size": [3, -3]}
							}
						}
					]
				},
				{
					"name": "front_left_shoe",
					"parent": "front_left_hoof",
					"pivot": [0, 15.12438, -1.06761],
					"cubes": [
						{
							"origin": [1.25105, 0.00551, -12.18295],
							"size": [2.83592, 0.61174, 2.8359],
							"inflate": 0.25,
							"uv": {
								"north": {"uv": [109, 56], "uv_size": [3, 1]},
								"east": {"uv": [109, 64], "uv_size": [3, 1]},
								"south": {"uv": [109, 65], "uv_size": [3, 1]},
								"west": {"uv": [109, 66], "uv_size": [3, 1]},
								"up": {"uv": [35, 108], "uv_size": [3, 3]},
								"down": {"uv": [38, 111], "uv_size": [3, -3]}
							}
						}
					]
				},
				{
					"name": "back_right_leg",
					"parent": "body",
					"pivot": [-3.11385, 18.67273, 6.55186],
					"cubes": [
						{
							"origin": [-5.33691, 11.55648, 2.99428],
							"size": [4.44613, 9.78416, 7.55999],
							"inflate": 0.01,
							"uv": {
								"north": {"uv": [85, 0], "uv_size": [4, 10]},
								"east": {"uv": [63, 29], "uv_size": [8, 10]},
								"south": {"uv": [4, 85], "uv_size": [4, 10]},
								"west": {"uv": [34, 64], "uv_size": [8, 10]},
								"up": {"uv": [47, 91], "uv_size": [4, 8]},
								"down": {"uv": [51, 99], "uv_size": [4, -8]}
							}
						}
					]
				},
				{
					"name": "back_left_calf",
					"parent": "back_right_leg",
					"pivot": [-3.11385, 14.2967, 8.99845],
					"cubes": [
						{
							"origin": [-4.89318, 7.8967, 6.56219],
							"size": [3.55868, 6.22768, 4.89318],
							"inflate": 0.2,
							"uv": {
								"north": {"uv": [97, 96], "uv_size": [4, 6]},
								"east": {"uv": [92, 30], "uv_size": [5, 6]},
								"south": {"uv": [98, 0], "uv_size": [4, 6]},
								"west": {"uv": [93, 0], "uv_size": [5, 6]},
								"up": {"uv": [103, 35], "uv_size": [4, 5]},
								"down": {"uv": [103, 45], "uv_size": [4, -5]}
							}
						},
						{
							"origin": [-4.44835, 1.77934, 8.34153],
							"size": [2.66901, 7.11736, 3.11384],
							"inflate": 0.2,
							"uv": {
								"north": {"uv": [33, 100], "uv_size": [3, 7]},
								"east": {"uv": [100, 60], "uv_size": [3, 7]},
								"south": {"uv": [61, 100], "uv_size": [3, 7]},
								"west": {"uv": [64, 100], "uv_size": [3, 7]},
								"up": {"uv": [30, 78], "uv_size": [3, 3]},
								"down": {"uv": [96, 74], "uv_size": [3, -3]}
							}
						}
					]
				},
				{
					"name": "back_right_feathering",
					"parent": "back_left_calf",
					"pivot": [-2.759, 7.80257, 10.47963],
					"cubes": [
						{
							"origin": [-4.44637, 0.54736, 8.88889],
							"size": [2.67143, 7.48197, 3.11626],
							"inflate": 0.19,
							"pivot": [-3.11065, 4.02461, 10.44702],
							"rotation": [7.5, 0, 0],
							"uv": {
								"north": {"uv": [97, 102], "uv_size": [3, 7]},
								"east": {"uv": [103, 0], "uv_size": [3, 7]},
								"south": {"uv": [103, 7], "uv_size": [3, 7]},
								"west": {"uv": [103, 14], "uv_size": [3, 7]},
								"up": {"uv": [12, 109], "uv_size": [3, 3]},
								"down": {"uv": [109, 16], "uv_size": [3, -3]}
							}
						}
					]
				},
				{
					"name": "back_left_hoof",
					"parent": "back_left_calf",
					"pivot": [-3.11385, 2.31314, 8.68707],
					"cubes": [
						{
							"origin": [-4.53622, 0.0011, 7.27503],
							"size": [2.84474, 2.84474, 2.84474],
							"inflate": 0.21,
							"uv": {
								"north": {"uv": [99, 81], "uv_size": [3, 3]},
								"east": {"uv": [104, 106], "uv_size": [3, 3]},
								"south": {"uv": [107, 20], "uv_size": [3, 3]},
								"west": {"uv": [107, 23], "uv_size": [3, 3]},
								"up": {"uv": [32, 107], "uv_size": [3, 3]},
								"down": {"uv": [107, 37], "uv_size": [3, -3]}
							}
						}
					]
				},
				{
					"name": "back_left_shoe",
					"parent": "back_left_hoof",
					"pivot": [-0.44483, 15.12438, 17.49479],
					"cubes": [
						{
							"origin": [-4.5318, 0.00551, 7.27944],
							"size": [2.83592, 0.61174, 2.83592],
							"inflate": 0.25,
							"uv": {
								"north": {"uv": [25, 61], "uv_size": [3, 1]},
								"east": {"uv": [105, 59], "uv_size": [3, 1]},
								"south": {"uv": [109, 50], "uv_size": [3, 1]},
								"west": {"uv": [109, 51], "uv_size": [3, 1]},
								"up": {"uv": [45, 107], "uv_size": [3, 3]},
								"down": {"uv": [48, 110], "uv_size": [3, -3]}
							}
						}
					]
				},
				{
					"name": "back_left_leg",
					"parent": "body",
					"pivot": [3.11385, 18.67273, 6.55186],
					"cubes": [
						{
							"origin": [0.89078, 11.55648, 2.99428],
							"size": [4.44613, 9.78416, 7.55999],
							"inflate": 0.01,
							"uv": {
								"north": {"uv": [67, 85], "uv_size": [4, 10]},
								"east": {"uv": [42, 64], "uv_size": [8, 10]},
								"south": {"uv": [71, 85], "uv_size": [4, 10]},
								"west": {"uv": [57, 65], "uv_size": [8, 10]},
								"up": {"uv": [55, 91], "uv_size": [4, 8]},
								"down": {"uv": [91, 71], "uv_size": [4, -8]}
							}
						}
					]
				},
				{
					"name": "back_right_calf",
					"parent": "back_left_leg",
					"pivot": [3.11385, 14.2967, 8.99845],
					"cubes": [
						{
							"origin": [1.3345, 7.8967, 6.56219],
							"size": [3.55868, 6.22768, 4.89318],
							"inflate": 0.2,
							"uv": {
								"north": {"uv": [98, 84], "uv_size": [4, 6]},
								"east": {"uv": [93, 55], "uv_size": [5, 6]},
								"south": {"uv": [99, 40], "uv_size": [4, 6]},
								"west": {"uv": [75, 93], "uv_size": [5, 6]},
								"up": {"uv": [104, 88], "uv_size": [4, 5]},
								"down": {"uv": [104, 98], "uv_size": [4, -5]}
							}
						},
						{
							"origin": [1.77934, 1.77934, 8.34153],
							"size": [2.66901, 7.11736, 3.11384],
							"inflate": 0.2,
							"uv": {
								"north": {"uv": [67, 100], "uv_size": [3, 7]},
								"east": {"uv": [70, 100], "uv_size": [3, 7]},
								"south": {"uv": [25, 101], "uv_size": [3, 7]},
								"west": {"uv": [36, 101], "uv_size": [3, 7]},
								"up": {"uv": [41, 108], "uv_size": [3, 3]},
								"down": {"uv": [108, 62], "uv_size": [3, -3]}
							}
						}
					]
				},
				{
					"name": "back_left_feathering",
					"parent": "back_right_calf",
					"pivot": [2.669, 7.80257, 10.47963],
					"cubes": [
						{
							"origin": [1.77494, 0.54736, 8.88889],
							"size": [2.67143, 7.48197, 3.11626],
							"inflate": 0.19,
							"pivot": [3.11065, 4.02461, 10.44702],
							"rotation": [7.5, 0, 0],
							"uv": {
								"north": {"uv": [12, 102], "uv_size": [3, 7]},
								"east": {"uv": [102, 46], "uv_size": [3, 7]},
								"south": {"uv": [102, 53], "uv_size": [3, 7]},
								"west": {"uv": [102, 81], "uv_size": [3, 7]},
								"up": {"uv": [9, 109], "uv_size": [3, 3]},
								"down": {"uv": [109, 13], "uv_size": [3, -3]}
							}
						}
					]
				},
				{
					"name": "back_right_hoof",
					"parent": "back_right_calf",
					"pivot": [3.11385, 2.31314, 8.68707],
					"cubes": [
						{
							"origin": [1.69148, 0.0011, 7.27503],
							"size": [2.84474, 2.84474, 2.84474],
							"inflate": 0.21,
							"uv": {
								"north": {"uv": [108, 71], "uv_size": [3, 3]},
								"east": {"uv": [108, 77], "uv_size": [3, 3]},
								"south": {"uv": [108, 87], "uv_size": [3, 3]},
								"west": {"uv": [108, 90], "uv_size": [3, 3]},
								"up": {"uv": [108, 93], "uv_size": [3, 3]},
								"down": {"uv": [108, 99], "uv_size": [3, -3]}
							}
						}
					]
				},
				{
					"name": "back_right_shoe",
					"parent": "back_right_hoof",
					"pivot": [0.44483, 15.12438, 17.49479],
					"cubes": [
						{
							"origin": [1.69588, 0.00551, 7.27944],
							"size": [2.83592, 0.61174, 2.83592],
							"inflate": 0.25,
							"uv": {
								"north": {"uv": [109, 67], "uv_size": [3, 1]},
								"east": {"uv": [109, 68], "uv_size": [3, 1]},
								"south": {"uv": [109, 69], "uv_size": [3, 1]},
								"west": {"uv": [109, 70], "uv_size": [3, 1]},
								"up": {"uv": [108, 99], "uv_size": [3, 3]},
								"down": {"uv": [100, 111], "uv_size": [3, -3]}
							}
						}
					]
				},
				{
					"name": "neck",
					"parent": "body",
					"pivot": [0, 18.60386, -9.67478],
					"rotation": [20, 0, 0],
					"cubes": [
						{
							"origin": [-2.22417, 17.18559, -14.59811],
							"size": [4.44834, 6.22768, 8.00703],
							"pivot": [0, 19.8546, -9.2601],
							"rotation": [-30, 0, 0],
							"uv": {
								"north": {"uv": [38, 95], "uv_size": [4, 6]},
								"east": {"uv": [14, 78], "uv_size": [8, 6]},
								"south": {"uv": [97, 30], "uv_size": [4, 6]},
								"west": {"uv": [22, 78], "uv_size": [8, 6]},
								"up": {"uv": [89, 0], "uv_size": [4, 8]},
								"down": {"uv": [89, 63], "uv_size": [4, -8]}
							}
						},
						{
							"origin": [-2.22528, 20.83213, -18.67104],
							"size": [4.45056, 5.6961, 6.20924],
							"inflate": -0.01,
							"pivot": [0, 22.96844, -19.58026],
							"rotation": [-7.5, 0, 0],
							"uv": {
								"north": {"uv": [97, 90], "uv_size": [4, 6]},
								"east": {"uv": [79, 36], "uv_size": [8, 6]},
								"south": {"uv": [93, 97], "uv_size": [4, 6]},
								"west": {"uv": [51, 80], "uv_size": [8, 6]},
								"up": {"uv": [85, 90], "uv_size": [4, 8]},
								"down": {"uv": [89, 98], "uv_size": [4, -8]}
							}
						},
						{
							"origin": [-2.22638, 19.02512, -18.99697],
							"size": [4.45276, 4.63069, 10.65978],
							"inflate": -0.12,
							"pivot": [0, 20.09493, -15.36778],
							"rotation": [-50, 0, 0],
							"uv": {
								"north": {"uv": [101, 30], "uv_size": [4, 5]},
								"east": {"uv": [73, 56], "uv_size": [12, 5]},
								"south": {"uv": [103, 21], "uv_size": [4, 5]},
								"west": {"uv": [51, 75], "uv_size": [12, 5]},
								"up": {"uv": [59, 80], "uv_size": [4, 12]},
								"down": {"uv": [81, 12], "uv_size": [4, -12]}
							}
						}
					]
				},
				{
					"name": "neck_armor",
					"parent": "neck",
					"pivot": [0, 22.96844, -19.58026],
					"cubes": [
						{
							"origin": [-2.669, 18.07526, -14.59811],
							"size": [5.338, 5.51595, 8.00703],
							"pivot": [0, 19.8546, -9.2601],
							"rotation": [-30, 0, 0],
							"uv": {
								"north": {"uv": [80, 93], "uv_size": [5, 6]},
								"east": {"uv": [42, 81], "uv_size": [8, 6]},
								"south": {"uv": [93, 84], "uv_size": [5, 6]},
								"west": {"uv": [82, 27], "uv_size": [8, 6]},
								"up": {"uv": [75, 85], "uv_size": [5, 8]},
								"down": {"uv": [80, 93], "uv_size": [5, -8]}
							}
						},
						{
							"origin": [-2.67011, 21.63284, -20.47104],
							"size": [5.34022, 5.07332, 8.00924],
							"inflate": -0.01,
							"pivot": [0, 22.96844, -19.58026],
							"rotation": [-7.5, 0, 0],
							"uv": {
								"north": {"uv": [95, 66], "uv_size": [5, 5]},
								"east": {"uv": [85, 85], "uv_size": [8, 5]},
								"south": {"uv": [68, 95], "uv_size": [5, 5]},
								"west": {"uv": [50, 86], "uv_size": [8, 5]},
								"up": {"uv": [86, 66], "uv_size": [5, 8]},
								"down": {"uv": [87, 41], "uv_size": [5, -8]}
							}
						}
					]
				},
				{
					"name": "mane",
					"parent": "neck",
					"pivot": [0, 25.2546, -12.05008]
				},
				{
					"name": "roached",
					"parent": "mane",
					"pivot": [0, 22.96842, -12.05008],
					"cubes": [
						{
							"origin": [-0.8018, 26.52602, -20.47104],
							"size": [1.6036, 1.80921, 8.63304],
							"inflate": -0.01,
							"pivot": [0, 22.96844, -19.58026],
							"rotation": [-7.5, 0, 0],
							"uv": {
								"north": {"uv": [84, 66], "uv_size": [2, 1]},
								"east": {"uv": [63, 76], "uv_size": [9, 1]},
								"south": {"uv": [87, 55], "uv_size": [2, 1]},
								"west": {"uv": [88, 22], "uv_size": [9, 1]},
								"up": {"uv": [29, 32], "uv_size": [2, 9]},
								"down": {"uv": [18, 45], "uv_size": [2, -9]}
							}
						},
						{
							"origin": [-0.8007, 23.23534, -14.68811],
							"size": [1.6014, 2.05141, 7.74116],
							"pivot": [0, 19.8546, -9.2601],
							"rotation": [-30, 0, 0],
							"uv": {
								"north": {"uv": [39, 42], "uv_size": [2, 2]},
								"east": {"uv": [71, 36], "uv_size": [8, 2]},
								"south": {"uv": [61, 20], "uv_size": [2, 2]},
								"west": {"uv": [72, 27], "uv_size": [8, 2]},
								"up": {"uv": [12, 85], "uv_size": [2, 8]},
								"down": {"uv": [83, 107], "uv_size": [2, -8]}
							}
						}
					]
				},
				{
					"name": "buttons",
					"parent": "mane",
					"pivot": [0, 22.96842, -12.05008],
					"cubes": [
						{
							"origin": [-0.8018, 26.50377, -20.2931],
							"size": [1.6036, 1.24775, 1.60361],
							"inflate": -0.01,
							"pivot": [0, 22.9462, -19.40232],
							"rotation": [-7.5, 0, 0],
							"uv": {
								"north": {"uv": [97, 40], "uv_size": [2, 1]},
								"east": {"uv": [98, 60], "uv_size": [2, 1]},
								"south": {"uv": [61, 99], "uv_size": [2, 1]},
								"west": {"uv": [36, 100], "uv_size": [2, 1]},
								"up": {"uv": [100, 49], "uv_size": [2, 2]},
								"down": {"uv": [28, 103], "uv_size": [2, -2]}
							}
						},
						{
							"origin": [-0.8018, 23.45698, -6.1859],
							"size": [1.6036, 1.51465, 1.60362],
							"inflate": -0.01,
							"pivot": [0, 24.17813, -8.30449],
							"rotation": [-150, 0, -180],
							"uv": {
								"north": {"uv": [109, 28], "uv_size": [2, 2]},
								"east": {"uv": [29, 109], "uv_size": [2, 2]},
								"south": {"uv": [109, 30], "uv_size": [2, 2]},
								"west": {"uv": [109, 32], "uv_size": [2, 2]},
								"up": {"uv": [109, 43], "uv_size": [2, 2]},
								"down": {"uv": [109, 47], "uv_size": [2, -2]}
							}
						},
						{
							"origin": [-0.8018, 23.52641, -9.06654],
							"size": [1.6036, 1.33672, 1.60361],
							"inflate": -0.01,
							"pivot": [0, 24.17813, -8.30449],
							"rotation": [-150, 0, -180],
							"uv": {
								"north": {"uv": [103, 109], "uv_size": [2, 1]},
								"east": {"uv": [105, 109], "uv_size": [2, 1]},
								"south": {"uv": [107, 109], "uv_size": [2, 1]},
								"west": {"uv": [109, 109], "uv_size": [2, 1]},
								"up": {"uv": [109, 26], "uv_size": [2, 2]},
								"down": {"uv": [27, 111], "uv_size": [2, -2]}
							}
						},
						{
							"origin": [-0.8018, 23.51808, -12.02669],
							"size": [1.6036, 1.24774, 1.60361],
							"inflate": -0.01,
							"pivot": [0, 24.17813, -8.30449],
							"rotation": [-150, 0, -180],
							"uv": {
								"north": {"uv": [103, 66], "uv_size": [2, 1]},
								"east": {"uv": [105, 34], "uv_size": [2, 1]},
								"south": {"uv": [83, 109], "uv_size": [2, 1]},
								"west": {"uv": [97, 109], "uv_size": [2, 1]},
								"up": {"uv": [20, 109], "uv_size": [2, 2]},
								"down": {"uv": [22, 111], "uv_size": [2, -2]}
							}
						},
						{
							"origin": [-0.8018, 26.12566, -17.35719],
							"size": [1.6036, 1.33671, 1.60361],
							"inflate": -0.01,
							"pivot": [0, 22.56809, -16.46642],
							"rotation": [-7.5, 0, 0],
							"uv": {
								"north": {"uv": [100, 51], "uv_size": [2, 1]},
								"east": {"uv": [101, 35], "uv_size": [2, 1]},
								"south": {"uv": [28, 103], "uv_size": [2, 1]},
								"west": {"uv": [103, 45], "uv_size": [2, 1]},
								"up": {"uv": [91, 101], "uv_size": [2, 2]},
								"down": {"uv": [102, 90], "uv_size": [2, -2]}
							}
						},
						{
							"origin": [-0.8018, 25.68083, -14.51025],
							"size": [1.6036, 1.51465, 1.60361],
							"inflate": -0.01,
							"pivot": [0, 22.12326, -13.61947],
							"rotation": [-7.5, 0, 0],
							"uv": {
								"north": {"uv": [103, 64], "uv_size": [2, 2]},
								"east": {"uv": [107, 43], "uv_size": [2, 2]},
								"south": {"uv": [83, 107], "uv_size": [2, 2]},
								"west": {"uv": [18, 108], "uv_size": [2, 2]},
								"up": {"uv": [108, 62], "uv_size": [2, 2]},
								"down": {"uv": [109, 18], "uv_size": [2, -2]}
							}
						}
					]
				},
				{
					"name": "long",
					"parent": "mane",
					"pivot": [0, 25.2546, -12.05008],
					"cubes": [
						{
							"origin": [-0.8018, 22.36962, -20.52334],
							"size": [3.65295, 4.27262, 8.27614],
							"inflate": -0.01,
							"pivot": [0, 22.96844, -19.58026],
							"rotation": [-7.5, 0, 0],
							"uv": {
								"north": {"uv": [106, 10], "uv_size": [3, 4]},
								"east": {"uv": [22, 14], "uv_size": [8, 4]},
								"south": {"uv": [106, 14], "uv_size": [3, 4]},
								"west": {"uv": [89, 77], "uv_size": [8, 4]},
								"up": {"uv": [77, 99], "uv_size": [3, 8]},
								"down": {"uv": [80, 107], "uv_size": [3, -8]}
							}
						},
						{
							"origin": [-0.8007, 25.94586, -23.39612],
							"size": [1.6014, 0.44484, 3.55868],
							"pivot": [0, 26.16828, -21.61678],
							"rotation": [17.5, 0, 0],
							"uv": {
								"north": {"uv": [110, 7], "uv_size": [2, 1]},
								"east": {"uv": [89, 9], "uv_size": [4, 1]},
								"south": {"uv": [110, 8], "uv_size": [2, 1]},
								"west": {"uv": [91, 45], "uv_size": [4, 1]},
								"up": {"uv": [70, 14], "uv_size": [2, 4]},
								"down": {"uv": [70, 18], "uv_size": [2, -4]}
							}
						},
						{
							"origin": [-0.8007, 19.10443, -14.41769],
							"size": [3.65074, 4.44835, 7.65116],
							"pivot": [0, 19.8546, -9.2601],
							"rotation": [-30, 0, 0],
							"uv": {
								"north": {"uv": [85, 106], "uv_size": [3, 4]},
								"east": {"uv": [90, 26], "uv_size": [8, 4]},
								"south": {"uv": [88, 106], "uv_size": [3, 4]},
								"west": {"uv": [91, 41], "uv_size": [8, 4]},
								"up": {"uv": [100, 6], "uv_size": [3, 8]},
								"down": {"uv": [100, 22], "uv_size": [3, -8]}
							}
						}
					]
				},
				{
					"name": "short",
					"parent": "mane",
					"pivot": [0, 22.96842, -12.05008],
					"cubes": [
						{
							"origin": [-0.8018, 26.52602, -18.67104],
							"size": [1.6036, 1.17921, 6.65304],
							"inflate": -0.01,
							"pivot": [0, 22.96844, -19.58026],
							"rotation": [-7.5, 0, 0],
							"uv": {
								"north": {"uv": [84, 66], "uv_size": [2, 1]},
								"east": {"uv": [63, 76], "uv_size": [9, 1]},
								"south": {"uv": [87, 55], "uv_size": [2, 1]},
								"west": {"uv": [88, 22], "uv_size": [9, 1]},
								"up": {"uv": [29, 32], "uv_size": [2, 9]},
								"down": {"uv": [18, 45], "uv_size": [2, -9]}
							}
						},
						{
							"origin": [-0.8007, 23.23534, -14.59811],
							"size": [1.6014, 1.42141, 7.65116],
							"pivot": [0, 19.8546, -9.2601],
							"rotation": [-30, 0, 0],
							"uv": {
								"north": {"uv": [39, 42], "uv_size": [2, 2]},
								"east": {"uv": [71, 36], "uv_size": [8, 2]},
								"south": {"uv": [61, 20], "uv_size": [2, 2]},
								"west": {"uv": [72, 27], "uv_size": [8, 2]},
								"up": {"uv": [12, 85], "uv_size": [2, 8]},
								"down": {"uv": [83, 107], "uv_size": [2, -8]}
							}
						}
					]
				},
				{
					"name": "wagon_harness",
					"parent": "neck",
					"pivot": [-0.02692, 21.98341, -7.23454],
					"rotation": [157.5, 0, 0],
					"cubes": [
						{
							"origin": [-3.7196, 27.05869, -11.29223],
							"size": [7.30996, 4.39024, 12.70669],
							"pivot": [-0.06463, 27.31271, -2.66597],
							"rotation": [67.50008, -0.00168, 0.01959],
							"uv": {
								"north": {"uv": [52, 40], "uv_size": [7, 4]},
								"east": {"uv": [63, 77], "uv_size": [13, 4]},
								"south": {"uv": [59, 50], "uv_size": [7, 4]},
								"west": {"uv": [76, 77], "uv_size": [13, 4]},
								"up": {"uv": [50, 55], "uv_size": [7, 13]},
								"down": {"uv": [18, 70], "uv_size": [7, -13]}
							}
						},
						{
							"origin": [-1.33096, 20.02244, -7.16117],
							"size": [3.71377, 0.86248, 0.86248],
							"pivot": [-0.00788, 19.93556, -8.09474],
							"rotation": [-105.16911, 24.62796, 112.83685],
							"uv": {
								"north": {"uv": [95, 45], "uv_size": [4, 1]},
								"east": {"uv": [56, 74], "uv_size": [1, 1]},
								"south": {"uv": [108, 6], "uv_size": [4, 1]},
								"west": {"uv": [83, 14], "uv_size": [1, 1]},
								"up": {"uv": [108, 74], "uv_size": [4, 1]},
								"down": {"uv": [108, 81], "uv_size": [4, -1]}
							}
						},
						{
							"origin": [-2.39859, 20.02244, -7.16117],
							"size": [3.71378, 0.86248, 0.86248],
							"pivot": [-0.00788, 19.93556, -8.09474],
							"rotation": [-105.16911, -24.62796, -112.83685],
							"uv": {
								"north": {"uv": [108, 105], "uv_size": [4, 1]},
								"east": {"uv": [83, 15], "uv_size": [1, 1]},
								"south": {"uv": [109, 47], "uv_size": [4, 1]},
								"west": {"uv": [83, 16], "uv_size": [1, 1]},
								"up": {"uv": [109, 48], "uv_size": [4, 1]},
								"down": {"uv": [109, 50], "uv_size": [4, -1]}
							}
						}
					]
				},
				{
					"name": "head",
					"parent": "neck",
					"pivot": [0, 24.75749, -17.48246],
					"rotation": [17.5, 0, 0],
					"cubes": [
						{
							"origin": [-2.67116, 24.49605, -24.2998],
							"size": [5.34232, 2.21912, 7.12886],
							"uv": {
								"north": {"uv": [34, 62], "uv_size": [5, 2]},
								"east": {"uv": [103, 75], "uv_size": [7, 2]},
								"south": {"uv": [106, 18], "uv_size": [5, 2]},
								"west": {"uv": [105, 57], "uv_size": [7, 2]},
								"up": {"uv": [51, 68], "uv_size": [5, 7]},
								"down": {"uv": [42, 94], "uv_size": [5, -7]}
							}
						},
						{
							"origin": [-2.67116, 21.18424, -24.2998],
							"size": [5.34232, 3.31181, 3.84129],
							"uv": {
								"north": {"uv": [82, 33], "uv_size": [5, 3]},
								"east": {"uv": [105, 68], "uv_size": [4, 3]},
								"south": {"uv": [91, 71], "uv_size": [5, 3]},
								"west": {"uv": [106, 7], "uv_size": [4, 3]},
								"up": {"uv": [68, 46], "uv_size": [5, 4]},
								"down": {"uv": [100, 71], "uv_size": [5, -4]}
							}
						},
						{
							"origin": [-3.06567, 20.56591, -22.6155],
							"size": [6.13134, 4.03475, 5.23901],
							"pivot": [0, 22.58328, -19.99599],
							"rotation": [-5, 0, 0],
							"uv": {
								"north": {"uv": [66, 61], "uv_size": [6, 4]},
								"east": {"uv": [104, 98], "uv_size": [4, 4]},
								"south": {"uv": [93, 6], "uv_size": [6, 4]},
								"west": {"uv": [100, 104], "uv_size": [4, 4]},
								"up": {"uv": [97, 22], "uv_size": [6, 4]},
								"down": {"uv": [97, 40], "uv_size": [6, -4]}
							}
						}
					]
				},
				{
					"name": "saddle2",
					"parent": "head",
					"pivot": [0, 21.62018, -24.86676],
					"cubes": [
						{
							"origin": [-3.07501, 21.5414, -26.08229],
							"size": [6.15003, 1.03004, 1.03005],
							"pivot": [0, 21.62018, -25.49676],
							"rotation": [15, 0, 0],
							"uv": {
								"north": {"uv": [59, 54], "uv_size": [6, 1]},
								"east": {"uv": [30, 17], "uv_size": [1, 1]},
								"south": {"uv": [18, 70], "uv_size": [6, 1]},
								"west": {"uv": [28, 52], "uv_size": [1, 1]},
								"up": {"uv": [71, 38], "uv_size": [6, 1]},
								"down": {"uv": [84, 27], "uv_size": [6, -1]}
							}
						},
						{
							"origin": [2.24613, 19.76957, -26.26684],
							"size": [0.77042, 2.11667, 0.96186],
							"pivot": [0, 21.62018, -25.49676],
							"rotation": [-47.5, 0, 0],
							"uv": {
								"north": {"uv": [50, 71], "uv_size": [1, 2]},
								"east": {"uv": [56, 72], "uv_size": [1, 2]},
								"south": {"uv": [50, 81], "uv_size": [1, 2]},
								"west": {"uv": [83, 12], "uv_size": [1, 2]},
								"up": {"uv": [33, 73], "uv_size": [1, 1]},
								"down": {"uv": [50, 74], "uv_size": [1, -1]}
							}
						},
						{
							"origin": [-3.01655, 19.76957, -26.26684],
							"size": [0.77042, 2.11667, 0.96186],
							"pivot": [0, 21.62018, -25.49676],
							"rotation": [-47.5, 0, 0],
							"uv": {
								"north": {"uv": [41, 42], "uv_size": [1, 2]},
								"east": {"uv": [56, 68], "uv_size": [1, 2]},
								"south": {"uv": [56, 70], "uv_size": [1, 2]},
								"west": {"uv": [33, 71], "uv_size": [1, 2]},
								"up": {"uv": [65, 54], "uv_size": [1, 1]},
								"down": {"uv": [24, 71], "uv_size": [1, -1]}
							}
						}
					]
				},
				{
					"name": "reins",
					"parent": "saddle2",
					"pivot": [0, 19.85651, -25.95914],
					"rotation": [-27.5, 0, 0]
				},
				{
					"name": "right",
					"parent": "reins",
					"pivot": [2.94319, 19.90683, -26.65915],
					"rotation": [-2.5, 0, 0],
					"cubes": [
						{
							"origin": [2.94228, 17.63527, -26.45273],
							"size": [0.00183, 2.68376, 13.49943],
							"inflate": 0.01,
							"pivot": [-0.54584, 19.58174, -26.37574],
							"rotation": [22.5, 0, 0],
							"uv": {
								"north": {"uv": [0, 121], "uv_size": [5, -1]},
								"east": {"uv": [84, 23], "uv_size": [13, 3]},
								"south": {"uv": [0, 121], "uv_size": [5, -1]},
								"west": {"uv": [86, 74], "uv_size": [13, 3]},
								"up": {"uv": [5, 121], "uv_size": [-5, 7]},
								"down": {"uv": [5, 128], "uv_size": [-5, -7]}
							}
						}
					]
				},
				{
					"name": "bone3",
					"parent": "right",
					"pivot": [2.94319, 23.65875, -13.39058],
					"cubes": [
						{
							"origin": [2.94228, 23.60835, -14.39552],
							"size": [0.00183, 2.68377, 12.53581],
							"inflate": 0.01,
							"pivot": [-0.54584, 25.45688, -12.4396],
							"rotation": [27.5, 0, 0],
							"uv": {
								"north": {"uv": [0, 121], "uv_size": [5, -1]},
								"east": {"uv": [88, 10], "uv_size": [12, 3]},
								"south": {"uv": [0, 121], "uv_size": [5, -1]},
								"west": {"uv": [88, 13], "uv_size": [12, 3]},
								"up": {"uv": [5, 121], "uv_size": [-5, 6]},
								"down": {"uv": [5, 127], "uv_size": [-5, -6]}
							}
						}
					]
				},
				{
					"name": "left",
					"parent": "reins",
					"pivot": [-2.94319, 19.90683, -26.65915],
					"rotation": [-2.5, 0, 0],
					"cubes": [
						{
							"origin": [-2.94411, 17.63527, -26.45273],
							"size": [0.00183, 2.68376, 13.49943],
							"inflate": 0.01,
							"pivot": [0.54584, 19.58174, -26.37574],
							"rotation": [22.5, 0, 0],
							"uv": {
								"north": {"uv": [0, 121], "uv_size": [5, -1]},
								"east": {"uv": [87, 46], "uv_size": [13, 3]},
								"south": {"uv": [0, 121], "uv_size": [5, -1]},
								"west": {"uv": [87, 49], "uv_size": [13, 3]},
								"up": {"uv": [5, 121], "uv_size": [-5, 7]},
								"down": {"uv": [5, 128], "uv_size": [-5, -7]}
							}
						}
					]
				},
				{
					"name": "bone2",
					"parent": "left",
					"pivot": [-2.94319, 23.65875, -13.39058],
					"cubes": [
						{
							"origin": [-2.94411, 23.60835, -14.39552],
							"size": [0.00183, 2.68377, 12.53581],
							"inflate": 0.01,
							"pivot": [0.54584, 25.45688, -12.4396],
							"rotation": [27.5, 0, 0],
							"uv": {
								"north": {"uv": [0, 121], "uv_size": [5, -1]},
								"east": {"uv": [88, 16], "uv_size": [12, 3]},
								"south": {"uv": [0, 121], "uv_size": [5, -1]},
								"west": {"uv": [88, 19], "uv_size": [12, 3]},
								"up": {"uv": [5, 121], "uv_size": [-5, 6]},
								"down": {"uv": [5, 127], "uv_size": [-5, -6]}
							}
						}
					]
				},
				{
					"name": "right_ear",
					"parent": "head",
					"pivot": [-1.65612, 26.43176, -17.71585],
					"cubes": [
						{
							"origin": [-2.72458, 25.91517, -18.25008],
							"size": [2.13692, 3.20539, 1.06846],
							"inflate": -0.1,
							"uv": {
								"north": {"uv": [89, 63], "uv_size": [2, 3]},
								"east": {"uv": [30, 14], "uv_size": [1, 3]},
								"south": {"uv": [90, 30], "uv_size": [2, 3]},
								"west": {"uv": [28, 46], "uv_size": [1, 3]},
								"up": {"uv": [29, 41], "uv_size": [2, 1]},
								"down": {"uv": [18, 46], "uv_size": [2, -1]}
							}
						}
					]
				},
				{
					"name": "left_ear",
					"parent": "head",
					"pivot": [1.65612, 26.43176, -17.71585],
					"cubes": [
						{
							"origin": [0.58766, 25.91517, -18.25008],
							"size": [2.13692, 3.20539, 1.06846],
							"inflate": -0.1,
							"uv": {
								"north": {"uv": [91, 98], "uv_size": [2, 3]},
								"east": {"uv": [28, 49], "uv_size": [1, 3]},
								"south": {"uv": [100, 46], "uv_size": [2, 3]},
								"west": {"uv": [50, 68], "uv_size": [1, 3]},
								"up": {"uv": [63, 75], "uv_size": [2, 1]},
								"down": {"uv": [77, 39], "uv_size": [2, -1]}
							}
						}
					]
				},
				{
					"name": "mouth",
					"parent": "head",
					"pivot": [0, 24.42136, -23.9534],
					"rotation": [-5, 0, 0],
					"cubes": [
						{
							"origin": [-2.46568, 21.89569, -27.89981],
							"size": [4.93136, 4.46246, 4.88164],
							"pivot": [0, 23.42816, -25.86835],
							"rotation": [7.5, 0, 0],
							"uv": {
								"north": {"uv": [103, 60], "uv_size": [5, 4]},
								"east": {"uv": [103, 71], "uv_size": [5, 4]},
								"south": {"uv": [91, 103], "uv_size": [5, 4]},
								"west": {"uv": [15, 104], "uv_size": [5, 4]},
								"up": {"uv": [92, 36], "uv_size": [5, 5]},
								"down": {"uv": [33, 100], "uv_size": [5, -5]}
							}
						}
					]
				},
				{
					"name": "jaw",
					"parent": "mouth",
					"pivot": [0, 21.78436, -23.40267],
					"cubes": [
						{
							"origin": [-2.01363, 21.24766, -27.254],
							"size": [4.02726, 1.49584, 4.77479],
							"pivot": [0, 21.78436, -23.40267],
							"rotation": [15, 0, 0],
							"uv": {
								"north": {"uv": [87, 41], "uv_size": [4, 1]},
								"east": {"uv": [63, 39], "uv_size": [5, 1]},
								"south": {"uv": [89, 8], "uv_size": [4, 1]},
								"west": {"uv": [87, 84], "uv_size": [5, 1]},
								"up": {"uv": [20, 104], "uv_size": [4, 5]},
								"down": {"uv": [28, 109], "uv_size": [4, -5]}
							}
						}
					]
				},
				{
					"name": "tail",
					"parent": "body",
					"pivot": [0, 21.28878, 11.62187],
					"cubes": [
						{
							"origin": [-1.77382, 11.95277, 11.40498],
							"size": [3.54764, 9.77533, 3.99248],
							"inflate": 0.05,
							"uv": {
								"north": {"uv": [34, 85], "uv_size": [4, 10]},
								"east": {"uv": [38, 85], "uv_size": [4, 10]},
								"south": {"uv": [85, 56], "uv_size": [4, 10]},
								"west": {"uv": [63, 85], "uv_size": [4, 10]},
								"up": {"uv": [104, 102], "uv_size": [4, 4]},
								"down": {"uv": [105, 34], "uv_size": [4, -4]}
							}
						}
					]
				},
				{
					"name": "tail_2",
					"parent": "tail",
					"pivot": [0, 12.83692, 13.40121],
					"cubes": [
						{
							"origin": [-1.32899, 5.83542, 11.84981],
							"size": [2.65798, 8.88566, 3.10281],
							"inflate": 0.05,
							"uv": {
								"north": {"uv": [16, 95], "uv_size": [3, 9]},
								"east": {"uv": [19, 95], "uv_size": [3, 9]},
								"south": {"uv": [22, 95], "uv_size": [3, 9]},
								"west": {"uv": [30, 95], "uv_size": [3, 9]},
								"up": {"uv": [107, 37], "uv_size": [3, 3]},
								"down": {"uv": [107, 43], "uv_size": [3, -3]}
							}
						}
					]
				}
			]
		}
	]
}