{
	"format_version": "1.12.0",
	"minecraft:geometry": [
		{
			"description": {
				"identifier": "geometry.unknown",
				"texture_width": 128,
				"texture_height": 128,
				"visible_bounds_width": 9,
				"visible_bounds_height": 3.5,
				"visible_bounds_offset": [0, 1.25, 0]
			},
			"bones": [
				{
					"name": "body",
					"pivot": [0, 20.83687, 0]
				},
				{
					"name": "body_piv",
					"parent": "body",
					"pivot": [0, 20.83686, 0],
					"cubes": [
						{
							"origin": [-5.43687, 16.54323, -4.5695],
							"size": [10.87374, 11.61849, 8.919],
							"pivot": [0, 22.35247, 0],
							"rotation": [-2.5, 0, 0],
							"uv": {
								"north": {"uv": [52, 0], "uv_size": [9, 11]},
								"east": {"uv": [65, 65], "uv_size": [7, 11]},
								"south": {"uv": [52, 11], "uv_size": [9, 11]},
								"west": {"uv": [66, 50], "uv_size": [7, 11]},
								"up": {"uv": [33, 74], "uv_size": [9, 7]},
								"down": {"uv": [42, 81], "uv_size": [9, -7]}
							}
						},
						{
							"origin": [-5.43787, 15.66223, -4.5705],
							"size": [10.87574, 12.60049, 8.921],
							"inflate": 0.01,
							"pivot": [0, 19.57273, 0],
							"rotation": [2.5, 0, 0],
							"uv": {
								"north": {"uv": [52, 0], "uv_size": [9, 11]},
								"east": {"uv": [65, 65], "uv_size": [7, 11]},
								"south": {"uv": [52, 11], "uv_size": [9, 11]},
								"west": {"uv": [66, 50], "uv_size": [7, 11]},
								"up": {"uv": [33, 74], "uv_size": [9, 7]},
								"down": {"uv": [42, 81], "uv_size": [9, -7]}
							}
						},
						{
							"origin": [0.32184, 15.901, -15.66255],
							"size": [5.44561, 12.83722, 11.86111],
							"inflate": 0.05,
							"pivot": [0, 22.37271, -8.69899],
							"rotation": [-5, 0, 0],
							"uv": {
								"north": {"uv": [18, 84], "uv_size": [4, 11]},
								"east": {"uv": [42, 33], "uv_size": [10, 11]},
								"south": {"uv": [22, 84], "uv_size": [4, 11]},
								"west": {"uv": [39, 44], "uv_size": [10, 11]},
								"up": {"uv": [8, 85], "uv_size": [4, 10]},
								"down": {"uv": [30, 95], "uv_size": [4, -10]}
							}
						},
						{
							"origin": [-5.76745, 15.901, -15.66255],
							"size": [5.44561, 12.83722, 11.86111],
							"inflate": 0.05,
							"pivot": [0, 22.37271, -8.69899],
							"rotation": [-5, 0, 0],
							"uv": {
								"north": {"uv": [84, 12], "uv_size": [4, 11]},
								"east": {"uv": [52, 22], "uv_size": [-10, 11]},
								"south": {"uv": [14, 84], "uv_size": [4, 11]},
								"west": {"uv": [29, 42], "uv_size": [10, 11]},
								"up": {"uv": [26, 84], "uv_size": [4, 10]},
								"down": {"uv": [0, 95], "uv_size": [4, -10]}
							}
						},
						{
							"origin": [-5.65871, 15.77639, 3.81152],
							"size": [11.31742, 12.72722, 11.96985],
							"inflate": 0.05,
							"uv": {
								"north": {"uv": [0, 50], "uv_size": [9, 11]},
								"east": {"uv": [42, 0], "uv_size": [10, 11]},
								"south": {"uv": [9, 50], "uv_size": [9, 11]},
								"west": {"uv": [42, 11], "uv_size": [10, 11]},
								"up": {"uv": [57, 55], "uv_size": [9, 10]},
								"down": {"uv": [59, 50], "uv_size": [9, -10]}
							}
						},
						{
							"origin": [-5.43687, 16.6406, -15.22323],
							"size": [10.87374, 11.63112, 10.87373],
							"uv": {
								"north": {"uv": [0, 61], "uv_size": [9, 10]},
								"east": {"uv": [61, 0], "uv_size": [9, 10]},
								"south": {"uv": [9, 61], "uv_size": [9, 10]},
								"west": {"uv": [61, 10], "uv_size": [9, 10]},
								"up": {"uv": [25, 62], "uv_size": [9, 9]},
								"down": {"uv": [63, 29], "uv_size": [9, -9]}
							}
						}
					]
				},
				{
					"name": "saddle",
					"parent": "body_piv",
					"pivot": [0, 25.09115, -3.17151],
					"cubes": [
						{
							"origin": [-6.85046, 21.74747, 2.17474],
							"size": [13.70092, 8.69899, 2.17476],
							"uv": {
								"north": {"uv": [71, 29], "uv_size": [11, 7]},
								"east": {"uv": [105, 81], "uv_size": [2, 7]},
								"south": {"uv": [72, 14], "uv_size": [11, 7]},
								"west": {"uv": [106, 0], "uv_size": [2, 7]},
								"up": {"uv": [98, 26], "uv_size": [11, 2]},
								"down": {"uv": [98, 30], "uv_size": [11, -2]}
							}
						},
						{
							"origin": [-6.74171, 21.74747, -5.43687],
							"size": [13.48342, 7.93783, 8.69899],
							"uv": {
								"north": {"uv": [70, 7], "uv_size": [11, 7]},
								"east": {"uv": [0, 78], "uv_size": [7, 7]},
								"south": {"uv": [0, 71], "uv_size": [11, 7]},
								"west": {"uv": [7, 78], "uv_size": [7, 7]},
								"up": {"uv": [11, 71], "uv_size": [11, 7]},
								"down": {"uv": [22, 78], "uv_size": [11, -7]}
							}
						},
						{
							"origin": [-7.2854, 19.57273, -6.52424],
							"size": [14.5708, 7.61161, 5.43687],
							"uv": {
								"north": {"uv": [72, 21], "uv_size": [12, 6]},
								"east": {"uv": [99, 71], "uv_size": [4, 6]},
								"south": {"uv": [72, 61], "uv_size": [12, 6]},
								"west": {"uv": [73, 99], "uv_size": [4, 6]},
								"up": {"uv": [79, 42], "uv_size": [12, 4]},
								"down": {"uv": [30, 85], "uv_size": [12, -4]}
							}
						},
						{
							"origin": [-6.85046, 21.74747, -7.61161],
							"size": [13.70092, 8.80774, 2.17474],
							"uv": {
								"north": {"uv": [68, 39], "uv_size": [11, 7]},
								"east": {"uv": [73, 105], "uv_size": [2, 7]},
								"south": {"uv": [70, 0], "uv_size": [11, 7]},
								"west": {"uv": [75, 105], "uv_size": [2, 7]},
								"up": {"uv": [97, 77], "uv_size": [11, 2]},
								"down": {"uv": [97, 81], "uv_size": [11, -2]}
							}
						},
						{
							"origin": [-7.2854, 15.22323, -5.98056],
							"size": [14.5708, 4.3495, 3.26213],
							"uv": {
								"north": {"uv": [63, 81], "uv_size": [12, 4]},
								"east": {"uv": [25, 57], "uv_size": [3, 4]},
								"south": {"uv": [75, 81], "uv_size": [12, 4]},
								"west": {"uv": [47, 87], "uv_size": [3, 4]},
								"up": {"uv": [87, 52], "uv_size": [12, 3]},
								"down": {"uv": [87, 84], "uv_size": [12, -3]}
							}
						},
						{
							"origin": [-1.19611, 30.55521, -7.61161],
							"size": [2.39222, 2.50096, 2.17474],
							"uv": {
								"north": {"uv": [70, 18], "uv_size": [2, 2]},
								"east": {"uv": [80, 27], "uv_size": [2, 2]},
								"south": {"uv": [81, 12], "uv_size": [2, 2]},
								"west": {"uv": [85, 10], "uv_size": [2, 2]},
								"up": {"uv": [12, 93], "uv_size": [2, 2]},
								"down": {"uv": [93, 63], "uv_size": [2, -2]}
							}
						}
					]
				},
				{
					"name": "body_armor",
					"parent": "body_piv",
					"pivot": [0, 19.57273, 0],
					"cubes": [
						{
							"origin": [-6.74171, 11.96111, -16.3106],
							"size": [13.48342, 17.50672, 10.87373],
							"uv": {
								"north": {"uv": [20, 18], "uv_size": [11, 14]},
								"east": {"uv": [20, 32], "uv_size": [9, 14]},
								"south": {"uv": [22, 0], "uv_size": [11, 14]},
								"west": {"uv": [33, 0], "uv_size": [9, 14]},
								"up": {"uv": [52, 22], "uv_size": [11, 9]},
								"down": {"uv": [52, 40], "uv_size": [11, -9]}
							}
						},
						{
							"origin": [-6.74171, 11.96111, 4.33687],
							"size": [13.48342, 17.50672, 12.08248],
							"uv": {
								"north": {"uv": [31, 14], "uv_size": [11, 14]},
								"east": {"uv": [0, 36], "uv_size": [9, 14]},
								"south": {"uv": [31, 28], "uv_size": [11, 14]},
								"west": {"uv": [9, 36], "uv_size": [9, 14]},
								"up": {"uv": [28, 53], "uv_size": [11, 9]},
								"down": {"uv": [39, 64], "uv_size": [11, -9]}
							}
						}
					]
				},
				{
					"name": "blanket",
					"parent": "body_armor",
					"pivot": [0, 26.09697, 0],
					"cubes": [
						{
							"origin": [-5.98056, 7.61162, -6.52424],
							"size": [11.96112, 21.74747, 13.04848],
							"uv": {
								"north": {"uv": [0, 18], "uv_size": [10, 18]},
								"east": {"uv": [0, 0], "uv_size": [11, 18]},
								"south": {"uv": [10, 18], "uv_size": [10, 18]},
								"west": {"uv": [11, 0], "uv_size": [11, 18]},
								"up": {"uv": [18, 46], "uv_size": [10, 11]},
								"down": {"uv": [49, 55], "uv_size": [10, -11]}
							}
						}
					]
				},
				{
					"name": "saddlebags",
					"parent": "body_piv",
					"pivot": [0, 25.0096, 7.61163],
					"cubes": [
						{
							"origin": [-8.48152, 21.74747, 4.3495],
							"size": [16.96304, 6.52425, 6.52424],
							"uv": {
								"north": {"uv": [72, 67], "uv_size": [14, 5]},
								"east": {"uv": [95, 61], "uv_size": [5, 5]},
								"south": {"uv": [72, 72], "uv_size": [14, 5]},
								"west": {"uv": [63, 95], "uv_size": [5, 5]},
								"up": {"uv": [73, 46], "uv_size": [14, 5]},
								"down": {"uv": [73, 56], "uv_size": [14, -5]}
							}
						}
					]
				},
				{
					"name": "front_right_leg",
					"parent": "body",
					"pivot": [-3.26212, 16.3106, -11.68927],
					"cubes": [
						{
							"origin": [-5.32687, 10.78636, -14.13586],
							"size": [4.1295, 8.699, 4.67319],
							"uv": {
								"north": {"uv": [59, 92], "uv_size": [4, 7]},
								"east": {"uv": [93, 90], "uv_size": [4, 7]},
								"south": {"uv": [26, 94], "uv_size": [4, 7]},
								"west": {"uv": [42, 94], "uv_size": [4, 7]},
								"up": {"uv": [105, 45], "uv_size": [4, 4]},
								"down": {"uv": [105, 53], "uv_size": [4, -4]}
							}
						}
					]
				},
				{
					"name": "front_right_calf",
					"parent": "front_right_leg",
					"pivot": [-3.26212, 10.33006, -11.68927],
					"cubes": [
						{
							"origin": [-4.78319, 2.17474, -13.59217],
							"size": [3.04213, 9.78637, 3.58581],
							"uv": {
								"north": {"uv": [85, 98], "uv_size": [3, 8]},
								"east": {"uv": [88, 98], "uv_size": [3, 8]},
								"south": {"uv": [46, 99], "uv_size": [3, 8]},
								"west": {"uv": [49, 99], "uv_size": [3, 8]},
								"up": {"uv": [51, 107], "uv_size": [3, 3]},
								"down": {"uv": [54, 110], "uv_size": [3, -3]}
							}
						}
					]
				},
				{
					"name": "front_right_feathering",
					"parent": "front_right_calf",
					"pivot": [-3.26212, 9.53647, -10.65687],
					"cubes": [
						{
							"origin": [-4.78244, 0.67122, -12.51694],
							"size": [3.04063, 9.14019, 3.58431],
							"inflate": -0.01,
							"pivot": [-3.26212, 4.91897, -10.61479],
							"rotation": [7.5, 0, 0],
							"uv": {
								"north": {"uv": [39, 101], "uv_size": [3, 7]},
								"east": {"uv": [42, 101], "uv_size": [3, 7]},
								"south": {"uv": [101, 90], "uv_size": [3, 7]},
								"west": {"uv": [101, 97], "uv_size": [3, 7]},
								"up": {"uv": [108, 102], "uv_size": [3, 3]},
								"down": {"uv": [0, 112], "uv_size": [3, -3]}
							}
						}
					]
				},
				{
					"name": "front_right_hoof",
					"parent": "front_right_calf",
					"pivot": [-3.26212, 2.82718, -12.06985],
					"cubes": [
						{
							"origin": [-4.89279, -0.00088, -14.89789],
							"size": [3.26133, 3.26135, 3.26134],
							"inflate": 0.01,
							"uv": {
								"north": {"uv": [57, 107], "uv_size": [3, 3]},
								"east": {"uv": [60, 107], "uv_size": [3, 3]},
								"south": {"uv": [63, 107], "uv_size": [3, 3]},
								"west": {"uv": [66, 107], "uv_size": [3, 3]},
								"up": {"uv": [69, 107], "uv_size": [3, 3]},
								"down": {"uv": [77, 110], "uv_size": [3, -3]}
							}
						}
					]
				},
				{
					"name": "front_right_shoe",
					"parent": "front_right_hoof",
					"pivot": [0, 18.48536, -1.30485],
					"cubes": [
						{
							"origin": [-4.89629, -0.00437, -14.90139],
							"size": [3.26834, 0.7699, 3.26834],
							"inflate": 0.05,
							"uv": {
								"north": {"uv": [109, 52], "uv_size": [3, 1]},
								"east": {"uv": [109, 53], "uv_size": [3, 1]},
								"south": {"uv": [109, 54], "uv_size": [3, 1]},
								"west": {"uv": [109, 55], "uv_size": [3, 1]},
								"up": {"uv": [80, 107], "uv_size": [3, 3]},
								"down": {"uv": [107, 84], "uv_size": [3, -3]}
							}
						}
					]
				},
				{
					"name": "front_left_leg",
					"parent": "body",
					"pivot": [3.26212, 16.3106, -11.68927],
					"cubes": [
						{
							"origin": [1.19737, 10.78636, -14.13586],
							"size": [4.1295, 8.699, 4.67319],
							"uv": {
								"north": {"uv": [0, 95], "uv_size": [4, 7]},
								"east": {"uv": [4, 95], "uv_size": [4, 7]},
								"south": {"uv": [8, 95], "uv_size": [4, 7]},
								"west": {"uv": [12, 95], "uv_size": [4, 7]},
								"up": {"uv": [105, 53], "uv_size": [4, 4]},
								"down": {"uv": [105, 68], "uv_size": [4, -4]}
							}
						}
					]
				},
				{
					"name": "front_left_calf",
					"parent": "front_left_leg",
					"pivot": [3.26212, 10.33006, -11.68927],
					"cubes": [
						{
							"origin": [1.74106, 2.17474, -13.59217],
							"size": [3.04213, 9.78637, 3.58581],
							"uv": {
								"north": {"uv": [52, 99], "uv_size": [3, 8]},
								"east": {"uv": [99, 52], "uv_size": [3, 8]},
								"south": {"uv": [55, 99], "uv_size": [3, 8]},
								"west": {"uv": [58, 99], "uv_size": [3, 8]},
								"up": {"uv": [107, 84], "uv_size": [3, 3]},
								"down": {"uv": [91, 110], "uv_size": [3, -3]}
							}
						}
					]
				},
				{
					"name": "front_left_feathering",
					"parent": "front_left_calf",
					"pivot": [3.26212, 9.53647, -10.65687],
					"cubes": [
						{
							"origin": [1.7418, 0.67122, -12.51694],
							"size": [3.04064, 9.14019, 3.58431],
							"inflate": -0.01,
							"pivot": [3.26212, 4.91897, -10.61479],
							"rotation": [7.5, 0, 0],
							"uv": {
								"north": {"uv": [0, 102], "uv_size": [3, 7]},
								"east": {"uv": [3, 102], "uv_size": [3, 7]},
								"south": {"uv": [6, 102], "uv_size": [3, 7]},
								"west": {"uv": [9, 102], "uv_size": [3, 7]},
								"up": {"uv": [3, 109], "uv_size": [3, 3]},
								"down": {"uv": [6, 112], "uv_size": [3, -3]}
							}
						}
					]
				},
				{
					"name": "front_left_hoof",
					"parent": "front_left_calf",
					"pivot": [3.26212, 2.82718, -12.06985],
					"cubes": [
						{
							"origin": [1.63146, -0.00088, -14.89789],
							"size": [3.26133, 3.26135, 3.26134],
							"inflate": 0.01,
							"uv": {
								"north": {"uv": [94, 107], "uv_size": [3, 3]},
								"east": {"uv": [107, 106], "uv_size": [3, 3]},
								"south": {"uv": [108, 0], "uv_size": [3, 3]},
								"west": {"uv": [108, 3], "uv_size": [3, 3]},
								"up": {"uv": [15, 108], "uv_size": [3, 3]},
								"down": {"uv": [24, 111], "uv_size": [3, -3]}
							}
						}
					]
				},
				{
					"name": "front_left_shoe",
					"parent": "front_left_hoof",
					"pivot": [0, 18.48536, -1.30485],
					"cubes": [
						{
							"origin": [1.62795, -0.00437, -14.90139],
							"size": [3.26834, 0.7699, 3.26834],
							"inflate": 0.05,
							"uv": {
								"north": {"uv": [109, 56], "uv_size": [3, 1]},
								"east": {"uv": [109, 64], "uv_size": [3, 1]},
								"south": {"uv": [109, 65], "uv_size": [3, 1]},
								"west": {"uv": [109, 66], "uv_size": [3, 1]},
								"up": {"uv": [35, 108], "uv_size": [3, 3]},
								"down": {"uv": [38, 111], "uv_size": [3, -3]}
							}
						}
					]
				},
				{
					"name": "back_right_leg",
					"parent": "body",
					"pivot": [-3.80581, 23.92223, 9.23006],
					"cubes": [
						{
							"origin": [-6.41511, 15.22236, 5.09968],
							"size": [5.21861, 11.96286, 9.02443],
							"inflate": 0.01,
							"uv": {
								"north": {"uv": [85, 0], "uv_size": [4, 10]},
								"east": {"uv": [63, 29], "uv_size": [8, 10]},
								"south": {"uv": [4, 85], "uv_size": [4, 10]},
								"west": {"uv": [34, 64], "uv_size": [8, 10]},
								"up": {"uv": [47, 91], "uv_size": [4, 8]},
								"down": {"uv": [51, 99], "uv_size": [4, -8]}
							}
						}
					]
				},
				{
					"name": "back_left_calf",
					"parent": "back_right_leg",
					"pivot": [-3.80581, 17.47374, 12.22033],
					"cubes": [
						{
							"origin": [-5.87056, 10.87374, 9.46267],
							"size": [4.1295, 7.61162, 5.76056],
							"uv": {
								"north": {"uv": [97, 96], "uv_size": [4, 6]},
								"east": {"uv": [92, 30], "uv_size": [5, 6]},
								"south": {"uv": [98, 0], "uv_size": [4, 6]},
								"west": {"uv": [93, 0], "uv_size": [5, 6]},
								"up": {"uv": [103, 35], "uv_size": [4, 5]},
								"down": {"uv": [103, 45], "uv_size": [4, -5]}
							}
						},
						{
							"origin": [-5.32687, 2.17474, 11.63743],
							"size": [3.04213, 8.699, 3.5858],
							"uv": {
								"north": {"uv": [33, 100], "uv_size": [3, 7]},
								"east": {"uv": [100, 60], "uv_size": [3, 7]},
								"south": {"uv": [61, 100], "uv_size": [3, 7]},
								"west": {"uv": [64, 100], "uv_size": [3, 7]},
								"up": {"uv": [30, 78], "uv_size": [3, 3]},
								"down": {"uv": [96, 74], "uv_size": [3, -3]}
							}
						}
					]
				},
				{
					"name": "back_right_feathering",
					"parent": "back_left_calf",
					"pivot": [-3.37212, 9.53647, 14.03065],
					"cubes": [
						{
							"origin": [-5.32223, 0.67122, 12.30865],
							"size": [3.04063, 9.14019, 3.58432],
							"inflate": -0.01,
							"pivot": [-3.80191, 4.91897, 13.9908],
							"rotation": [7.5, 0, 0],
							"uv": {
								"north": {"uv": [97, 102], "uv_size": [3, 7]},
								"east": {"uv": [103, 0], "uv_size": [3, 7]},
								"south": {"uv": [103, 7], "uv_size": [3, 7]},
								"west": {"uv": [103, 14], "uv_size": [3, 7]},
								"up": {"uv": [12, 109], "uv_size": [3, 3]},
								"down": {"uv": [109, 16], "uv_size": [3, -3]}
							}
						}
					]
				},
				{
					"name": "back_left_hoof",
					"parent": "back_left_calf",
					"pivot": [-3.80581, 2.82718, 11.83975],
					"cubes": [
						{
							"origin": [-5.43649, -0.00088, 10.33171],
							"size": [3.26135, 3.26135, 3.26134],
							"inflate": 0.01,
							"uv": {
								"north": {"uv": [99, 81], "uv_size": [3, 3]},
								"east": {"uv": [104, 106], "uv_size": [3, 3]},
								"south": {"uv": [107, 20], "uv_size": [3, 3]},
								"west": {"uv": [107, 23], "uv_size": [3, 3]},
								"up": {"uv": [32, 107], "uv_size": [3, 3]},
								"down": {"uv": [107, 37], "uv_size": [3, -3]}
							}
						}
					]
				},
				{
					"name": "back_left_shoe",
					"parent": "back_left_hoof",
					"pivot": [-0.54369, 18.48536, 22.60475],
					"cubes": [
						{
							"origin": [-5.43998, -0.00437, 10.3282],
							"size": [3.26834, 0.7699, 3.26835],
							"inflate": 0.05,
							"uv": {
								"north": {"uv": [25, 61], "uv_size": [3, 1]},
								"east": {"uv": [105, 59], "uv_size": [3, 1]},
								"south": {"uv": [109, 50], "uv_size": [3, 1]},
								"west": {"uv": [109, 51], "uv_size": [3, 1]},
								"up": {"uv": [45, 107], "uv_size": [3, 3]},
								"down": {"uv": [48, 110], "uv_size": [3, -3]}
							}
						}
					]
				},
				{
					"name": "back_left_leg",
					"parent": "body",
					"pivot": [3.80581, 23.92223, 9.23006],
					"cubes": [
						{
							"origin": [1.1965, 15.22236, 5.09968],
							"size": [5.21861, 11.96286, 9.02443],
							"inflate": 0.01,
							"uv": {
								"north": {"uv": [67, 85], "uv_size": [4, 10]},
								"east": {"uv": [42, 64], "uv_size": [8, 10]},
								"south": {"uv": [71, 85], "uv_size": [4, 10]},
								"west": {"uv": [57, 65], "uv_size": [8, 10]},
								"up": {"uv": [55, 91], "uv_size": [4, 8]},
								"down": {"uv": [91, 71], "uv_size": [4, -8]}
							}
						}
					]
				},
				{
					"name": "back_right_calf",
					"parent": "back_left_leg",
					"pivot": [3.80581, 17.47374, 12.22033],
					"cubes": [
						{
							"origin": [1.74106, 10.87374, 9.46267],
							"size": [4.1295, 7.61162, 5.76056],
							"uv": {
								"north": {"uv": [98, 84], "uv_size": [4, 6]},
								"east": {"uv": [93, 55], "uv_size": [5, 6]},
								"south": {"uv": [99, 40], "uv_size": [4, 6]},
								"west": {"uv": [75, 93], "uv_size": [5, 6]},
								"up": {"uv": [104, 88], "uv_size": [4, 5]},
								"down": {"uv": [104, 98], "uv_size": [4, -5]}
							}
						},
						{
							"origin": [2.28474, 2.17474, 11.63743],
							"size": [3.04213, 8.699, 3.5858],
							"uv": {
								"north": {"uv": [67, 100], "uv_size": [3, 7]},
								"east": {"uv": [70, 100], "uv_size": [3, 7]},
								"south": {"uv": [25, 101], "uv_size": [3, 7]},
								"west": {"uv": [36, 101], "uv_size": [3, 7]},
								"up": {"uv": [41, 108], "uv_size": [3, 3]},
								"down": {"uv": [108, 62], "uv_size": [3, -3]}
							}
						}
					]
				},
				{
					"name": "back_left_feathering",
					"parent": "back_right_calf",
					"pivot": [3.26212, 9.53647, 14.03065],
					"cubes": [
						{
							"origin": [2.2816, 0.67122, 12.30865],
							"size": [3.04063, 9.14019, 3.58432],
							"inflate": -0.01,
							"pivot": [3.80191, 4.91897, 13.9908],
							"rotation": [7.5, 0, 0],
							"uv": {
								"north": {"uv": [12, 102], "uv_size": [3, 7]},
								"east": {"uv": [102, 46], "uv_size": [3, 7]},
								"south": {"uv": [102, 53], "uv_size": [3, 7]},
								"west": {"uv": [102, 81], "uv_size": [3, 7]},
								"up": {"uv": [9, 109], "uv_size": [3, 3]},
								"down": {"uv": [109, 13], "uv_size": [3, -3]}
							}
						}
					]
				},
				{
					"name": "back_right_hoof",
					"parent": "back_right_calf",
					"pivot": [3.80581, 2.82718, 11.83975],
					"cubes": [
						{
							"origin": [2.17514, -0.00088, 10.33171],
							"size": [3.26134, 3.26135, 3.26134],
							"inflate": 0.01,
							"uv": {
								"north": {"uv": [108, 71], "uv_size": [3, 3]},
								"east": {"uv": [108, 77], "uv_size": [3, 3]},
								"south": {"uv": [108, 87], "uv_size": [3, 3]},
								"west": {"uv": [108, 90], "uv_size": [3, 3]},
								"up": {"uv": [108, 93], "uv_size": [3, 3]},
								"down": {"uv": [108, 99], "uv_size": [3, -3]}
							}
						}
					]
				},
				{
					"name": "back_right_shoe",
					"parent": "back_right_hoof",
					"pivot": [0.54369, 18.48536, 22.60475],
					"cubes": [
						{
							"origin": [2.17164, -0.00437, 10.3282],
							"size": [3.26834, 0.7699, 3.26835],
							"inflate": 0.05,
							"uv": {
								"north": {"uv": [109, 67], "uv_size": [3, 1]},
								"east": {"uv": [109, 68], "uv_size": [3, 1]},
								"south": {"uv": [109, 69], "uv_size": [3, 1]},
								"west": {"uv": [109, 70], "uv_size": [3, 1]},
								"up": {"uv": [108, 99], "uv_size": [3, 3]},
								"down": {"uv": [100, 111], "uv_size": [3, -3]}
							}
						}
					]
				},
				{
					"name": "neck",
					"parent": "body",
					"pivot": [0, 24.20472, -14.86918],
					"rotation": [12.5, 0, 0],
					"cubes": [
						{
							"origin": [-2.71843, 22.91127, -20.88659],
							"size": [5.43686, 7.06162, 9.78638],
							"pivot": [0, 25.7334, -14.36234],
							"rotation": [-27.5, 0, 0],
							"uv": {
								"north": {"uv": [38, 95], "uv_size": [4, 6]},
								"east": {"uv": [14, 78], "uv_size": [8, 6]},
								"south": {"uv": [97, 30], "uv_size": [4, 6]},
								"west": {"uv": [22, 78], "uv_size": [8, 6]},
								"up": {"uv": [89, 0], "uv_size": [4, 8]},
								"down": {"uv": [89, 63], "uv_size": [4, -8]}
							}
						},
						{
							"origin": [-2.71756, 27.37039, -28.06238],
							"size": [5.43512, 6.62744, 9.23462],
							"inflate": -0.01,
							"pivot": [0, 29.5392, -26.97588],
							"rotation": [-10, 0, 0],
							"uv": {
								"north": {"uv": [97, 90], "uv_size": [4, 6]},
								"east": {"uv": [79, 36], "uv_size": [8, 6]},
								"south": {"uv": [93, 97], "uv_size": [4, 6]},
								"west": {"uv": [51, 80], "uv_size": [8, 6]},
								"up": {"uv": [85, 90], "uv_size": [4, 8]},
								"down": {"uv": [89, 98], "uv_size": [4, -8]}
							}
						},
						{
							"origin": [-2.71668, 24.62279, -27.96215],
							"size": [5.43336, 5.32085, 15.21974],
							"inflate": -0.02,
							"pivot": [0, 24.81603, -21.69396],
							"rotation": [-37, 0, 0],
							"uv": {
								"north": {"uv": [101, 30], "uv_size": [4, 5]},
								"east": {"uv": [73, 56], "uv_size": [12, 5]},
								"south": {"uv": [103, 21], "uv_size": [4, 5]},
								"west": {"uv": [51, 75], "uv_size": [12, 5]},
								"up": {"uv": [59, 80], "uv_size": [4, 12]},
								"down": {"uv": [81, 12], "uv_size": [4, -12]}
							}
						}
					]
				},
				{
					"name": "neck_armor",
					"parent": "neck",
					"pivot": [0, 29.5392, -26.97588],
					"cubes": [
						{
							"origin": [-3.26212, 23.55866, -20.88659],
							"size": [6.52424, 6.74171, 9.78638],
							"pivot": [0, 25.7334, -14.36234],
							"rotation": [-30, 0, 0],
							"uv": {
								"north": {"uv": [80, 93], "uv_size": [5, 6]},
								"east": {"uv": [42, 81], "uv_size": [8, 6]},
								"south": {"uv": [93, 84], "uv_size": [5, 6]},
								"west": {"uv": [82, 27], "uv_size": [8, 6]},
								"up": {"uv": [75, 85], "uv_size": [5, 8]},
								"down": {"uv": [80, 93], "uv_size": [5, -8]}
							}
						},
						{
							"origin": [-3.26125, 27.90902, -28.06238],
							"size": [6.5225, 6.19628, 9.78462],
							"inflate": -0.01,
							"pivot": [0, 29.5392, -26.97588],
							"rotation": [-7.5, 0, 0],
							"uv": {
								"north": {"uv": [95, 66], "uv_size": [5, 5]},
								"east": {"uv": [85, 85], "uv_size": [8, 5]},
								"south": {"uv": [68, 95], "uv_size": [5, 5]},
								"west": {"uv": [50, 86], "uv_size": [8, 5]},
								"up": {"uv": [86, 66], "uv_size": [5, 8]},
								"down": {"uv": [87, 41], "uv_size": [5, -8]}
							}
						}
					]
				},
				{
					"name": "mane",
					"parent": "neck",
					"pivot": [0, 32.3334, -17.77232]
				},
				{
					"name": "roached",
					"parent": "mane",
					"pivot": [0, 29.20918, -18.10232],
					"cubes": [
						{
							"origin": [-0.97776, 33.55958, -28.39238],
							"size": [1.95552, 2.20681, 10.54704],
							"inflate": -0.01,
							"pivot": [0, 29.2092, -27.30588],
							"rotation": [-7.5, 0, 0],
							"uv": {
								"north": {"uv": [84, 66], "uv_size": [2, 1]},
								"east": {"uv": [63, 76], "uv_size": [9, 1]},
								"south": {"uv": [87, 55], "uv_size": [2, 1]},
								"west": {"uv": [88, 22], "uv_size": [9, 1]},
								"up": {"uv": [29, 32], "uv_size": [2, 9]},
								"down": {"uv": [18, 45], "uv_size": [2, -9]}
							}
						},
						{
							"origin": [-0.97864, 29.53542, -21.32659],
							"size": [1.95728, 2.50727, 9.46142],
							"pivot": [0, 25.4034, -14.69234],
							"rotation": [-30, 0, 0],
							"uv": {
								"north": {"uv": [39, 42], "uv_size": [2, 2]},
								"east": {"uv": [71, 36], "uv_size": [8, 2]},
								"south": {"uv": [61, 20], "uv_size": [2, 2]},
								"west": {"uv": [72, 27], "uv_size": [8, 2]},
								"up": {"uv": [12, 85], "uv_size": [2, 8]},
								"down": {"uv": [83, 107], "uv_size": [2, -8]}
							}
						}
					]
				},
				{
					"name": "buttons",
					"parent": "mane",
					"pivot": [0, 29.31918, -17.99232],
					"cubes": [
						{
							"origin": [-0.97776, 33.64239, -28.0649],
							"size": [1.95552, 1.52057, 1.95553],
							"inflate": -0.01,
							"pivot": [0, 29.29202, -26.9784],
							"rotation": [-7.5, 0, 0],
							"uv": {
								"north": {"uv": [97, 40], "uv_size": [2, 1]},
								"east": {"uv": [98, 60], "uv_size": [2, 1]},
								"south": {"uv": [61, 99], "uv_size": [2, 1]},
								"west": {"uv": [36, 100], "uv_size": [2, 1]},
								"up": {"uv": [100, 49], "uv_size": [2, 2]},
								"down": {"uv": [28, 103], "uv_size": [2, -2]}
							}
						},
						{
							"origin": [-0.97776, 29.91854, -10.82276],
							"size": [1.95552, 1.84679, 1.95552],
							"inflate": -0.01,
							"pivot": [0, 30.79771, -13.41437],
							"rotation": [-150, 0, -180],
							"uv": {
								"north": {"uv": [109, 28], "uv_size": [2, 2]},
								"east": {"uv": [29, 109], "uv_size": [2, 2]},
								"south": {"uv": [109, 30], "uv_size": [2, 2]},
								"west": {"uv": [109, 32], "uv_size": [2, 2]},
								"up": {"uv": [109, 43], "uv_size": [2, 2]},
								"down": {"uv": [109, 47], "uv_size": [2, -2]}
							}
						},
						{
							"origin": [-0.97776, 30.00339, -14.34355],
							"size": [1.95552, 1.62932, 1.95552],
							"inflate": -0.01,
							"pivot": [0, 30.79771, -13.41437],
							"rotation": [-150, 0, -180],
							"uv": {
								"north": {"uv": [103, 109], "uv_size": [2, 1]},
								"east": {"uv": [105, 109], "uv_size": [2, 1]},
								"south": {"uv": [107, 109], "uv_size": [2, 1]},
								"west": {"uv": [109, 109], "uv_size": [2, 1]},
								"up": {"uv": [109, 26], "uv_size": [2, 2]},
								"down": {"uv": [27, 111], "uv_size": [2, -2]}
							}
						},
						{
							"origin": [-0.97776, 29.9932, -17.96151],
							"size": [1.95552, 1.52058, 1.95553],
							"inflate": -0.01,
							"pivot": [0, 30.79771, -13.41437],
							"rotation": [-150, 0, -180],
							"uv": {
								"north": {"uv": [103, 66], "uv_size": [2, 1]},
								"east": {"uv": [105, 34], "uv_size": [2, 1]},
								"south": {"uv": [83, 109], "uv_size": [2, 1]},
								"west": {"uv": [97, 109], "uv_size": [2, 1]},
								"up": {"uv": [20, 109], "uv_size": [2, 2]},
								"down": {"uv": [22, 111], "uv_size": [2, -2]}
							}
						},
						{
							"origin": [-0.97776, 33.18026, -24.47657],
							"size": [1.95552, 1.62931, 1.95553],
							"inflate": -0.01,
							"pivot": [0, 28.82989, -23.39006],
							"rotation": [-7.5, 0, 0],
							"uv": {
								"north": {"uv": [100, 51], "uv_size": [2, 1]},
								"east": {"uv": [101, 35], "uv_size": [2, 1]},
								"south": {"uv": [28, 103], "uv_size": [2, 1]},
								"west": {"uv": [103, 45], "uv_size": [2, 1]},
								"up": {"uv": [91, 101], "uv_size": [2, 2]},
								"down": {"uv": [102, 90], "uv_size": [2, -2]}
							}
						},
						{
							"origin": [-0.97776, 32.63657, -20.99697],
							"size": [1.95552, 1.84679, 1.95553],
							"inflate": -0.01,
							"pivot": [0, 28.2862, -19.91047],
							"rotation": [-7.5, 0, 0],
							"uv": {
								"north": {"uv": [103, 64], "uv_size": [2, 2]},
								"east": {"uv": [107, 43], "uv_size": [2, 2]},
								"south": {"uv": [83, 107], "uv_size": [2, 2]},
								"west": {"uv": [18, 108], "uv_size": [2, 2]},
								"up": {"uv": [108, 62], "uv_size": [2, 2]},
								"down": {"uv": [109, 18], "uv_size": [2, -2]}
							}
						}
					]
				},
				{
					"name": "long",
					"parent": "mane",
					"pivot": [0, 32.3334, -17.77232],
					"cubes": [
						{
							"origin": [-0.97776, 29.54008, -28.06238],
							"size": [4.46027, 5.21764, 10.11084],
							"inflate": -0.01,
							"pivot": [0, 29.5392, -26.97588],
							"rotation": [-7.5, 0, 0],
							"uv": {
								"north": {"uv": [106, 10], "uv_size": [3, 4]},
								"east": {"uv": [22, 14], "uv_size": [8, 4]},
								"south": {"uv": [106, 14], "uv_size": [3, 4]},
								"west": {"uv": [89, 77], "uv_size": [8, 4]},
								"up": {"uv": [77, 99], "uv_size": [3, 8]},
								"down": {"uv": [80, 107], "uv_size": [3, -8]}
							}
						},
						{
							"origin": [-0.97864, 33.17828, -31.6397],
							"size": [1.95728, 0.54368, 4.3495],
							"pivot": [0, 33.45012, -29.46496],
							"rotation": [17.5, 0, 0],
							"uv": {
								"north": {"uv": [110, 7], "uv_size": [2, 1]},
								"east": {"uv": [89, 9], "uv_size": [4, 1]},
								"south": {"uv": [110, 8], "uv_size": [2, 1]},
								"west": {"uv": [91, 45], "uv_size": [4, 1]},
								"up": {"uv": [70, 14], "uv_size": [2, 4]},
								"down": {"uv": [70, 18], "uv_size": [2, -4]}
							}
						},
						{
							"origin": [-0.97864, 25.51592, -20.88659],
							"size": [4.46202, 5.43687, 9.35142],
							"pivot": [0, 25.7334, -14.36234],
							"rotation": [-30, 0, 0],
							"uv": {
								"north": {"uv": [85, 106], "uv_size": [3, 4]},
								"east": {"uv": [90, 26], "uv_size": [8, 4]},
								"south": {"uv": [88, 106], "uv_size": [3, 4]},
								"west": {"uv": [91, 41], "uv_size": [8, 4]},
								"up": {"uv": [100, 6], "uv_size": [3, 8]},
								"down": {"uv": [100, 22], "uv_size": [3, -8]}
							}
						}
					]
				},
				{
					"name": "short",
					"parent": "mane",
					"pivot": [0, 29.20918, -18.10232],
					"cubes": [
						{
							"origin": [-0.97776, 33.55958, -28.39238],
							"size": [1.95552, 1.43681, 10.32704],
							"inflate": -0.01,
							"pivot": [0, 29.2092, -27.30588],
							"rotation": [-7.5, 0, 0],
							"uv": {
								"north": {"uv": [84, 66], "uv_size": [2, 1]},
								"east": {"uv": [63, 76], "uv_size": [9, 1]},
								"south": {"uv": [87, 55], "uv_size": [2, 1]},
								"west": {"uv": [88, 22], "uv_size": [9, 1]},
								"up": {"uv": [29, 32], "uv_size": [2, 9]},
								"down": {"uv": [18, 45], "uv_size": [2, -9]}
							}
						},
						{
							"origin": [-0.97864, 29.53542, -21.21659],
							"size": [1.95728, 1.73727, 9.35142],
							"pivot": [0, 25.4034, -14.69234],
							"rotation": [-30, 0, 0],
							"uv": {
								"north": {"uv": [39, 42], "uv_size": [2, 2]},
								"east": {"uv": [71, 36], "uv_size": [8, 2]},
								"south": {"uv": [61, 20], "uv_size": [2, 2]},
								"west": {"uv": [72, 27], "uv_size": [8, 2]},
								"up": {"uv": [12, 85], "uv_size": [2, 8]},
								"down": {"uv": [83, 107], "uv_size": [2, -8]}
							}
						}
					]
				},
				{
					"name": "wagon_harness",
					"parent": "neck",
					"pivot": [-0.0329, 29.52853, -11.62212],
					"rotation": [157.5, 0, 0],
					"cubes": [
						{
							"origin": [-4.54618, 35.73165, -16.58152],
							"size": [8.9344, 5.36586, 15.5304],
							"pivot": [-0.07899, 36.04213, -6.03831],
							"rotation": [67.50008, -0.00168, 0.01959],
							"uv": {
								"north": {"uv": [52, 40], "uv_size": [7, 4]},
								"east": {"uv": [63, 77], "uv_size": [13, 4]},
								"south": {"uv": [59, 50], "uv_size": [7, 4]},
								"west": {"uv": [76, 77], "uv_size": [13, 4]},
								"up": {"uv": [50, 55], "uv_size": [7, 13]},
								"down": {"uv": [18, 70], "uv_size": [7, -13]}
							}
						},
						{
							"origin": [-1.62672, 27.1318, -11.53245],
							"size": [4.53905, 1.05414, 1.05414],
							"pivot": [-0.00964, 27.0256, -12.67348],
							"rotation": [-105.16911, 24.62796, 112.83685],
							"uv": {
								"north": {"uv": [95, 45], "uv_size": [4, 1]},
								"east": {"uv": [56, 74], "uv_size": [1, 1]},
								"south": {"uv": [108, 6], "uv_size": [4, 1]},
								"west": {"uv": [83, 14], "uv_size": [1, 1]},
								"up": {"uv": [108, 74], "uv_size": [4, 1]},
								"down": {"uv": [108, 81], "uv_size": [4, -1]}
							}
						},
						{
							"origin": [-2.93161, 27.1318, -11.53245],
							"size": [4.53906, 1.05414, 1.05414],
							"pivot": [-0.00964, 27.0256, -12.67348],
							"rotation": [-105.16911, -24.62796, -112.83685],
							"uv": {
								"north": {"uv": [108, 105], "uv_size": [4, 1]},
								"east": {"uv": [83, 15], "uv_size": [1, 1]},
								"south": {"uv": [109, 47], "uv_size": [4, 1]},
								"west": {"uv": [83, 16], "uv_size": [1, 1]},
								"up": {"uv": [109, 48], "uv_size": [4, 1]},
								"down": {"uv": [109, 50], "uv_size": [4, -1]}
							}
						}
					]
				},
				{
					"name": "head",
					"parent": "neck",
					"pivot": [0, 31.72583, -26.6119],
					"rotation": [22.5, 0, 0],
					"cubes": [
						{
							"origin": [-3.26476, 31.40629, -34.9442],
							"size": [6.52952, 2.71225, 8.71306],
							"uv": {
								"north": {"uv": [34, 62], "uv_size": [5, 2]},
								"east": {"uv": [103, 75], "uv_size": [7, 2]},
								"south": {"uv": [106, 18], "uv_size": [5, 2]},
								"west": {"uv": [105, 57], "uv_size": [7, 2]},
								"up": {"uv": [51, 68], "uv_size": [5, 7]},
								"down": {"uv": [42, 94], "uv_size": [5, -7]}
							}
						},
						{
							"origin": [-3.26476, 27.57852, -34.9442],
							"size": [6.52952, 3.82777, 4.69491],
							"uv": {
								"north": {"uv": [82, 33], "uv_size": [5, 3]},
								"east": {"uv": [105, 68], "uv_size": [4, 3]},
								"south": {"uv": [91, 71], "uv_size": [5, 3]},
								"west": {"uv": [106, 7], "uv_size": [4, 3]},
								"up": {"uv": [68, 46], "uv_size": [5, 4]},
								"down": {"uv": [100, 71], "uv_size": [5, -4]}
							}
						},
						{
							"origin": [-3.74693, 26.70024, -32.93689],
							"size": [7.49386, 4.71136, 6.40323],
							"pivot": [0, 29.29032, -28.22488],
							"rotation": [-1, 0, 0],
							"uv": {
								"north": {"uv": [66, 61], "uv_size": [6, 4]},
								"east": {"uv": [104, 98], "uv_size": [4, 4]},
								"south": {"uv": [93, 6], "uv_size": [6, 4]},
								"west": {"uv": [100, 104], "uv_size": [4, 4]},
								"up": {"uv": [97, 22], "uv_size": [6, 4]},
								"down": {"uv": [97, 40], "uv_size": [6, -4]}
							}
						}
					]
				},
				{
					"name": "saddle2",
					"parent": "head",
					"pivot": [0, 28.44688, -36.63716],
					"cubes": [
						{
							"origin": [-3.75835, 28.3506, -38.12279],
							"size": [7.51671, 1.25894, 1.25893],
							"pivot": [0, 28.44688, -37.40716],
							"rotation": [15, 0, 0],
							"uv": {
								"north": {"uv": [59, 54], "uv_size": [6, 1]},
								"east": {"uv": [30, 17], "uv_size": [1, 1]},
								"south": {"uv": [18, 70], "uv_size": [6, 1]},
								"west": {"uv": [28, 52], "uv_size": [1, 1]},
								"up": {"uv": [71, 38], "uv_size": [6, 1]},
								"down": {"uv": [84, 27], "uv_size": [6, -1]}
							}
						},
						{
							"origin": [2.74527, 26.18503, -38.34836],
							"size": [0.94162, 2.58705, 1.1756],
							"pivot": [0, 28.44688, -37.40716],
							"rotation": [-47.5, 0, 0],
							"uv": {
								"north": {"uv": [50, 71], "uv_size": [1, 2]},
								"east": {"uv": [56, 72], "uv_size": [1, 2]},
								"south": {"uv": [50, 81], "uv_size": [1, 2]},
								"west": {"uv": [83, 12], "uv_size": [1, 2]},
								"up": {"uv": [33, 73], "uv_size": [1, 1]},
								"down": {"uv": [50, 74], "uv_size": [1, -1]}
							}
						},
						{
							"origin": [-3.68689, 26.18503, -38.34836],
							"size": [0.94162, 2.58705, 1.1756],
							"pivot": [0, 28.44688, -37.40716],
							"rotation": [-47.5, 0, 0],
							"uv": {
								"north": {"uv": [41, 42], "uv_size": [1, 2]},
								"east": {"uv": [56, 68], "uv_size": [1, 2]},
								"south": {"uv": [56, 70], "uv_size": [1, 2]},
								"west": {"uv": [33, 71], "uv_size": [1, 2]},
								"up": {"uv": [65, 54], "uv_size": [1, 1]},
								"down": {"uv": [24, 71], "uv_size": [1, -1]}
							}
						}
					]
				},
				{
					"name": "reins",
					"parent": "saddle2",
					"pivot": [0, 26.29129, -37.97228],
					"rotation": [-27.5, 0, 0]
				},
				{
					"name": "right",
					"parent": "reins",
					"pivot": [3.59723, 26.35279, -38.82785],
					"rotation": [-2.5, 0, 0],
					"cubes": [
						{
							"origin": [3.5939, 23.57421, -38.57779],
							"size": [0.00667, 3.2846, 16.50375],
							"inflate": 0.01,
							"pivot": [-0.66714, 25.95546, -38.48146],
							"rotation": [22.5, 0, 0],
							"uv": {
								"north": {"uv": [0, 123], "uv_size": [6, 0]},
								"east": {"uv": [84, 23], "uv_size": [13, 3]},
								"south": {"uv": [0, 123], "uv_size": [6, 0]},
								"west": {"uv": [86, 74], "uv_size": [13, 3]},
								"up": {"uv": [6, 123], "uv_size": [-6, 5]},
								"down": {"uv": [6, 128], "uv_size": [-6, -5]}
							}
						}
					]
				},
				{
					"name": "bone3",
					"parent": "right",
					"pivot": [3.59723, 30.93847, -22.6107],
					"cubes": [
						{
							"origin": [3.5939, 30.87465, -23.8412],
							"size": [0.00667, 3.28461, 15.32599],
							"inflate": 0.01,
							"pivot": [-0.66714, 33.13618, -21.4484],
							"rotation": [27.5, 0, 0],
							"uv": {
								"north": {"uv": [0, 123], "uv_size": [6, 0]},
								"east": {"uv": [88, 10], "uv_size": [12, 3]},
								"south": {"uv": [0, 123], "uv_size": [6, 0]},
								"west": {"uv": [88, 13], "uv_size": [12, 3]},
								"up": {"uv": [6, 123], "uv_size": [-6, 4]},
								"down": {"uv": [6, 127], "uv_size": [-6, -4]}
							}
						}
					]
				},
				{
					"name": "left",
					"parent": "reins",
					"pivot": [-3.59723, 26.35279, -38.82785],
					"rotation": [-2.5, 0, 0],
					"cubes": [
						{
							"origin": [-3.60057, 23.57421, -38.57779],
							"size": [0.00667, 3.2846, 16.50375],
							"inflate": 0.01,
							"pivot": [0.66714, 25.95546, -38.48146],
							"rotation": [22.5, 0, 0],
							"uv": {
								"north": {"uv": [0, 123], "uv_size": [6, 0]},
								"east": {"uv": [87, 46], "uv_size": [13, 3]},
								"south": {"uv": [0, 123], "uv_size": [6, 0]},
								"west": {"uv": [87, 49], "uv_size": [13, 3]},
								"up": {"uv": [6, 123], "uv_size": [-6, 5]},
								"down": {"uv": [6, 128], "uv_size": [-6, -5]}
							}
						}
					]
				},
				{
					"name": "bone2",
					"parent": "left",
					"pivot": [-3.59723, 30.93847, -22.6107],
					"cubes": [
						{
							"origin": [-3.60057, 30.87465, -23.8412],
							"size": [0.00667, 3.28461, 15.32599],
							"inflate": 0.01,
							"pivot": [0.66714, 33.13618, -21.4484],
							"rotation": [27.5, 0, 0],
							"uv": {
								"north": {"uv": [0, 123], "uv_size": [6, 0]},
								"east": {"uv": [88, 16], "uv_size": [12, 3]},
								"south": {"uv": [0, 123], "uv_size": [6, 0]},
								"west": {"uv": [88, 19], "uv_size": [12, 3]},
								"up": {"uv": [6, 123], "uv_size": [-6, 4]},
								"down": {"uv": [6, 127], "uv_size": [-6, -4]}
							}
						}
					]
				},
				{
					"name": "right_ear",
					"parent": "head",
					"pivot": [-2.02414, 33.77216, -26.89715],
					"cubes": [
						{
							"origin": [-3.33004, 33.31854, -27.5501],
							"size": [2.61179, 3.9177, 1.3059],
							"inflate": -0.1,
							"uv": {
								"north": {"uv": [89, 63], "uv_size": [2, 3]},
								"east": {"uv": [30, 14], "uv_size": [1, 3]},
								"south": {"uv": [90, 30], "uv_size": [2, 3]},
								"west": {"uv": [28, 46], "uv_size": [1, 3]},
								"up": {"uv": [29, 41], "uv_size": [2, 1]},
								"down": {"uv": [18, 46], "uv_size": [2, -1]}
							}
						}
					]
				},
				{
					"name": "left_ear",
					"parent": "head",
					"pivot": [2.02414, 33.77216, -26.89715],
					"cubes": [
						{
							"origin": [0.71825, 33.31854, -27.5501],
							"size": [2.61179, 3.9177, 1.3059],
							"inflate": -0.1,
							"uv": {
								"north": {"uv": [91, 98], "uv_size": [2, 3]},
								"east": {"uv": [28, 49], "uv_size": [1, 3]},
								"south": {"uv": [100, 46], "uv_size": [2, 3]},
								"west": {"uv": [50, 68], "uv_size": [1, 3]},
								"up": {"uv": [63, 75], "uv_size": [2, 1]},
								"down": {"uv": [77, 39], "uv_size": [2, -1]}
							}
						}
					]
				},
				{
					"name": "mouth",
					"parent": "head",
					"pivot": [0, 31.315, -34.52082],
					"rotation": [-5, 0, 0],
					"cubes": [
						{
							"origin": [-3.0136, 28.47735, -40.18392],
							"size": [6.0272, 5.23412, 5.96645],
							"pivot": [0, 30.10108, -37.26131],
							"rotation": [5.5, 0, 0],
							"uv": {
								"north": {"uv": [103, 60], "uv_size": [5, 4]},
								"east": {"uv": [103, 71], "uv_size": [5, 4]},
								"south": {"uv": [91, 103], "uv_size": [5, 4]},
								"west": {"uv": [15, 104], "uv_size": [5, 4]},
								"up": {"uv": [92, 36], "uv_size": [5, 5]},
								"down": {"uv": [33, 100], "uv_size": [5, -5]}
							}
						}
					]
				},
				{
					"name": "jaw",
					"parent": "mouth",
					"pivot": [0, 28.092, -33.84771],
					"cubes": [
						{
							"origin": [-2.46111, 27.86281, -39.54674],
							"size": [4.92222, 1.82826, 5.83585],
							"pivot": [0, 28.092, -34.24771],
							"rotation": [7, 0, 0],
							"uv": {
								"north": {"uv": [87, 41], "uv_size": [4, 1]},
								"east": {"uv": [63, 39], "uv_size": [5, 1]},
								"south": {"uv": [89, 8], "uv_size": [4, 1]},
								"west": {"uv": [87, 84], "uv_size": [5, 1]},
								"up": {"uv": [20, 104], "uv_size": [4, 5]},
								"down": {"uv": [28, 109], "uv_size": [4, -5]}
							}
						}
					]
				},
				{
					"name": "tail",
					"parent": "body",
					"pivot": [0, 27.57184, 15.42673],
					"cubes": [
						{
							"origin": [-2.17912, 16.15005, 15.15053],
							"size": [4.35824, 11.96985, 4.90192],
							"inflate": 0.05,
							"uv": {
								"north": {"uv": [34, 85], "uv_size": [4, 10]},
								"east": {"uv": [38, 85], "uv_size": [4, 10]},
								"south": {"uv": [85, 56], "uv_size": [4, 10]},
								"west": {"uv": [63, 85], "uv_size": [4, 10]},
								"up": {"uv": [104, 102], "uv_size": [4, 4]},
								"down": {"uv": [105, 34], "uv_size": [4, -4]}
							}
						}
					]
				},
				{
					"name": "tail_2",
					"parent": "tail",
					"pivot": [0, 17.2418, 17.60149],
					"cubes": [
						{
							"origin": [-1.63543, 7.45106, 15.69421],
							"size": [3.27086, 10.88248, 3.81455],
							"inflate": 0.05,
							"uv": {
								"north": {"uv": [16, 95], "uv_size": [3, 9]},
								"east": {"uv": [19, 95], "uv_size": [3, 9]},
								"south": {"uv": [22, 95], "uv_size": [3, 9]},
								"west": {"uv": [30, 95], "uv_size": [3, 9]},
								"up": {"uv": [107, 37], "uv_size": [3, 3]},
								"down": {"uv": [107, 43], "uv_size": [3, -3]}
							}
						}
					]
				}
			]
		}
	]
}