{
	"name": "Cold blooded",
	"description": "You can't handle the Cold.",
	"type": "origins:multiple",
	"speed_decrease": {
		"type": "origins:conditioned_attribute",
		"modifier": {
			"attribute": "minecraft:generic.movement_speed",
			"operation": "addition",
			"value": -0.03
		},
		"condition": {
			"type": "origins:biome",
			"condition": {
				"type": "origins:temperature",
				"comparison": "<=",
				"compare_to": 0.2
			}
		}
	},

	"attack_decrease": {
		"type": "origins:conditioned_attribute",
		"modifier": {
			"attribute": "minecraft:generic.attack_damage",
			"operation": "addition",
			"value": -1
		},
		"condition": {
			"type": "origins:biome",
			"condition": {
				"type": "origins:temperature",
				"comparison": "<=",
				"compare_to": 0.2
			}
		}
	}
}