{
  "type": "origins:multiple",
  "name": "Nether Evolution (Evolved)",
  "description": "Hardened by Netherite: Resistance II and +2 armor toughness.",

  "resistance_ii": {
    "type": "origins:effect",
    "effect": {
      "effect": "minecraft:resistance",
      "amplifier": 1,
      "show_particles": false,
      "show_icon": true
    }
  },

  "armor_toughness_bonus": {
    "type": "origins:attribute",
    "modifier": {
      "name": "Nether Armor Toughness",
      "attribute": "minecraft:generic.armor_toughness",
      "value": 2,
      "operation": "addition"
    }
  }
}
