{
  "type": "origins:multiple",
  "name": "Nether Evolution",
  "description": "Start with 2 armor and Resistance I. Right-click a Netherite Ingot to permanently evolve, gaining Resistance II and +2 armor toughness.",

  "base_armor": {
    "type": "origins:attribute",
    "modifier": {
      "name": "Base Armor Bonus",
      "attribute": "minecraft:generic.armor",
      "value": 2,
      "operation": "addition"
    }
  },

  "base_resistance": {
    "type": "origins:effect",
    "effect": {
      "effect": "minecraft:resistance",
      "amplifier": 0,
      "show_particles": false,
      "show_icon": true
    },
    "condition": {
      "type": "origins:has_power",
      "power": "mystbound:gorgon-origin/nether_evolution_evolved",
      "inverted": true
    }
  },

  "evolve_on_netherite_use": {
    "type": "origins:action_on_item_use",
    "item_condition": {
      "type": "origins:ingredient",
      "ingredient": {
        "item": "minecraft:netherite_ingot"
      }
    },
    "condition": {
      "type": "origins:has_power",
      "power": "mystbound:gorgon-origin/nether_evolution_evolved",
      "inverted": true
    },
    "entity_action": {
      "type": "origins:and",
      "actions": [
        {
          "type": "origins:execute_command",
          "command": "clear @s minecraft:netherite_ingot 1"
        },
        {
          "type": "origins:grant_power",
          "power": "mystbound:gorgon-origin/nether_evolution_evolved"
        },
        {
          "type": "origins:play_sound",
          "sound": "minecraft:item.armor.equip_netherite",
          "volume": 1.0,
          "pitch": 1.0
        },
        {
          "type": "origins:spawn_particles",
          "particle": {
            "type": "minecraft:totem_of_undying"
          },
          "count": 20,
          "speed": 0.2,
          "spread": {
            "x": 0.5,
            "y": 1.0,
            "z": 0.5
          }
        }
      ]
    }
  }
}
