{
"name": "Scaled Evolution",
"description": "Start with 2 armor and Resistance I. Right-click while holding a Netherite Ingot to permanently evolve (consumes 1 ingot), gaining Resistance II and +2 armor toughness.",
"type": "origins:multiple",
"remove_power": {
    "type": "origins:action_on_callback",
    "entity_action_lost": {
        "type": "origins:revoke_power",
        "power": "mystbound-origins:gorgon-origin/nether_evolution_evolved",
        "source": "apoli:command"
    }
},

"base_armor": {
"type": "origins:attribute",
"modifier": {
"name": "Base Armor Bonus",
"attribute": "minecraft:generic.armor",
"value": 2,
"operation": "addition"
}
},
"base_resistance": {
"type": "origins:stacking_status_effect",
"min_stacks": 0,
"max_stacks": 1,
"duration_per_stack": 80,
"tick_rate": 79,
"effect": {
"effect": "minecraft:resistance",
"amplifier": 0,
"is_ambient": true,
"show_particles": false,
"show_icon": false
},
"condition": {
"type": "origins:has_power",
"power": "mystbound-origins:gorgon-origin/nether_evolution_evolved",
"inverted": true
}
},
"evolve_on_netherite_use": {
"type": "origins:active_self",
"key": {
"key": "key.use"
},
"condition": {
"type": "origins:and",
"conditions": [
{
"type": "origins:equipped_item",
"equipment_slot": "mainhand",
"item_condition": {
"type": "origins:ingredient",
"ingredient": {
"item": "minecraft:netherite_ingot"
}
}
},
{
"type": "origins:has_power",
"power": "mystbound-origins:gorgon-origin/nether_evolution_evolved",
"inverted": true
}
]
},
"entity_action": {
"type": "origins:and",
"actions": [
{
"type": "origins:execute_command",
"command": "clear @s minecraft:netherite_ingot 1"
},
{
"type": "origins:grant_power",
"power": "mystbound-origins:gorgon-origin/nether_evolution_evolved",
"source": "apoli:command"
},
{
"type": "origins:play_sound",
"sound": "minecraft:item.armor.equip_netherite",
"volume": 1.0,
"pitch": 1.0
},
{
"type": "origins:spawn_particles",
"particle": {
"type": "minecraft:totem_of_undying"
},
"count": 20,
"speed": 0.2,
"spread": {
"x": 0.5,
"y": 1.0,
"z": 0.5
}
}
]
}
}
}