{
  "type": "origins:active_self",
  "condition": {
    "type": "origins:effect_active",
    "effect": "minecraft:resistance",
    "inverted": true
  },
  "entity_action": {
    "type": "origins:apply_effect",
    "effect": {
      "effect": "minecraft:resistance",
      "duration": 2147483647,
      "amplifier": 1,
      "show_particles": false,
      "show_icon": true
    }
  },
  "cooldown": 40,
  "hud_render": {
    "should_render": false
  },
  "name": "Scaly",
  "Description": "You have innate damage resistance"
}