{
  "type": "origins:active_self",
  "condition": {
    "type": "origins:effect_active",
    "effect": "minecraft:hero_of_the_village",
    "inverted": true
  },
  "entity_action": {
    "type": "origins:apply_effect",
    "effect": {
      "effect": "minecraft:hero_of_the_village",
      "duration": 2147483647,
      "amplifier": 1,
      "show_particles": false,
      "show_icon": true
    }
  },
  "cooldown": 40,
  "hud_render": {
    "should_render": false
  },
  "name": "Charismatic Trickster",
  "Description": "Your fox-like charms get you better trades with villagers"
}