{
  "type": "origins:action_over_time",
  "entity_action": {
    "type": "origins:apply_effect",
    "effect": {
      "effect": "minecraft:hero_of_the_village",
      "duration": 400,
      "amplifier": 1,
      "show_particles": false,
      "show_icon": false
    }
  },
  "interval": 200,
  "condition": {
    "type": "origins:effect_active",
    "effect": "minecraft:hero_of_the_village",
    "inverted": true
  },
  "name": "Charismatic Trickster",
  "description": "Your fox-like charms grant you permanent hero status among villagers, improving trades."
}
