{
  "argument1": {
    "from_y": -64,
    "to_y": 320,
    "from_value": 1.5,
    "to_value": -1.5,
    "type": "minecraft:y_clamped_gradient"
  },
  "argument2": {
    "argument1": {
      "argument1": {
        "type": "minecraft:blend_offset"
      },
      "argument2": {
        "argument1": 1,
        "argument2": {
          "argument1": -1,
          "argument2": {
            "argument": {
              "type": "minecraft:blend_alpha"
            },
            "type": "minecraft:cache_once"
          },
          "type": "minecraft:mul"
        },
        "type": "minecraft:add"
      },
      "type": "minecraft:mul"
    },
    "argument2": {
      "argument1": {
        "type": "minecraft:clamp",
        "min": -0.81,
        "max": 4,
        "input": {
          "type": "minecraft:add",
          "argument1": -0.5037500262260437,
          "argument2": {
            "type": "minecraft:spline",
            "spline": {
              "coordinate": "amplified_nether:climate/continentalness",
              "points": [
                {
                  "location": -0.3,
                  "value": {
                    "coordinate": "amplified_nether:climate/erosion",
                    "points": [
                      {
                        "location": -0.25,
                        "value": {
                          "coordinate": "amplified_nether:climate/weirdness",
                          "points": [
                            {
                              "location": 0,
                              "value": -0.2,
                              "derivative": 0.1
                            }
                          ]
                        },
                        "derivative": 0
                      },
                      {
                        "location": 0,
                        "value": {
                          "coordinate": "amplified_nether:climate/weirdness",
                          "points": [
                            {
                              "location": 0,
                              "value": 0,
                              "derivative": 1
                            }
                          ]
                        },
                        "derivative": 0
                      }
                    ]
                  },
                  "derivative": 0
                },
                {
                  "location": 0,
                  "value": {
                    "coordinate": "amplified_nether:climate/erosion",
                    "points": [
                      {
                        "location": 0,
                        "value": {
                          "coordinate": "amplified_nether:climate/weirdness",
                          "points": [
                            {
                              "location": 0,
                              "value": 0,
                              "derivative": 1
                            }
                          ]
                        },
                        "derivative": 0
                      },
                      {
                        "location": 0.3,
                        "value": {
                          "coordinate": "amplified_nether:climate/weirdness",
                          "points": [
                            {
                              "location": 0,
                              "value": 0,
                              "derivative": 1
                            }
                          ]
                        },
                        "derivative": 0
                      },
                      {
                        "location": 0.45,
                        "value": {
                          "coordinate": "amplified_nether:climate/weirdness",
                          "points": [
                            {
                              "location": 0,
                              "value": -0.5,
                              "derivative": 0.1
                            }
                          ]
                        },
                        "derivative": 0
                      }
                    ]
                  },
                  "derivative": 0
                },
                {
                  "location": 0.3,
                  "value": {
                    "coordinate": "amplified_nether:climate/erosion",
                    "points": [
                      {
                        "location": -0.3,
                        "value": {
                          "coordinate": "amplified_nether:climate/weirdness",
                          "points": [
                            {
                              "location": 0,
                              "value": 0,
                              "derivative": 1
                            }
                          ]
                        },
                        "derivative": 0
                      },
                      {
                        "location": 0,
                        "value": {
                          "coordinate": "amplified_nether:climate/weirdness",
                          "points": [
                            {
                              "location": -0.825,
                              "value": 0.65,
                              "derivative": -0.2
                            },
                            {
                              "location": -0.8,
                              "value": 0.725,
                              "derivative": 0
                            },
                            {
                              "location": -0.05,
                              "value": -0.35,
                              "derivative": -1.25
                            },
                            {
                              "location": 0.05,
                              "value": -0.35,
                              "derivative": 1.25
                            },
                            {
                              "location": 0.825,
                              "value": 0.725,
                              "derivative": 0
                            },
                            {
                              "location": 0.85,
                              "value": 0.65,
                              "derivative": -0.7
                            }
                          ]
                        },
                        "derivative": 0
                      },
                      {
                        "location": 0.3,
                        "value": {
                          "coordinate": "amplified_nether:climate/weirdness",
                          "points": [
                            {
                              "location": -0.775,
                              "value": 0.775,
                              "derivative": -0.65
                            },
                            {
                              "location": -0.75,
                              "value": 0.8,
                              "derivative": 0
                            },
                            {
                              "location": -0.05,
                              "value": -0.3,
                              "derivative": -1.4
                            },
                            {
                              "location": 0.05,
                              "value": -0.3,
                              "derivative": 1.4
                            },
                            {
                              "location": 0.775,
                              "value": 0.8,
                              "derivative": 0
                            },
                            {
                              "location": 0.8,
                              "value": 0.775,
                              "derivative": -0.65
                            }
                          ]
                        },
                        "derivative": 0
                      },
                      {
                        "location": 0.55,
                        "value": {
                          "coordinate": "amplified_nether:climate/weirdness",
                          "points": [
                            {
                              "location": -0.725,
                              "value": 0.825,
                              "derivative": 1
                            },
                            {
                              "location": -0.7,
                              "value": 0.85,
                              "derivative": 0
                            },
                            {
                              "location": -0.05,
                              "value": -0.3,
                              "derivative": -1.7
                            },
                            {
                              "location": 0.05,
                              "value": -0.3,
                              "derivative": 1.7
                            },
                            {
                              "location": 0.7,
                              "value": 0.85,
                              "derivative": 0
                            },
                            {
                              "location": 0.725,
                              "value": 0.825,
                              "derivative": -1
                            }
                          ]
                        },
                        "derivative": 0
                      }
                    ]
                  },
                  "derivative": 0
                }
              ]
            }
          }
        }
      },
      "argument2": {
        "argument": {
          "type": "minecraft:blend_alpha"
        },
        "type": "minecraft:cache_once"
      },
      "type": "minecraft:mul"
    },
    "type": "minecraft:add"
  },
  "type": "minecraft:add"
}
