{
  "argument": {
    "argument": {
      "argument1": {
        "argument1": 10,
        "argument2": {
          "argument1": 1,
          "argument2": {
            "argument1": -1,
            "argument2": {
              "argument": {
                "type": "minecraft:blend_alpha"
              },
              "type": "minecraft:cache_once"
            },
            "type": "minecraft:mul"
          },
          "type": "minecraft:add"
        },
        "type": "minecraft:mul"
      },
      "argument2": {
        "argument1": {
          "type": "minecraft:clamp",
          "min": 0,
          "max": 8,
          "input": {
            "type": "minecraft:spline",
            "spline": {
              "coordinate": "amplified_nether:climate/continentalness",
              "points": [
                {
                  "location": -0.3,
                  "value": {
                    "coordinate": "amplified_nether:climate/erosion",
                    "points": [
                      {
                        "location": -0.3,
                        "value": {
                          "coordinate": "amplified_nether:climate/weirdness",
                          "points": [
                            {
                              "location": -0.4,
                              "value": 0.5,
                              "derivative": 0
                            },
                            {
                              "location": 0,
                              "value": 0.95,
                              "derivative": 0
                            },
                            {
                              "location": 0.5,
                              "value": 1.75,
                              "derivative": 0
                            }
                          ]
                        },
                        "derivative": 0
                      },
                      {
                        "location": 0,
                        "value": {
                          "coordinate": "amplified_nether:climate/weirdness",
                          "points": [
                            {
                              "location": 0,
                              "value": 0,
                              "derivative": 0
                            }
                          ]
                        },
                        "derivative": 0
                      }
                    ]
                  },
                  "derivative": 0
                },
                {
                  "location": 0,
                  "value": {
                    "coordinate": "amplified_nether:climate/erosion",
                    "points": [
                      {
                        "location": 0,
                        "value": {
                          "coordinate": "amplified_nether:climate/weirdness",
                          "points": [
                            {
                              "location": 0,
                              "value": 0,
                              "derivative": 0
                            }
                          ]
                        },
                        "derivative": 0
                      },
                      {
                        "location": 0.3,
                        "value": {
                          "coordinate": "amplified_nether:climate/weirdness",
                          "points": [
                            {
                              "location": 0,
                              "value": 0,
                              "derivative": 0
                            }
                          ]
                        },
                        "derivative": 0
                      },
                      {
                        "location": 0.45,
                        "value": {
                          "coordinate": "amplified_nether:climate/weirdness",
                          "points": [
                            {
                              "location": 0,
                              "value": 0.5,
                              "derivative": 0.2
                            }
                          ]
                        },
                        "derivative": 0
                      }
                    ]
                  },
                  "derivative": 0
                },
                {
                  "location": 0.3,
                  "value": {
                    "coordinate": "amplified_nether:climate/erosion",
                    "points": [
                      {
                        "location": -0.3,
                        "value": {
                          "coordinate": "amplified_nether:climate/weirdness",
                          "points": [
                            {
                              "location": 0,
                              "value": 0,
                              "derivative": 0
                            }
                          ]
                        },
                        "derivative": 0
                      },
                      {
                        "location": -0.075,
                        "value": {
                          "coordinate": "amplified_nether:climate/weirdness",
                          "points": [
                            {
                              "location": 0,
                              "value": 0,
                              "derivative": 0
                            }
                          ]
                        },
                        "derivative": 0
                      },
                      {
                        "location": 0.1,
                        "value": {
                          "coordinate": "amplified_nether:climate/weirdness",
                          "points": [
                            {
                              "location": -0.5,
                              "value": 4.25,
                              "derivative": 0
                            },
                            {
                              "location": 0,
                              "value": 2.5,
                              "derivative": 0
                            },
                            {
                              "location": 0.5,
                              "value": 3,
                              "derivative": 0
                            }
                          ]
                        },
                        "derivative": 0
                      },
                      {
                        "location": 0.5,
                        "value": {
                          "coordinate": "amplified_nether:climate/weirdness",
                          "points": [
                            {
                              "location": -0.5,
                              "value": 2.65,
                              "derivative": 0
                            },
                            {
                              "location": 0,
                              "value": 2,
                              "derivative": 0
                            },
                            {
                              "location": 0.5,
                              "value": 4.25,
                              "derivative": 0
                            }
                          ]
                        },
                        "derivative": 0
                      }
                    ]
                  },
                  "derivative": 0
                }
              ]
            }
          }
        },
        "argument2": {
          "argument": {
            "type": "minecraft:blend_alpha"
          },
          "type": "minecraft:cache_once"
        },
        "type": "minecraft:mul"
      },
      "type": "minecraft:add"
    },
    "type": "minecraft:cache_2d"
  },
  "type": "minecraft:flat_cache"
}
