{
    "type": "origins:multiple",
    "nature_resist": {
        "type": "origins:attribute",
            "modifier": {
                "attribute": "irons_spellbooks:nature_magic_resist",
                "operation": "addition",
                "value": 0.5
            }
    },
    "ender_weak": {
        "type": "origins:attribute",
            "modifier": {
                "attribute": "irons_spellbooks:ender_magic_resist",
                "operation": "addition",
                "value": -0.5
            }
    },
    "name": "Ephemeral Attunement",
    "description": "You resist nature itself, but force from the end is strong enough to rip you apart. You are resistant to nature magic and weak to ender magic"
}