{
    "type": "origins:multiple",
    "no_fall": {
        "type": "origins:invulnerability",
        "damage_condition": {
        "type": "origins:name",
        "name": "fall"
        }
    },
    "less_health": {
        "type": "origins:attribute",
        "modifier": {
            "attribute": "minecraft:generic.max_health",
            "operation": "addition",
            "value": -2
        }
    },
    "name": "Immaterial",
    "description": "Your Form is frail and immaterial, but light. Start with only 8 hearts but take no fall damage."
}