{
  "type": "origins:active_self",
  "key": {
    "key": "key.origins.primary_active",
    "continuous": false
  },
  "entity_action": {
    "type": "origins:raycast",
		"distance": 8,
		"shape_type": "visual",
		"fluid_handling": "none",
		"block": true,
		"entity": true,
    "command_along_ray": "function mystbound-origins:banshee_shriek_ray",
		"command_along_ray_only_on_hit": false,
		"command_step": 1,
		"bientity_action": {
			"type": "origins:and",
			"actions": [
				{
					"type": "origins:add_velocity",
					"z": 3.0
				},
				{
					"type": "origins:target_action",
					"action": {
						"type": "origins:and",
						"actions": [
							{
								"type": "origins:apply_effect",
								"effects": [
									{
										"effect": "minecraft:nausea",
										"duration": 60,
										"amplifier": 0,
										"is_ambient": true,
										"show_particles": true,
										"show_icon": false
									},
									{
										"effect": "minecraft:slowness",
										"duration": 200,
										"amplifier": 0,
										"is_ambient": true,
										"show_particles": true,
										"show_icon": false
									}
								]
							}
						]
					}
				},
        {
          "type": "origins:damage",
          "amount": 8,
          "damage_type": "minecraft:sonic_boom"
        }
			]
		}
  },
  "cooldown": 1000,
  "hud_render": {
    "should_render": true,
    "sprite_location": "origins:textures/gui/community/spiderkolo/resource_bar_02.png",
		"bar_index": 17
  },
  "name": "Wailing Condemnation",
  "description": "You focus your voice into a blast that can reach it's target through armor and blocks, dealing 4 hearts of damage and slowing them."
}