{
  "type": "origins:active_self",
  "key": {
    "key": "key.origins.secondary_active",
    "continuous": false
  },
  "entity_action": {
    "type": "origins:raycast",
    "distance": 16.0,
    "shape": "line",
    "block": false,
    "entity": true,
    "bientity_action": {
        "type": "origins:and",
        "actions": [
            {
                "type": "origins:damage",
                "amount": 5,
                "damage_type": "minecraft:sonic_boom"
            },
            {
            "type": "origins:play_sound",
            "sound": "minecraft:entity.warden.sonic_boom",
            "volume": 1.0,
            "pitch": 1.0
            }
        ]       
    },
    "fluid_handling": "none",
    "command_along_ray": "particle minecraft:sonic_explosion ~ ~ ~ 0 0 0 0.01 1 force",
    "command_step": 0.5,
    "command_along_ray_only_on_hit": false
  },
  "cooldown": 200,
  "hud_render": {
    "should_render": true,
    "sprite_location": "origins:textures/gui/community/spiderkolo/resource_bar_points_03.png",
    "bar_index": 23
  },
  "name": "Wailing Condemnation",
  "description": "You focus your voice into a blast that can reach it's target through armor and blocks. The blast deals 5 damage."
}