{
    "type": "origins:active_self",
    "loading_priority": 10,
    "entity_action": {
        "type": "origins:and",
        "actions": [
            {
                "type": "origins:execute_command",
                "command": "cast @p fire_breath 5",
                "permission_level": 4
            },
            {
                "type": "origins:execute_command",
                "command": "effect give @p minecraft:resistance 10 2",
                "permission_level": 4
            }
        ]
        
    },
    "cooldown":600,
    "hud_render": {
        "should_render":true,
        "sprite_location":"origins:textures/gui/community/huang/resource_bar_02.png",
        "bar_index":15,
        "condition": {
            "type":"origins:power_active",
            "power":"mystbound-origins:draconic-origin/dragon-fire"
        }
    },
    "key": {
        "key": "key.origins.secondary_active"
    },
    "name":"Dragon fire",
    "description":"You can shoot a stream of fire breath once in a while"
}