{
	"name": "Frozen Wings",
    "description": "Ice magic causes your wings to freeze up! You won't be able to fly again after being hit with it until 30 seconds pass.",
	"type": "origins:multiple",
	
	"removefly": {
		"type": "origins:self_action_when_hit",
		"entity_action": {
			"type": "origins:revoke_power",
			"power": "mystbound-origins/draconic-origin/dragon-wings",
			"source": "mystbound-origins/draconic"
		},
		"hud_render": {
			"sprite_location": "origins:textures/gui/resource_bar.png",
			"bar_index": 3
		},
		"damage_condition": {
			"type": "origins:type",
			"damage_type": "irons_spellbooks:ice_magic"
		},
		"cooldown": 600
	},
	
	"getfly": {
		"type": "origins:self_action_when_hit", 
		"damage_condition": {
			"type": "origins:type",
			"damage_type": "irons_spellbooks:ice_magic"
		},
		"entity_action": {
			"type": "origins:delay",
			"ticks": 600,
			"action": {
				"type": "origins:grant_power",
				"power": "mystbound-origins/draconic-origin/dragon-wings",
				"source": "mystbound-origins/draconic"
			}
		},
		"cooldown": 600
	}
}