{
    "type": "origins:multiple",
    "cold_sweat_heat_dampening": {
        "type": "origins:action_on_callback",
        "entity_action_added": {
            "type": "origins:execute_command",
            "command": "attribute @s cold_sweat:heat_dampening base set -0.2",
            "permission_level": 4
        },
        "entity_action_chosen": {
            "type": "origins:execute_command",
            "command": "attribute @s cold_sweat:heat_dampening base set -0.2",
            "permission_level": 4
        },
        "entity_action_removed": {
            "type": "origins:execute_command",
            "command": "attribute @s cold_sweat:heat_dampening base set 0",
            "permission_level": 4
        },
        "entity_action_respawned": {
            "type": "origins:execute_command",
            "command": "attribute @s cold_sweat:heat_dampening base set -0.2",
            "permission_level": 4
        },
        "execute_chosen_when_orb": true
    },
    "cold_sweat_cold_dampening": {
        "type": "origins:action_on_callback",
        "entity_action_added": {
            "type": "origins:execute_command",
            "command": "attribute @s cold_sweat:cold_dampening base set 0.5",
            "permission_level": 4
        },
        "entity_action_chosen": {
            "type": "origins:execute_command",
            "command": "attribute @s cold_sweat:cold_dampening base set 0.5",
            "permission_level": 4
        },
        "entity_action_removed": {
            "type": "origins:execute_command",
            "command": "attribute @s cold_sweat:cold_dampening base set 0",
            "permission_level": 4
        },
        "entity_action_respawned": {
            "type": "origins:execute_command",
            "command": "attribute @s cold_sweat:cold_dampening base set 0.5",
            "permission_level": 4
        },
        "execute_chosen_when_orb": true
    },
    "cold_sweat_cold_resist": {
        "type": "origins:action_on_callback",
        "entity_action_added": {
            "type": "origins:execute_command",
            "command": "attribute @s cold_sweat:cold_resistance base set 0.5",
            "permission_level": 4
        },
        "entity_action_chosen": {
            "type": "origins:execute_command",
            "command": "attribute @s cold_sweat:cold_resistance base set 0.5",
            "permission_level": 4
        },
        "entity_action_removed": {
            "type": "origins:execute_command",
            "command": "attribute @s cold_sweat:cold_resistance base set 0",
            "permission_level": 4
        },
        "entity_action_respawned": {
            "type": "origins:execute_command",
            "command": "attribute @s cold_sweat:cold_resistance base set 0.5",
            "permission_level": 4
        },
        "execute_chosen_when_orb": true
    },
    "name": "Coldwater Comforts",
    "description": "You overheat 20% faster and freeze 50% slower than others. You are also 50% resistant to cold"
}