{
  "replace": false,
  "values": [
    {
      "required": false,
      "id": "tconstruct:blood_slime_ball"
    },
    {
      "required": false,
      "id": "alexsmobs:cockroach_ootheca"
    },
    {
      "required": false,
      "id": "alexsmobs:maggot"
    },
    {
      "required": false,
      "id": "biomesoplenty:blood_bucket"
    },
    {
      "required": false,
      "id": "hexerei:blood_bucket"
    },
    {
      "required": false,
      "id": "hexerei:blood_bottle"
    },
    {
      "required": false,
      "id": "tconstruct:blood_cake"
    }
  ]
}