{
  "replace": false,
  "values": [
    { "id": "minecraft:cod", "required": false },
    { "id": "minecraft:tropical_fish", "required": false },
    { "id": "minecraft:pufferfish", "required": false },
    { "id": "minecraft:salmon", "required": false },
    { "id": "butcher:rawsalmon", "required": false },
    { "id": "butcher:rawcodfillet", "required": false },
    { "id": "aquaculturedelight:raw_fish_fillet_roll", "required": false },
    { "id": "butcher:calamari", "required": false },
    { "id": "butcher:tentacle", "required": false },
    { "id": "aquaculturedelight:jellyfish_jelly", "required": false },
    { "id": "aquaculturedelight:small_turtle_meat", "required": false },
    { "id": "aquaculture:atlantic_cod", "required": false },
    { "id": "aquaculture:blackfish", "required": false },
    { "id": "aquaculture:pacific_halibut", "required": false },
    { "id": "aquaculture:atlantic_halibut", "required": false },
    { "id": "aquaculture:atlantic_herring", "required": false },
    { "id": "aquaculture:pink_salmon", "required": false },
    { "id": "aquaculture:pollock", "required": false },
    { "id": "aquaculture:rainbow_trout", "required": false },
    { "id": "aquaculture:bayad", "required": false },
    { "id": "aquaculture:boulti", "required": false },
    { "id": "aquaculture:capitaine", "required": false },
    { "id": "aquaculture:synodontis", "required": false },
    { "id": "aquaculture:smallmouth_bass", "required": false },
    { "id": "aquaculture:bluegill", "required": false },
    { "id": "aquaculture:brown_trout", "required": false },
    { "id": "aquaculture:carp", "required": false },
    { "id": "aquaculture:catfish", "required": false },
    { "id": "aquaculture:gar", "required": false },
    { "id": "aquaculture:minnow", "required": false },
    { "id": "aquaculture:muskellunge", "required": false },
    { "id": "aquaculture:perch", "required": false },
    { "id": "aquaculture:arapaima", "required": false },
    { "id": "aquaculture:piranha", "required": false },
    { "id": "aquaculture:tambaqui", "required": false },
    { "id": "aquaculture:brown_shrooma", "required": false },
    { "id": "aquaculture:red_shrooma", "required": false },
    { "id": "aquaculture:jellyfish", "required": false },
    { "id": "aquaculture:red_grouper", "required": false },
    { "id": "aquaculture:tuna", "required": false },
    { "id": "aquaculture:leech", "required": false },
    { "id": "aquaculture:box_turtle", "required": false },
    { "id": "aquaculture:arrau_turtle", "required": false },
    { "id": "aquaculture:starshell_turtle", "required": false },
    { "id": "aquaculture:goldfish", "required": false },
    { "id": "aquaculture:fish_fillet_raw", "required": false },
    { "id": "quark:crab_leg", "required": false },
    { "id": "collectorsreap:tiger_prawn", "required": false },
    { "id": "collectorsreap:uni", "required": false },
    { "id": "collectorsreap:platinum_bass", "required": false },
    { "id": "collectorsreap:platinum_bass_head", "required": false },
    { "id": "collectorsreap:platinum_bass_slice", "required": false },
    { "id": "collectorsreap:platinum_bass_roe", "required": false },
    { "id": "collectorsreap:tiger_prawn_roe", "required": false },
    { "id": "collectorsreap:chieftain_claw", "required": false },
    { "id": "collectorsreap:chieftain_crab", "required": false },
    { "id": "collectorsreap:chieftain_crab_meat", "required": false },
    { "id": "collectorsreap:chieftain_leg", "required": false },
    { "id": "collectorsreap:clam_meat", "required": false },
    { "id": "letfishlove:cod_roe", "required": false },
    { "id": "letfishlove:pufferfish_roe", "required": false },
    { "id": "letfishlove:salmon_roe", "required": false },
    { "id": "letfishlove:tropical_fish_roe", "required": false },
    { "id": "mofus_better_end_:axefish_item", "required": false },
    { "id": "mofus_better_end_:sun_glider_filet", "required": false },
    { "id": "mofus_better_end_:sun_glider_bacon", "required": false },
    { "id": "mofus_better_end_:icycle_fish", "required": false },
    { "id": "farmersdelight:salmon_slice", "required": false },
    { "id": "farmersdelight:cod_slice", "required": false },
    { "id": "butcher:rawguardianmeat", "required": false },
    { "id": "butcher:tentacle", "required": false },
    { "id": "rpg_better_elder_guardian_1201:raw_elder_meat", "required": false },
    { "id": "butcher:gray_frog_leg", "required": false },
    { "id": "butcher:orange_frog_leg", "required": false },
    { "id": "butcher:frogsleg", "required": false },
    { "id": "butcher:rawdolphinmeat", "required": false },
    { "id": "butcher:raweldermeat", "required": false },
    { "id": "crittersandcompanions:koi_fish", "required": false },
    { "id": "cataclysm:lionfish", "required": false }
  ]
}