{
  "replace": false,
  "values": [
    { "id": "minecraft:cod", "required": false },
    { "id": "minecraft:tropical_fish", "required": false },
    { "id": "minecraft:pufferfish", "required": false },
    { "id": "minecraft:salmon", "required": false },
    { "id": "minecraft:cooked_cod", "required": false },
    { "id": "minecraft:cooked_salmon", "required": false },
    { "id": "quarkdelight:crab_pasta", "required": false },
    { "id": "quarkdelight:cooked_whole_crab", "required": false },
    { "id": "quarkdelight:crab_bars", "required": false },
    { "id": "aquaculturedelight:large_fish_with_vegetables", "required": false },
    { "id": "aquaculturedelight:tutle_meat_dish", "required": false },
    { "id": "aquaculturedelight:catfish_barbecue", "required": false },
    { "id": "butcher:cookedturtlemeat", "required": false },
    { "id": "butcher:cooked_green_frogs_leg", "required": false },
    { "id": "butcher:cooked_gray_frog_leg", "required": false },
    { "id": "butcher:cooked_orange_frog_leg", "required": false },
    { "id": "butcher:cookedsalmon", "required": false },
    { "id": "butcher:codfillet", "required": false },
    { "id": "butcher:dolphinmeat", "required": false },
    { "id": "butcher:elder_meat", "required": false },
    { "id": "aquaculturedelight:poor_fisher_chowder", "required": false },
    { "id": "aquaculturedelight:bass_stew", "required": false },
    { "id": "aquaculturedelight:unusual_fish_soup", "required": false },
    { "id": "aquaculturedelight:tuna_spaghetti", "required": false },
    { "id": "aquaculturedelight:cooked_small_turtle_meat", "required": false },
    { "id": "aquaculturedelight:halibut_with_tartar_sauce", "required": false },
    { "id": "aquaculturedelight:baked_pollock_with_carrots", "required": false },
    { "id": "aquaculturedelight:buckling", "required": false },
    { "id": "aquaculturedelight:rollmops", "required": false },
    { "id": "collectorsreap:cooked_tiger_prawn", "required": false },
    { "id": "collectorsreap:cooked_platinum_bass", "required": false },
    { "id": "collectorsreap:cooked_platinum_bass_head", "required": false },
    { "id": "collectorsreap:cooked_platinum_bass_slice", "required": false },
    { "id": "mofus_better_end_:smoked_sun_glider_bacon", "required": false },
    { "id": "mofus_better_end_:cooked_icycle_fish", "required": false },
    { "id": "cuisinedelight:seafood_platter", "required": false },
    { "id": "caupona:fish_chowder", "required": false },
    { "id": "caupona:fish_soup", "required": false },
    { "id": "caupona:bisque", "required": false },
    { "id": "caupona:ukha", "required": false },
    { "id": "caupona:sauteed_seafood", "required": false },
    { "id": "farmersdelight:cooked_cod_slice", "required": false },
    { "id": "farmersdelight:cooked_salmon_slice", "required": false },
    { "id": "quark:cooked_crab_leg", "required": false },
    { "id": "rpg_better_elder_guardian_1201:coocked_elder_meat", "required": false },
    { "id": "collectorsreap:crab_miso", "required": false },
    { "id": "collectorsreap:buttered_legs", "required": false },
    { "id": "collectorsreap:salmon_wrapped_prawn", "required": false },
    { "id": "butcher:cookedguardianmeat", "required": false }
  ]
}