{
  "replace": false,
  "values": [
    "minecraft:stone_sword",
    "minecraft:iron_sword",
    "minecraft:golden_sword",
    "minecraft:diamond_sword",
    "minecraft:netherite_sword",
    "minecraft:wooden_sword",
    {
      "required": false,
      "id": "undergarden:forgotten_sword"
    },
    {
      "required": false,
      "id": "undergarden:utherium_sword"
    },
    {
      "required": false,
      "id": "undergarden:utherium_sword"
    },
    {
      "required": false,
      "id": "undergarden:froststeel_sword"
    },
    {
      "required": false,
      "id": "undergarden:cloggrum_sword"
    },
    {
      "required": false,
      "id": "naturesaura:sky_sword"
    },
    {
      "required": false,
      "id": "naturesaura:infused_iron_sword"
    },
    {
      "required": false,
      "id": "minecolonies:iron_scimitar"
    },
    {
      "required": false,
      "id": "minecolonies:cheifsword"
    },
    {
      "required": false,
      "id": "farmersdelight:flint_knife"
    },
    {
      "required": false,
      "id": "farmersdelight:iron_knife"
    },
    {
      "required": false,
      "id": "farmersdelight:diamond_knife"
    },
    {
      "required": false,
      "id": "farmersdelight:netherite_knife"
    },
    {
      "required": false,
      "id": "farmersdelight:golden_knife"
    },
    {
      "required": false,
      "id": "alloyed:steel_sword"
    },
    {
      "required": false,
      "id": "alloyed:steel_knife"
    },
    {
      "required": false,
      "id": "ars_nouveau:enchanters_sword"
    }
  ]
}