{
    "replace": false,
    "values": [
      "minecraft:cooked_chicken",
      "minecraft:cooked_rabbit",
      "minecraft:rabbit_stew",
      "minecraft:cooked_porkchop",
      "minecraft:cooked_cod",
      "minecraft:cooked_beef",
      "minecraft:cooked_mutton",
      "minecraft:cooked_salmon",
      "minecraft:beetroot_soup",
      "minecraft:golden_carrot",
      "minecraft:bread",
      "minecraft:cake",
      "minecraft:baked_potato",
      "minecraft:cookie",
      "minecraft:golden_apple",
      "minecraft:enchanted_golden_apple",
      "minecraft:honey_bottle",
      "minecraft:mushroom_stew",
      {
        "required": false,
        "id": "farmersdelight:fried_egg"
      },
      {
        "required": false,
        "id": "farmersdelight:hot_cocoa"
      },
      {
        "required": false,
        "id": "farmersdelight:apple_cider"
      },
      {
        "required": false,
        "id": "farmersdelight:melon_juice"
      },
      {
        "required": false,
        "id": "farmersdelight:cooked_bacon"
      },
      {
        "required": false,
        "id": "farmersdelight:cooked_cod_slice"
      },
      {
        "required": false,
        "id": "farmersdelight:cooked_salmon_slice"
      },
      {
        "required": false,
        "id": "farmersdelight:cooked_mutton_chops"
      },
      {
        "required": false,
        "id": "farmersdelight:smoked_ham"
      },
      {
        "required": false,
        "id": "farmersdelight:apple_pie"
      },
      {
        "required": false,
        "id": "farmersdelight:sweet_berry_cheesecake"
      },
      {
        "required": false,
        "id": "farmersdelight:chocolate_pie"
      },
      {
        "required": false,
        "id": "farmersdelight:cake_slice"
      },
      {
        "required": false,
        "id": "farmersdelight:apple_pie_slice"
      },
      {
        "required": false,
        "id": "farmersdelight:sweet_berry_cheesecake_slice"
      },
      {
        "required": false,
        "id": "farmersdelight:chocolate_pie_slice"
      },
      {
        "required": false,
        "id": "farmersdelight:sweet_berry_cookie"
      },
      {
        "required": false,
        "id": "farmersdelight:honey_cookie"
      },
      {
        "required": false,
        "id": "farmersdelight:melon_popsicle"
      },
      {
        "required": false,
        "id": "farmersdelight:fruit_salad"
      },
      {
        "required": false,
        "id": "farmersdelight:mixed_salad"
      },
      {
        "required": false,
        "id": "farmersdelight:nether_salad"
      },
      {
        "required": false,
        "id": "farmersdelight:barbecue_stick"
      },
      {
        "required": false,
        "id": "farmersdelight:egg_sandwich"
      },
      {
        "required": false,
        "id": "farmersdelight:chicken_sandwich"
      },
      {
        "required": false,
        "id": "farmersdelight:hamburger"
      },
      {
        "required": false,
        "id": "farmersdelight:bacon_sandwich"
      },
      {
        "required": false,
        "id": "farmersdelight:mutton_wrap"
      },
      {
        "required": false,
        "id": "farmersdelight:dumplings"
      },
      {
        "required": false,
        "id": "farmersdelight:stuffed_potato"
      },
      {
        "required": false,
        "id": "farmersdelight:cabbage_rolls"
      },
      {
        "required": false,
        "id": "farmersdelight:cooked_rice"
      },
      {
        "required": false,
        "id": "farmersdelight:beef_stew"
      },
      {
        "required": false,
        "id": "farmersdelight:chicken_soup"
      },
      {
        "required": false,
        "id": "farmersdelight:vegetable_soup"
      },
      {
        "required": false,
        "id": "farmersdelight:fish_stew"
      },
      {
        "required": false,
        "id": "farmersdelight:fried_rice"
      },
      {
        "required": false,
        "id": "farmersdelight:pumpkin_soup"
      },
      {
        "required": false,
        "id": "farmersdelight:baked_cod_stew"
      },
      {
        "required": false,
        "id": "farmersdelight:noodle_soup"
      },
      {
        "required": false,
        "id": "farmersdelight:bacon_and_eggs"
      },
      {
        "required": false,
        "id": "farmersdelight:pasta_with_meatballs"
      },
      {
        "required": false,
        "id": "farmersdelight:pasta_with_mutton_chop"
      },
      {
        "required": false,
        "id": "farmersdelight:roasted_mutton_chops"
      },
      {
        "required": false,
        "id": "farmersdelight:vegetable_noodles"
      },
      {
        "required": false,
        "id": "farmersdelight:steak_and_potatoes"
      },
      {
        "required": false,
        "id": "farmersdelight:ratatouille"
      },
      {
        "required": false,
        "id": "farmersdelight:squid_ink_pasta"
      },
      {
        "required": false,
        "id": "farmersdelight:grilled_salmon"
      },
      {
        "required": false,
        "id": "farmersdelight:roast_chicken_block"
      },
      {
        "required": false,
        "id": "farmersdelight:roast_chicken"
      },
      {
        "required": false,
        "id": "farmersdelight:stuffed_pumpkin_block"
      },
      {
        "required": false,
        "id": "farmersdelight:stuffed_pumpkin"
      },
      {
        "required": false,
        "id": "farmersdelight:honey_glazed_ham_block"
      },
      {
        "required": false,
        "id": "farmersdelight:honey_glazed_ham"
      },
      {
        "required": false,
        "id": "farmersdelight:shepherds_pie_block"
      },
      {
        "required": false,
        "id": "farmersdelight:shepherds_pie"
      },
      {
        "required": false,
        "id": "alexsmobs:cooked_lobster_tail"
      },
      {
        "required": false,
        "id": "alexsmobs:sopa_de_macaco"
      },
      {
        "required": false,
        "id": "alexsmobs:cooked_moose_ribs"
      },
      {
        "required": false,
        "id": "alexsmobs:shrimp_fried_rice"
      },
      {
        "required": false,
        "id": "alexsmobs:boiled_emu_egg"
      },
      {
        "required": false,
        "id": "alexsmobs:cooked_kangaroo_meat"
      },
      {
        "required": false,
        "id": "ars_nouveau:source_berry_pie"
      },
      {
        "required": false,
        "id": "ars_nouveau:source_berry_roll"
      },
      {
        "required": false,
        "id": "create:bar_of_chocolate"
      },
      {
        "required": false,
        "id": "create:sweet_roll"
      },
      {
        "required": false,
        "id": "create:chocolate_glazed_berries"
      },
      {
        "required": false,
        "id": "create:honeyed_apple"
      },
      {
        "required": false,
        "id": "create:builders_tea"
      },
      {
        "required": false,
        "id": "drinkbeer:beer_mug"
      },
      {
        "required": false,
        "id": "drinkbeer:beer_mug_blaze_stout"
      },
      {
        "required": false,
        "id": "drinkbeer:beer_mug_blaze_milk_stout"
      },
      {
        "required": false,
        "id": "drinkbeer:beer_mug_apple_lambic"
      },
      {
        "required": false,
        "id": "drinkbeer:beer_mug_sweet_berry_kriek"
      },
      {
        "required": false,
        "id": "drinkbeer:beer_mug_haars_icey_pale_lager"
      },
      {
        "required": false,
        "id": "drinkbeer:beer_mug_pumpkin_kvass"
      },
      {
        "required": false,
        "id": "drinkbeer:beer_mug_night_howl_kvass"
      },
      {
        "required": false,
        "id": "mna:mana_coffee"
      },
      {
        "required": false,
        "id": "minecolonies:milky_bread"
      },
      {
        "required": false,
        "id": "minecolonies:sugary_bread"
      },
      {
        "required": false,
        "id": "minecolonies:golden_bread"
      },
      {
        "required": false,
        "id": "minecolonies:chorus_bread"
      },
      {
        "required": false,
        "id": "occultism:datura"
      },
      {
        "required": false,
        "id": "supplementaries:candy"
      },
      {
        "required": false,
        "id": "supplementaries:pancake"
      },
      {
        "required": false,
        "id": "tconstruct:jeweled_apple"
      },
      {
        "required": false,
        "id": "createaddition:chocolate_cake"
      },
      {
        "required": false,
        "id": "createaddition:honey_cake"
      },
      {
        "required": false,
        "id": "schoolsofmagic:poppy_seed_muffin"
      },
      {
        "required": false,
        "id": "undergarden:droopvine_item"
      },
      {
        "required": false,
        "id": "undergarden:underbeans"
      },
      {
        "required": false,
        "id": "undergarden:roasted_underbeans"
      },
      {
        "required": false,
        "id": "undergarden:blisterberry"
      },
      {
        "required": false,
        "id": "undergarden:gloomgourd_pie"
      },
      {
        "required": false,
        "id": "undergarden:bloody_stew"
      },
      {
        "required": false,
        "id": "undergarden:inky_stew"
      },
      {
        "required": false,
        "id": "undergarden:indigo_stew"
      },
      {
        "required": false,
        "id": "undergarden:veiled_stew"
      }
    ]
  }