{
    "type": "origins:modify_harvest",
    "allow": true,
    "block_condition": {
      "type": "origins:crop"
    },
    "item_condition": {
      "type": "origins:ingredient",
      "ingredient": {
        "item": "minecraft:hoe"
      }
    },
    "modifiers": [
      {
        "type": "origins:modifier",
        "modifier": {
          "operation": "multiply_base",
          "value": 1.5
        },
        "condition": {
          "type": "origins:random_chance",
          "chance": 0.5
        }
      }
    ],
    "name": "Green Thumb",
    "description": "You have increased crop yield when you harvest your crops with a hoe"
}
  