{
    "criteria": {
        "load_in_world": {
            "conditions": {
                "player": [
                    {
                        "condition": "minecraft:entity_properties",
                        "entity": "this",
                        "predicate": {
                            "location": {
                                "dimension": "minecraft:overworld"
                            }
                        }
                    }
                ]
            },
            "trigger": "minecraft:location"
        }
    },
    "display": {
        "announce_to_chat": false,
        "background": "regions_unexplored:textures/gui/advancements/backgrounds/argillite.png",
        "description": {
            "translate": "advancements.regions_unexplored.description"
        },
        "frame": "task",
        "hidden": false,
        "icon": {
            "item": "regions_unexplored:eucalyptus_sapling"
        },
        "show_toast": false,
        "title": {
            "translate": "advancements.regions_unexplored.title"
        }
    },
    "requirements": [
        [
            "load_in_world"
        ]
    ],
    "sends_telemetry_event": true
}