{
  "feature": "minecraft:patch_brown_mushroom",
  "placement": [
    {
      "type": "count",
      "count": 2
    },
    {
      "chance": 2,
      "type": "minecraft:rarity_filter"
    },
    {
      "type": "minecraft:in_square"
    },
    {
      "height": {
        "min_inclusive": {
          "above_bottom": 0
        },
        "max_inclusive": {
          "below_top": 0
        },
        "type": "minecraft:uniform"
      },
      "type": "minecraft:height_range"
    },
    {
      "type": "minecraft:biome"
    }
  ]
}
