{
    "powers": [
        "sprites:air/unique/wings",
        "sprites:air/common/dust",
        "sprites:air/common/hide",

        "sprites:air/unique/hover",
        "sprites:air/unique/flutter",

        "sprites:air/unique/sour",
        "sprites:air/unique/iron",
        "sprites:air/unique/ironweapon",
        "sprites:air/unique/magical",
        "sprites:air/unique/feather_footed",
        "sprites:air/unique/weak",
        "mystbound-origins/diets/herbivore",
        
        "sprites:air/common/gain",
        "sprites:air/common/held",
        
        "sprites:shared/ride",
        "sprites:shared/ridecd",
        "sprites:shared/ridecdtrigger",
        
        "sprites:air/common/elements",
        "sprites:shared/attributes",
        "sprites:shared/metal",
        "sprites:shared/fireworks",

        "sprites:air/common/glow",

        "mystbound-origins:extras/small_prey"
    ],
    "icon": "crittersandcompanions:dragonfly_wing",
    "impact": 3,
    "order": 41,
    "name": "Sun Sprite",
    "description": "Tiny fae that fly using pixie dust, each sprite has unique properties. Sun Sprites love lights, fly more than most, and have great air mobility."
}