{
    "hidden": true,
    "name": "Smite Weakness",
    "description": "While this won't be seen, this is the part of Tainted Resilience that makes you weak to the damage of Smite.",
    "type": "origins:multiple",
    "smite1": {
        "type": "origins:modify_damage_taken",
        "bientity_condition": {
            "type": "origins:actor_condition",
            "condition": {
                "type": "origins:equipped_item",
                "equipment_slot": "mainhand",
                "item_condition": {
                    "type": "origins:enchantment",
                    "enchantment": "minecraft:smite",
                    "comparison": ">=",
                    "compare_to": 1
                }
            }
        },
        "modifier": {
            "name": "Smite Weakness",
            "operation": "addition",
            "value": 2.5
        }
    },
    "smite2": {
        "type": "origins:modify_damage_taken",
        "bientity_condition": {
            "type": "origins:actor_condition",
            "condition": {
                "type": "origins:equipped_item",
                "equipment_slot": "mainhand",
                "item_condition": {
                    "type": "origins:enchantment",
                    "enchantment": "minecraft:smite",
                    "comparison": ">=",
                    "compare_to": 2
                }
            }
        },
        "modifier": {
            "name": "Smite Weakness",
            "operation": "addition",
            "value": 2.5
        }
    },
    "smite3": {
        "type": "origins:modify_damage_taken",
        "bientity_condition": {
            "type": "origins:actor_condition",
            "condition": {
                "type": "origins:equipped_item",
                "equipment_slot": "mainhand",
                "item_condition": {
                    "type": "origins:enchantment",
                    "enchantment": "minecraft:smite",
                    "comparison": ">=",
                    "compare_to": 3
                }
            }
        },
        "modifier": {
            "name": "Smite Weakness",
            "operation": "addition",
            "value": 2.5
        }
    },
    "smite4": {
        "type": "origins:modify_damage_taken",
        "bientity_condition": {
            "type": "origins:actor_condition",
            "condition": {
                "type": "origins:equipped_item",
                "equipment_slot": "mainhand",
                "item_condition": {
                    "type": "origins:enchantment",
                    "enchantment": "minecraft:smite",
                    "comparison": ">=",
                    "compare_to": 4
                }
            }
        },
        "modifier": {
            "name": "Smite Weakness",
            "operation": "addition",
            "value": 2.5
        }
    },
    "smite5": {
        "type": "origins:modify_damage_taken",
        "bientity_condition": {
            "type": "origins:actor_condition",
            "condition": {
                "type": "origins:equipped_item",
                "equipment_slot": "mainhand",
                "item_condition": {
                    "type": "origins:enchantment",
                    "enchantment": "minecraft:smite",
                    "comparison": ">=",
                    "compare_to": 5
                }
            }
        },
        "modifier": {
            "name": "Smite Weakness",
            "operation": "addition",
            "value": 2.5
        }
    },
    "smite6": {
        "type": "origins:modify_damage_taken",
        "bientity_condition": {
            "type": "origins:actor_condition",
            "condition": {
                "type": "origins:equipped_item",
                "equipment_slot": "mainhand",
                "item_condition": {
                    "type": "origins:enchantment",
                    "enchantment": "minecraft:smite",
                    "comparison": ">=",
                    "compare_to": 6
                }
            }
        },
        "modifier": {
            "name": "Smite Weakness",
            "operation": "addition",
            "value": 2.5
        }
    },
    "smite7": {
        "type": "origins:modify_damage_taken",
        "bientity_condition": {
            "type": "origins:actor_condition",
            "condition": {
                "type": "origins:equipped_item",
                "equipment_slot": "mainhand",
                "item_condition": {
                    "type": "origins:enchantment",
                    "enchantment": "minecraft:smite",
                    "comparison": ">=",
                    "compare_to": 7
                }
            }
        },
        "modifier": {
            "name": "Smite Weakness",
            "operation": "addition",
            "value": 2.5
        }
    },
    "smite8": {
        "type": "origins:modify_damage_taken",
        "bientity_condition": {
            "type": "origins:actor_condition",
            "condition": {
                "type": "origins:equipped_item",
                "equipment_slot": "mainhand",
                "item_condition": {
                    "type": "origins:enchantment",
                    "enchantment": "minecraft:smite",
                    "comparison": ">=",
                    "compare_to": 8
                }
            }
        },
        "modifier": {
            "name": "Smite Weakness",
            "operation": "addition",
            "value": 2.5
        }
    }
}