{
    "type": "origins:active_self",
    "loading_priority": 10,
    "entity_action": {
        "type": "origins:and",
        "actions": [
            {
                "type": "origins:execute_command",
                "command": "tellraw @a {\"text\": \"set ars mana regen = 2\", \"color\": \"green\"}",
                "permission_level": 4
            },
            {
                "type": "origins:execute_command",
                "command": "tellraw @a {\"text\": \"set irons mana regen = 2\", \"color\": \"green\"}",
                "permission_level": 4
            },
            {
                "type": "origins:delay",
                "ticks": 420,
                "action": {
                    "type": "origins:execute_command",
                    "command": "tellraw @a {\"text\": \"set ars mana regen = 1\", \"color\": \"red\"}",
                    "permission_level": 4
                }
            },
            {
                "type": "origins:delay",
                "ticks": 420,
                "action": {
                    "type": "origins:execute_command",
                    "command": "tellraw @a {\"text\": \"set irons mana regen = 1\", \"color\": \"red\"}",
                    "permission_level": 4
                }
            }
        ]
    },
    "cooldown": 1200,
    "hud_render": {
        "should_render": true,
        "bar_index": 19,
        "sprite_location": "origins:textures/gui/community/spiderkolo/resource_bar_03.png"
    },
    "key": {
        "key": "key.origins.primary_active"
    },
    "name": "Sourcerer",
    "description": "Once a minute you can double your mana regeneration for ten seconds"
}