{
    "type": "origins:multiple",
    "blood_resist": {
        "type": "origins:attribute",
            "modifier": {
                "attribute": "irons_spellbooks:blood_magic_resist",
                "operation": "addition",
                "value": 0.5
            }
    },
    "holy_weak": {
        "type": "origins:attribute",
            "modifier": {
                "attribute": "irons_spellbooks:holy_magic_resist",
                "operation": "addition",
                "value": -0.5
            }
    },
    "name": "The Damned",
    "description": "You are in tune with dark magics, but that makes holy magic all the more potenet agains you. You are resistant to blood magic and weak to holy magic"
}