{
  "type": "origins:multiple",
  "baseheight": {
    "type": "origins:action_on_callback",
    "entity_action_added": {
      "type": "origins:execute_command",
      "command": "scale set pehkui:height 1.25 @s",
      "permission_level": 4
    },
    "entity_action_chosen": {
      "type": "origins:execute_command",
      "command": "scale set pehkui:height 1.25 @s",
      "permission_level": 4
    },
    "entity_action_removed": {
      "type": "origins:execute_command",
      "command": "scale reset @s",
      "permission_level": 4
    },
    "entity_action_respawned": {
      "type": "origins:execute_command",
      "command": "scale set pehkui:height 1.25 @s",
      "permission_level": 4
    },
    "execute_chosen_when_orb": true
  },
  "basewidth": {
    "type": "origins:action_on_callback",
    "entity_action_added": {
      "type": "origins:execute_command",
      "command": "scale set pehkui:width 1.1 @s",
      "permission_level": 4
    },
    "entity_action_chosen": {
      "type": "origins:execute_command",
      "command": "scale set pehkui:width 1.1 @s",
      "permission_level": 4
    },
    "entity_action_respawned": {
      "type": "origins:execute_command",
      "command": "scale set pehkui:width 1.1 @s",
      "permission_level": 4
    },
    "execute_chosen_when_orb": true
  },
  "cpm_fix_height": {
    "type": "origins:action_on_callback",
    "entity_action_added": {
      "type": "origins:delay",
      "ticks": 40,
      "action": {
        "type": "origins:execute_command",
        "command": "scale set pehkui:height 1.25 @s",
        "permission_level": 4
      }
    },
    "entity_action_respawned": {
      "type": "origins:delay",
      "ticks": 40,
      "action": {
        "type": "origins:execute_command",
        "command": "scale set pehkui:height 1.25 @s",
        "permission_level": 4
      }
    }
  },
  "cpm_fix_width": {
    "type": "origins:action_on_callback",
    "entity_action_added": {
      "type": "origins:delay",
      "ticks": 40,
      "action": {
        "type": "origins:execute_command",
        "command": "scale set pehkui:width 1.1 @s",
        "permission_level": 4
      }
    },
    "entity_action_respawned": {
      "type": "origins:delay",
      "ticks": 40,
      "action": {
        "type": "origins:execute_command",
        "command": "scale set pehkui:width 1.1 @s",
        "permission_level": 4
      }
    }
  },
  "name": "Above average height",
  "description": "You are 2 and 1/2 blocks tall"
}