{
  "condition": "all_of",
  "terms": [
    {
      "condition": "entity_properties",
      "entity": "this",
      "predicate": {
        "equipment": {
          "head": {
            "tag": "netherweather:headwear"
          }
        }
      }
    },
    {
      "condition": "entity_properties",
      "entity": "this",
      "predicate": {
        "equipment": {
          "chest": {
            "tag": "netherweather:chestplates"
          }
        }
      }
    }
  ]
}