{
  "condition": "all_of",
  "terms": [
    {
      "condition": "entity_properties",
      "entity": "this",
      "predicate": {
        "equipment": {
          "head": {
             "items": [
              "leather_helmet"
            ]
          }
        }
      }
    },
    {
      "condition": "entity_properties",
      "entity": "this",
      "predicate": {
        "equipment": {
          "chest": {
             "items": [
              "leather_chestplate"
            ]
          }
        }
      }
    },
    {
      "condition": "entity_properties",
      "entity": "this",
      "predicate": {
        "equipment": {
          "legs": {
             "items": [
              "leather_leggings"
            ]
          }
        }
      }
    },
    {
      "condition": "entity_properties",
      "entity": "this",
      "predicate": {
        "equipment": {
          "feet": {
             "items": [
              "leather_boots"
            ]
          }
        }
      }
    }
  ]
}