{
  "parent": "minecraft:story/root",
  "display": {
    "icon": {
      "item": "majruszsdifficulty:advancement_bleeding"
    },
    "title": {
      "translate": "advancements.progressive_difficulty.bleeding.title"
    },
    "description": {
      "translate": "advancements.progressive_difficulty.bleeding.description"
    },
    "frame": "task",
    "show_toast": true,
    "announce_to_chat": false,
    "hidden": true
  },
  "criteria": {
    "bleeding_applied": {
      "trigger": "majruszsdifficulty:basic_trigger",
      "conditions": {
        "type": "bleeding_received"
      }
    }
  },
  "requirements": [
    [
      "bleeding_applied"
    ]
  ]
}