{
  "condition": "any_of",
  "terms": [
    {
      "condition": "entity_properties",
      "entity": "this",
      "predicate": {
        "nbt": "{Item:{id:\"minecraft:ancient_debris\"}}"
      }
    },
    {
      "condition": "entity_properties",
      "entity": "this",
      "predicate": {
        "nbt": "{Item:{id:\"minecraft:netherite_scrap\"}}"
      }
    },
    {
      "condition": "entity_properties",
      "entity": "this",
      "predicate": {
        "nbt": "{Item:{id:\"minecraft:netherite_ingot\"}}"
      }
    },
    {
      "condition": "entity_properties",
      "entity": "this",
      "predicate": {
        "nbt": "{Item:{id:\"minecraft:netherite_block\"}}"
      }
    },
    {
      "condition": "entity_properties",
      "entity": "this",
      "predicate": {
        "nbt": "{Item:{id:\"minecraft:netherite_shovel\"}}"
      }
    },
    {
      "condition": "entity_properties",
      "entity": "this",
      "predicate": {
        "nbt": "{Item:{id:\"minecraft:netherite_pickaxe\"}}"
      }
    },
    {
      "condition": "entity_properties",
      "entity": "this",
      "predicate": {
        "nbt": "{Item:{id:\"minecraft:netherite_axe\"}}"
      }
    },
    {
      "condition": "entity_properties",
      "entity": "this",
      "predicate": {
        "nbt": "{Item:{id:\"minecraft:netherite_hoe\"}}"
      }
    },
    {
      "condition": "entity_properties",
      "entity": "this",
      "predicate": {
        "nbt": "{Item:{id:\"minecraft:netherite_sword\"}}"
      }
    },
    {
      "condition": "entity_properties",
      "entity": "this",
      "predicate": {
        "nbt": "{Item:{id:\"minecraft:netherite_helmet\"}}"
      }
    },
    {
      "condition": "entity_properties",
      "entity": "this",
      "predicate": {
        "nbt": "{Item:{id:\"minecraft:netherite_chestplate\"}}"
      }
    },
    {
      "condition": "entity_properties",
      "entity": "this",
      "predicate": {
        "nbt": "{Item:{id:\"minecraft:netherite_leggings\"}}"
      }
    },
    {
      "condition": "entity_properties",
      "entity": "this",
      "predicate": {
        "nbt": "{Item:{id:\"minecraft:netherite_boots\"}}"
      }
    }
  ]
}