{
  "condition": "any_of",
  "terms": [
    {
      "condition": "location_check",
      "entity": "this",
      "predicate": {
        "block": {
          "tag": "netherweather:heating"
        }
      }
    },
    {
      "condition": "location_check",
      "entity": "this",
      "predicate": {
        "fluid": {
          "tag": "lava"
        }
      }
    },
    {
      "condition": "entity_properties",
      "entity": "this",
      "predicate": {
        "flags": {
          "is_on_fire": true
        }
      }
    }
  ]
}