{
	"name": "Harpy's Gale",
    "description": "Every 15 seconds, you are able to spend some 🍖hunger to launch about 20 blocks into the air.",
	"type": "origins:multiple",
		
	"gale": {
		"type": "origins:launch",
		"cooldown": 300,
		"hud_render": {
			"sprite_location": "origins:textures/gui/resource_bar.png",
				"bar_index": 4
		},
		"sound": "minecraft:entity.parrot.fly",
		"speed": 2,
		"key": {
			"key": "key.origins.primary_active",
			"continuous": true
		},
		"condition": {
			"type": "origins:food_level",
			"comparison": ">=",
			"compare_to": 6
		}
	},

	"hungry": {
		"type": "origins:active_self",
		"key": {
			"key": "key.origins.primary_active",
			"continuous": true
		},
		"cooldown": 300,
		"hud_render": {
			"should_render": false
		},
		"entity_action": {
			"type": "origins:exhaust",
			"amount": 15.0
		},
		"condition": {
			"type": "origins:food_level",
			"comparison": ">=",
			"compare_to": 6
		},
		"hidden": true
	}
}