{
    "type": "origins:multiple",
    "nature_resist": {
        "type": "origins:attribute",
            "modifier": {
                "attribute": "irons_spellbooks:evocation_magic_resist",
                "operation": "addition",
                "value": 0.5
            }
    },
    "cold_weak": {
        "type": "origins:attribute",
            "modifier": {
                "attribute": "irons_spellbooks:lightning_magic_resist",
                "operation": "addition",
                "value": -0.5
            }
    },
    "name": "Poison Soul",
    "description": "Ground bound magic is no threat to you, but the sky holds danger. You are resistant to evocation magic and weak to lightning magic"
}