{
	"type": "origins:multiple",
	"underwater": {
		"type": "origins:modify_break_speed",
		"modifier": {
			"operation": "multiply_total",
			"value": 4
		},
		"condition": {
			"type": "origins:and",
			"conditions": [
				{
					"type": "origins:submerged_in",
					"fluid": "minecraft:water"
				},
				{
					"type": "origins:enchantment",
					"enchantment": "minecraft:aqua_affinity",
					"comparison": "==",
					"compare_to": 0
				}
			]
		}
	},
	"ungrounded": {
		"type": "origins:modify_break_speed",
		"modifier": {
			"operation": "multiply_total",
			"value": 4
		},
		"condition": {
			"type": "origins:and",
			"conditions": [
				{
					"type": "origins:fluid_height",
					"fluid": "minecraft:water",
					"comparison": ">",
					"compare_to": 0
				},
				{
					"type": "origins:on_block",
					"inverted": true
				}
			]
		}
	},
	"amphibious": {
		"type": "origins:action_over_time",
		"condition": {
			"type": "origins:submerged_in",
			"fluid": "minecraft:water"
		},
		"entity_action": {
			"type": "origins:gain_air",
			"value": 40
		},
		"interval": 20
	},
	"waterspeed": {
		"type": "origins:modify_swim_speed",
		"modifier": {
			"operation":"multiply_base",
			"value":1.5
		}
	},
	"name": "Amphibious",
	"description": "You are amphibious. You are just as agile in water as on land, and you will not drown"
}