{
    "type": "origins:multiple",
    "ice_resist": {
        "type": "origins:attribute",
            "modifier": {
                "attribute": "irons_spellbooks:ice_magic_resist",
                "operation": "addition",
                "value": 0.5
            }
    },
    "lightning_weak": {
        "type": "origins:attribute",
            "modifier": {
                "attribute": "irons_spellbooks:lightning_magic_resist",
                "operation": "addition",
                "value": -0.5
            }
    },
    "name": "Aquaticbound",
    "description": "Your form is adapted to the cold thanks to your aquatic ties, but lightning magic is your bane."
}