{
  "type": "origins:multiple",
  "raw-carnivore": {
    "type": "origins:restrict_item_use",
    "item_condition": {
      "type": "origins:and",
      "conditions": [
        {
          "type": "origins:item_tag",
          "tag": "mystbound-origins:items/food"
        },
        {
          "type": "origins:not",
          "condition": {
            "type": "origins:item_tag",
            "tag": "mystbound-origins:items/raw_meat"
          }
        }
      ]
    }
  },
  "dragon":{
        "type": "origins:item_action",
        "item_condition": {
        "type": "origins:ingredient",
        "ingredient": {
            "item": "butcher:rawdragonmeat"
        }
        },
        "entity_action": {
        "type": "origins:and",
        "actions": [
            {
            "type": "origins:consume",
            "amount": 1
            },
            {
            "type": "origins:grant_power",
            "power": "mystbound:siren-origin/flesh-evolve/dragon-meat"
            }
        ]
        },
        "condition": {
        "type": "origins:has_power",
        "power": "mystbound:siren-origin/flesh-evolve/dragon-meat",
        "inverted": true
        }
    },
    "elder":{
        "type": "origins:item_action",
        "item_condition": {
        "type": "origins:ingredient",
        "ingredient": {
            "item": "butcher:raweldermeat"
        }
        },
        "entity_action": {
        "type": "origins:and",
        "actions": [
            {
            "type": "origins:consume",
            "amount": 1
            },
            {
            "type": "origins:grant_power",
            "power": "mystbound:siren-origin/flesh-evolve/elder-meat"
            }
        ]
        },
        "condition": {
        "type": "origins:has_power",
        "power": "mystbound:siren-origin/flesh-evolve/elder-meat",
        "inverted": true
        }
    },
    "human":{
        "type": "origins:item_action",
        "item_condition": {
        "type": "origins:ingredient",
        "ingredient": {
            "item": "butcher:humanmeat"
        }
        },
        "entity_action": {
        "type": "origins:and",
        "actions": [
            {
            "type": "origins:consume",
            "amount": 1
            },
            {
            "type": "origins:grant_power",
            "power": "mystbound:siren-origin/flesh-evolve/human-meat"
            }
        ]
        },
        "condition": {
        "type": "origins:has_power",
        "power": "mystbound:siren-origin/flesh-evolve/human-meat",
        "inverted": true
        }
    },
    "pillager":{
        "type": "origins:item_action",
        "item_condition": {
        "type": "origins:ingredient",
        "ingredient": {
            "item": "butcher:pillagermeat"
        }
        },
        "entity_action": {
        "type": "origins:and",
        "actions": [
            {
            "type": "origins:consume",
            "amount": 1
            },
            {
            "type": "origins:grant_power",
            "power": "mystbound:siren-origin/flesh-evolve/pillager-meat"
            }
        ]
        },
        "condition": {
        "type": "origins:has_power",
        "power": "mystbound:siren-origin/flesh-evolve/pillager-meat",
        "inverted": true
        }
    },
    "witch":{
        "type": "origins:item_action",
        "item_condition": {
        "type": "origins:ingredient",
        "ingredient": {
            "item": "butcher:rawwitchmeat"
        }
        },
        "entity_action": {
        "type": "origins:and",
        "actions": [
            {
            "type": "origins:consume",
            "amount": 1
            },
            {
            "type": "origins:grant_power",
            "power": "mystbound:siren-origin/flesh-evolve/witch-meat"
            }
        ]
        },
        "condition": {
        "type": "origins:has_power",
        "power": "mystbound:siren-origin/flesh-evolve/witch-meat",
        "inverted": true
        }
    },
    "wither":{
        "type": "origins:item_action",
        "item_condition": {
        "type": "origins:ingredient",
        "ingredient": {
            "item": "butcher:witheredheart"
        }
        },
        "entity_action": {
        "type": "origins:and",
        "actions": [
            {
            "type": "origins:consume",
            "amount": 1
            },
            {
            "type": "origins:grant_power",
            "power": "mystbound:siren-origin/flesh-evolve/withered_heart"
            }
        ]
        },
        "condition": {
        "type": "origins:has_power",
        "power": "mystbound:siren-origin/flesh-evolve/withered_heart",
        "inverted": true
        },
        "name": "Soul Eater",
        "description": "Eating the flesh of powerful beings grants you the power of their soul \n the first time you eat the following you will recieve permanent hearts: \n - Dragon Meat \n - Elder Meat \n - Human Meat \n - Pillager Meat \n - Witch Meat \n - Withered Heart"
    }
}