{
	"type": "origins:multiple",
	"active": {
		"type": "origins:active_self",
		"entity_action": {
			"type": "origins:and",
			"actions": [
				{
					"type": "origins:execute_command",
					"command": "scale set pehkui:visibility 0 @s"
				},
				{
					"type": "origins:execute_command",
					"command": "playsound mystbound-origins:sirens_song player @a ~ ~ ~ 0.6 1"
				},
				{
					"type": "origins:area_of_effect",
					"radius": 48,
					"bientity_action": {
						"type": "origins:target_action",
						"action": {
							"type": "origins:and",
							"actions": [
								{
									"type": "origins:grant_power",
									"power": "mystbound-origins:siren/captivated",
									"source": "mystbound-origins:siren/siren_song_active"
								},
								{
									"type": "origins:execute_command",
									"command": "data modify entity @s AngryTime set value 0"
								}
							]
						}
					},
					"bientity_condition": {
						"type": "apoli:target_condition",
						"condition": {
							"type": "origins:and",
							"conditions": [
								{
									"type": "origins:in_tag",
									"tag": "mystbound-origins:bosses",
									"inverted": true
								},
								{
									"type": "origins:entity_type",
									"entity_type": "minecraft:player",
									"inverted": true
								}
							]
						}
					}
				},
				{
					"type": "origins:delay",
					"ticks": 20,
					"action": {
						"type": "origins:execute_command",
						"command": "scale reset pehkui:visibility @s"
					}
				}
			]
		},
		"cooldown": 1500,
		"key": {
			"key": "key.origins.primary_active",
			"continuous": false
		},
		"hud_render": {
			"should_render": true,
			"sprite_location": "origins:textures/gui/resource_bar.png",
			"bar_index": 1
		}
	},
	"ground_effect": {
		"type": "origins:action_over_time",
		"interval": 20,
		"entity_action": {
			"type": "origins:execute_command",
			"command": "particle minecraft:sculk_charge_pop ~ ~0.2 ~ 7 0.5 7 0 85"
		},
		"condition": {
			"type": "origins:resource",
			"resource": "*:*_active",
			"comparison": ">=",
			"compare_to": 1170
		}
	},
	"small_effect": {
		"type": "origins:action_over_time",
		"interval": 7,
		"entity_action": {
			"type": "origins:execute_command",
			"command": "particle minecraft:bubble_pop ~ ~0.8 ~ 1.5 0.3 1.5 0 10"
		},
		"condition": {
			"type": "origins:resource",
			"resource": "*:*_active",
			"comparison": ">=",
			"compare_to": 1170
		}
	},
	"sound_waves": {
		"type": "origins:action_over_time",
		"interval": 50,
		"entity_action": {
			"type": "origins:execute_command",
			"command": "particle minecraft:sonic_boom ^ ^1.7 ^-0.8 0 0 0 0 1"
		},
		"condition": {
			"type": "origins:resource",
			"resource": "*:*_active",
			"comparison": ">=",
			"compare_to": 1170
		}
	},
	"apply": {
		"type": "apugli:mobs_ignore",
		"mob_condition": {
			"type": "origins:power",
			"power": "mystbound-origins:siren-origin/captivated",
			"source": "mystbound-origins:siren-origin/siren_song_active"
		}
	},
	"name": "Siren Song",
	"description": "Your voice can temporarily hypnotize nearby mobs, causing them to no longer be agressive"
}